Date,Open,High,Low,Close,Volume
1993-01-29,24.0706413304314,24.0706413304314,23.950886895951641,24.053533554077148,1003200
1993-02-01,24.070639400158896,24.224609375,24.070639400158896,24.224609375,480500
1993-02-02,24.207506919091987,24.293045812799026,24.156183582867765,24.275938034057617,201300
1993-02-03,24.31014783345838,24.549656679108217,24.293040058769108,24.532548904418945,529400
1993-02-04,24.618088910314775,24.686520012219749,24.344364502694873,24.635196685791016,531500
1993-02-05,24.618083953857422,24.669407269953023,24.481221777602478,24.618083953857422,492100
1993-02-08,24.618083953857422,24.703622814016757,24.583868409793684,24.618083953857422,596100
1993-02-09,24.532554655829205,24.532554655829205,24.39569242622904,24.447015762329102,122100
1993-02-10,24.446995180024711,24.498318472914896,24.378564122837798,24.481210708618164,379600
1993-02-11,24.515443783310424,24.703629325261865,24.515443783310424,24.600982666015625,19500
1993-02-12,24.566777518686084,24.566777518686084,24.412807464599613,24.412807464599609,42500
1993-02-16,24.344363854995823,24.344363854995823,23.76269950427913,23.796915054321289,374800
1993-02-17,23.796923454888432,23.83113901700905,23.694276768526585,23.779815673828125,210900
1993-02-18,24.053539020711352,24.053539020711352,23.437658931987588,23.762706756591797,378100
1993-02-19,23.762710520663596,23.848249435424805,23.728494954759114,23.848249435424805,34900
1993-02-22,23.916672892703424,23.967996225091198,23.848241782853055,23.933780670166016,513600
1993-02-23,24.002210636166204,24.019318412813504,23.796917316398567,23.916671752929688,373700
1993-02-24,23.933777200300138,24.224609375,23.933777200300138,24.224609375,26300
1993-02-25,24.207506919091987,24.293045812799026,24.156183582867765,24.275938034057617,44500
1993-02-26,24.327263648874066,24.327263648874066,24.190401406123719,24.310155868530273,66200
1993-03-01,24.395678677017113,24.395678677017113,24.207493217376729,24.241708755493164,66500
1993-03-02,24.258827135194821,24.600982666015625,24.224611582112743,24.600982666015625,182400
1993-03-03,24.635186023659326,24.720724864019253,24.600970487515355,24.703617095947266,280100
1993-03-04,24.73784258106625,24.73784258106625,24.566764831542969,24.566764831542969,89500
1993-03-05,24.600979623847834,24.703626270400747,24.481225202869439,24.498332977294922,40000
1993-03-08,24.549665972183313,25.045791625976566,24.549665972183313,25.045791625976562,50800
1993-03-09,24.994451134559469,25.011558903987641,24.908912287418609,24.960235595703125,169300
1993-03-10,24.960237128626957,25.011560440063477,24.857590505753919,25.011560440063477,194400
1993-03-11,25.028671263340243,25.097102353602281,24.908916855381676,24.943132400512695,70900
1993-03-12,24.737839125793837,24.754946898356625,24.532545855040361,24.686515808105469,643600
1993-03-15,24.669419797700026,24.806282043457031,24.669419797700026,24.806282043457031,310800
1993-03-16,24.806282043457031,24.874713166335535,24.806282043457031,24.806282043457031,30800
1993-03-17,24.772046620609199,24.772046620609199,24.61807671758055,24.652292251586914,21800
1993-03-18,24.754958701298154,24.908928727774786,24.754958701298154,24.806282043457031,59300
1993-03-19,24.906229138291604,24.906229138291604,24.768720626831055,24.768720626831055,66900
1993-03-22,24.528088447852976,24.682785571910912,24.510899878513204,24.631219863891602,183400
1993-03-23,24.699977420498737,24.717165992120517,24.648411705633393,24.682788848876953,55200
1993-03-24,24.648411705633393,24.785920278607637,24.528091704280929,24.682788848876953,37200
1993-03-25,24.699972002234013,24.889046248597669,24.665594866531531,24.837480545043945,110100
1993-03-26,24.820301711600774,24.837490286193294,24.682793114860605,24.699981689453125,101500
1993-03-29,24.717165359423049,24.923428213604605,24.717165359423049,24.803108215332031,87100
1993-03-30,24.83747955512078,24.871856689453125,24.803102420788431,24.871856689453125,56000
1993-03-31,24.940606669931164,25.00936092677453,24.854663848876957,24.854663848876953,111600
1993-04-01,24.889040574359036,24.889040574359036,24.717154935033353,24.768720626831055,129500
1993-04-02,24.562474731347987,24.562474731347987,24.253080368041992,24.253080368041992,59400
1993-04-05,24.442154035581687,24.442154035581687,24.304645433412453,24.37339973449707,172200
1993-04-06,24.424946397838024,24.424946397838024,24.23587221741845,24.30462646484375,129700
1993-04-07,24.339021130293673,24.390586853027344,24.28745540756,24.390586853027344,28000
1993-04-08,24.493711635775355,24.493711635775355,24.253071661809841,24.356203079223633,180800
1993-04-12,24.596850241897997,24.717170264045645,24.562473092712953,24.699981689453125,348500
1993-04-13,24.682790660858156,24.837487816810611,24.665602087974552,24.751544952392578,146100
1993-04-14,24.768732617395475,24.785921189649049,24.699978328381192,24.717166900634766,119600
1993-04-15,24.699978328381192,24.768732617395475,24.614035467113339,24.717166900634766,148600
1993-04-16,24.734355472888335,24.768732617395475,24.682789756127622,24.717166900634766,47900
1993-04-19,24.71716608281908,24.785920369558493,24.596846081025106,24.614034652709961,157000
1993-04-20,24.579658146908411,24.61403529116982,24.339018137078536,24.493715286254883,279500
1993-04-21,24.545276722211518,24.545276722211518,24.407768169145907,24.476522445678711,67900
1993-04-22,24.373396204681178,24.579659078063532,24.167133331298828,24.167133331298828,97700
1993-04-23,24.115559154238021,24.184313421249392,24.02961632047381,24.063993453979492,106000
1993-04-26,24.081196164981851,24.167139049225185,23.806178935403189,23.874933242797852,62600
1993-04-27,23.840549553221788,24.132755279541016,23.840549553221788,24.132755279541016,156800
1993-04-28,24.0983691382289,24.149934835386308,24.046803441071493,24.081180572509766,85900
1993-04-29,24.132745218175305,24.184310913085938,23.995236698413624,24.184310913085938,85000
1993-04-30,24.270260395946188,24.356203244373763,24.218694686889648,24.218694686889648,88500
1993-05-03,24.253079707598989,24.37339973449707,24.149948255972063,24.37339973449707,80500
1993-05-04,24.424954377507461,24.545274349810452,24.390577242563747,24.459331512451172,149100
1993-05-05,24.459350458959143,24.614047686036184,24.459350458959143,24.528104782104492,109000
1993-05-06,24.493713922138458,24.510902493311885,24.424959637444733,24.442148208618164,54700
1993-05-07,24.459341150005574,24.459341150005574,24.35620970453823,24.390586853027344,68000
1993-05-10,24.424959637444733,24.57965677800561,24.424959637444733,24.442148208618164,113900
1993-05-11,24.442143328049603,24.54527473449707,24.373389057084626,24.54527473449707,42600
1993-05-12,24.442150022338183,24.528092884582691,24.442150022338183,24.510904312133789,31000
1993-05-13,24.407768953430306,24.407768953430306,24.201506117204133,24.218694686889648,129100
1993-05-14,24.218698047778823,24.287452336062085,24.184320903637193,24.201509475708008,63500
1993-05-17,24.270258407430791,24.287446975708008,24.16712699776749,24.287446975708008,34000
1993-05-18,24.304640815886152,24.321829387891729,24.184320811847112,24.270263671875,105200
1993-05-19,24.270252272786571,24.768720626831055,24.115555197393459,24.768720626831055,50200
1993-05-20,24.768726273638979,24.837480545043945,24.717160570085255,24.837480545043945,98200
1993-05-21,24.854674656297906,24.889051799667612,24.596846081025106,24.614034652709961,221400
1993-05-24,24.665601183874053,24.803109761902618,24.665601183874053,24.717166900634766,30500
1993-05-25,24.82028631862876,24.82028631862876,24.768720626831055,24.768720626831055,191800
1993-05-26,24.837483117807555,25.095311662283066,24.820294548175855,25.078123092651367,102400
1993-05-27,25.112511355414512,25.112511355414512,24.95781416020662,24.992191314697266,53800
1993-05-28,24.974988092450168,24.974988092450168,24.751536719289909,24.871856689453125,79100
1993-06-01,24.957807803300863,25.198447823442883,24.923430657566289,25.112504959106445,28300
1993-06-02,25.043745953387965,25.16406594080987,24.94061453559776,25.078123092651367,20300
1993-06-03,25.026568469187907,25.026568469187907,24.9406255829613,24.992191314697266,21600
1993-06-04,24.923425217675209,24.923425217675209,24.803105233865743,24.90623664855957,32000
1993-06-07,24.957794305690438,24.957794305690438,24.820285797119141,24.820285797119141,121400
1993-06-08,24.751527414381883,24.751527414381883,24.596830368041996,24.596830368041992,104500
1993-06-09,24.682788848876957,24.785920278607637,24.648411705633393,24.682788848876953,43300
1993-06-10,24.665604540268081,24.717170264045645,24.614038816490517,24.699981689453125,17900
1993-06-11,24.785919644150233,24.837485357695623,24.699976788241255,24.803108215332031,647400
1993-06-14,24.837474882561331,24.854663446493898,24.768720626831055,24.768720626831055,64200
1993-06-15,24.803109761902618,24.820298334156188,24.717166900634766,24.717166900634766,142400
1993-06-16,24.717154935033353,24.768720626831055,24.648400679303077,24.768720626831055,330900
1993-06-17,24.820286720455272,24.854663848876957,24.768721027822746,24.854663848876953,37400
1993-06-18,24.840412019343855,24.840412019343855,24.649997711181641,24.649997711181641,58500
1993-06-21,24.719241392888136,24.719241392888136,24.667310213491312,24.701930999755859,29300
1993-06-22,24.736550580887567,24.736550580887567,24.684619404020765,24.719240188598633,137500
1993-06-23,24.719232878668148,24.719232878668148,24.494197845458981,24.494197845458984,227600
1993-06-24,24.563450837235074,24.82310676574707,24.563450837235074,24.82310676574707,243700
1993-06-25,24.805791854858398,24.875033423190175,24.788481462775454,24.805791854858398,44800
1993-06-28,24.926962526688662,25.082756042480469,24.892341745401595,25.082756042480469,439900
1993-06-29,25.04813221919553,25.04813221919553,24.926959499406749,24.961580276489258,207500
1993-06-30,24.996201053571767,25.04813221919553,24.926959499406749,24.961580276489258,437600
1993-07-01,24.996203957081505,24.996203957081505,24.857720832665542,24.892341613769531,605700
1993-07-02,24.805797383501812,24.823107779442847,24.667314215973541,24.753866195678711,285400
1993-07-06,24.719232878668148,24.788474427347889,24.45957707111911,24.494197845458984,246400
1993-07-07,24.476884582498027,24.598057278450984,24.476884582498027,24.563436508178711,343700
1993-07-08,24.580767588332971,24.892354783114655,24.546146788912782,24.840423583984375,248200
1993-07-09,24.840416851931767,24.909658432006839,24.788485666875463,24.909658432006836,378200
1993-07-12,24.875031223217537,24.909652004321529,24.840410442113548,24.892341613769531,373700
1993-07-13,24.9096474776935,24.978889027318775,24.736543603630306,24.875026702880859,389600
1993-07-14,24.89233872232424,25.030821830654276,24.875028333782986,24.961580276489258,617300
1993-07-15,24.944277111202229,24.944277111202229,24.805793962770849,24.857725143432617,443800
1993-07-16,24.875028888606494,24.892339277533846,24.753856166115021,24.788476943969727,216400
1993-07-19,24.788489596982004,24.788489596982004,24.701937608165725,24.77117919921875,188200
1993-07-20,24.753871585433906,24.840423583984375,24.632698787463251,24.840423583984375,68500
1993-07-21,24.805796370512937,24.82310676574707,24.736554789576406,24.82310676574707,142700
1993-07-22,24.788480844390524,24.823101627692747,24.649997711181641,24.649997711181641,632400
1993-07-23,24.701937608165725,24.771179199218746,24.684627210402471,24.77117919921875,286200
1993-07-26,24.840416851931767,24.96158961706314,24.840416851931767,24.909658432006836,121300
1993-07-27,24.926962394873524,24.944272785425522,24.805789661009555,24.892341613769531,92800
1993-07-28,24.840423583984375,24.892354783114655,24.805802784564186,24.840423583984375,30800
1993-07-29,24.892347030481034,25.048140579350523,24.85772624184337,24.978899002075195,331000
1993-07-30,24.978906781665124,24.978906781665124,24.805802784564186,24.840423583984375,75300
1993-08-02,24.875037641969303,24.996210407100676,24.875037641969303,24.909658432006836,41300
1993-08-03,24.961580769220991,25.030822324752808,24.840408047040306,24.926959991455078,81600
1993-08-04,24.926959991455082,24.978891158103945,24.85771843592326,24.926959991455078,434000
1993-08-05,24.926957865099819,24.926957865099819,24.840405928068222,24.875026702880859,36800
1993-08-06,24.944279222044372,24.96158961706314,24.875037641969303,24.909658432006836,402300
1993-08-09,24.978894193500341,25.117377321392237,24.926963020540882,25.048135757446289,828200
1993-08-10,25.030830383300781,25.048140777756728,24.996209594388883,25.030830383300781,604900
1993-08-11,25.013519988844831,25.100071961124574,25.013519988844831,25.030830383300781,542200
1993-08-12,25.100063384819297,25.100063384819297,24.875028333782986,24.961580276489258,303700
1993-08-13,24.978903515517217,25.013524310410517,24.978903515517217,24.996213912963867,103500
1993-08-16,25.013518484499173,25.203932812062835,25.013518484499173,25.13469123840332,241800
1993-08-17,25.117382444906664,25.221244812011722,25.117382444906664,25.221244812011719,369300
1993-08-18,25.307802386495442,25.411664776590499,25.290491988146265,25.359733581542969,414300
1993-08-19,25.377043979892147,25.377043979892147,25.325112784844617,25.359733581542969,28500
1993-08-20,25.307785963133934,25.377027511596683,25.290475576018249,25.37702751159668,80700
1993-08-23,25.273164969474912,25.342406517336489,25.273164969474912,25.325096130371094,15600
1993-08-24,25.325107355227416,25.602073669433594,25.325107355227416,25.602073669433594,273400
1993-08-25,25.602083900812509,25.723256711702088,25.5674630977012,25.619394302368164,242300
1993-08-26,25.636684417724606,25.775167520588752,25.532822090576499,25.636684417724609,120000
1993-08-27,25.5674630977012,25.619394302368164,25.5674630977012,25.619394302368164,25700
1993-08-30,25.636691749336585,25.75786449899584,25.636691749336585,25.723243713378906,183500
1993-08-31,25.705932322764557,25.792484283447266,25.671311538491473,25.792484283447266,66500
1993-09-01,25.705936628003276,25.809798998217431,25.705936628003276,25.757867813110352,136500
1993-09-02,25.775176603249097,25.80979739116481,25.654003845544096,25.671314239501953,472400
1993-09-03,25.65399502294083,25.723236574959561,25.619374246931461,25.688615798950195,630500
1993-09-07,25.688627871923561,25.723248664203783,25.480903118242239,25.515523910522461,196400
1993-09-08,25.515522312192875,25.515522312192875,25.255866386356448,25.428970336914062,269900
1993-09-09,25.325104370065354,25.498208296039827,25.325104370065354,25.480897903442383,239200
1993-09-10,25.550144773541074,25.723248735421432,25.515523981165,25.705938339233398,106500
1993-09-13,25.79248528461277,25.79248528461277,25.72324371337891,25.723243713378906,66900
1993-09-14,25.654015105479473,25.654015105479473,25.532842294589894,25.619394302368164,184500
1993-09-15,25.515511918903361,25.70592618695488,25.428959978879945,25.688615798950195,101000
1993-09-16,25.653990762320845,25.671301147450617,25.56743883667199,25.584749221801758,54300
1993-09-17,25.569998482239683,25.587416737336579,25.50032546185211,25.535161972045898,200900
1993-09-20,25.569985359538208,25.622240098011378,25.326129913330078,25.326129913330078,57800
1993-09-21,25.360966189471995,25.395802681490498,24.977764777268433,25.239038467407227,318200
1993-09-22,25.326137046631196,25.482901306204564,25.29130054450378,25.448064804077148,439700
1993-09-23,25.517740775485521,25.604832040930866,25.482904269307383,25.587413787841797,88500
1993-09-24,25.552578665046564,25.569996919078633,25.482905648918283,25.517742156982422,53500
1993-09-27,25.709326023511352,25.796417236328125,25.709326023511352,25.796417236328125,274600
1993-09-28,25.813836486155676,25.813836486155676,25.726745269940576,25.744163513183594,158300
1993-09-29,25.744167110342115,25.813840093049404,25.622239390604367,25.657075881958008,221000
1993-09-30,25.657080720395459,25.709335467280173,25.552571226626029,25.604825973510742,99300
1993-10-01,25.56998710141605,25.761587822203229,25.535150606727473,25.726751327514648,22700
1993-10-04,25.761581420898438,25.761581420898438,25.691908448833804,25.761581420898438,1038500
1993-10-05,25.813842564236094,25.813842564236094,25.639660090793207,25.726751327514648,436500
1993-10-06,25.744177554681052,25.848687071141189,25.709341049194336,25.709341049194336,209200
1993-10-07,25.744180855543718,25.744180855543718,25.622253070706908,25.639671325683594,59400
1993-10-08,25.709328370631308,25.726746614784851,25.482891196635233,25.674491882324219,54400
1993-10-11,25.726751327514648,25.779006069547517,25.726751327514648,25.726751327514648,467100
1993-10-12,25.761581420898438,25.778999663914597,25.744163177882282,25.761581420898438,26200
1993-10-13,25.778999663914597,25.778999663914597,25.726744934866122,25.761581420898438,139100
1993-10-14,25.866107253111569,26.092544555664062,25.796434236941572,26.092544555664062,108100
1993-10-15,26.214458128687237,26.28413110710235,26.144785150272121,26.231876373291016,1502500
1993-10-18,26.214472857042253,26.214472857042253,26.127381585091946,26.16221809387207,722400
1993-10-19,26.127375827228999,26.179630578883458,25.970611572265625,25.970611572265625,880100
1993-10-20,26.057692582065915,26.057692582065915,25.953183119838378,26.005437850952148,230400
1993-10-21,26.022866323920084,26.022866323920084,25.935775071162652,25.970611572265625,56200
1993-10-22,26.00544664994726,26.109956147535794,25.848682403564457,25.848682403564453,390700
1993-10-25,25.866095481380341,25.953186711957379,25.796422496918709,25.918350219726562,114500
1993-10-26,25.900941848754883,25.918360101511276,25.813850584972922,25.900941848754883,186200
1993-10-27,25.866095481380341,25.935768465841971,25.866095481380341,25.918350219726562,118400
1993-10-28,25.953200074972671,26.179637391063036,25.953200074972671,26.109964370727539,129600
1993-10-29,26.092546115643664,26.127382625811414,26.075127860559792,26.109964370727539,80700
1993-11-01,26.075115078223678,26.197042804040358,26.075115078223678,26.179624557495117,36400
1993-11-02,26.144799839482008,26.197054602652191,26.005453804361515,26.16221809387207,262100
1993-11-03,26.144792992764842,26.144792992764842,25.709336747049239,25.831264495849609,479100
1993-11-04,25.83126617306824,25.83126617306824,25.535155906755254,25.552574157714844,130400
1993-11-05,25.482891196635233,25.674491882324219,25.378381731713965,25.674491882324219,363200
1993-11-08,25.691922796450982,25.779014060167764,25.622249785477553,25.709341049194336,367600
1993-11-09,25.88351555361325,25.900933800957539,25.70933308017036,25.726751327514648,246900
1993-11-10,25.726749512457079,25.918350219726562,25.65707652799545,25.918350219726562,46500
1993-11-11,25.918355401956813,25.988028400349169,25.831264153966366,25.848682403564453,88900
1993-11-12,25.900938570059679,26.057702825023053,25.883520319508193,25.970611572265625,108200
1993-11-15,26.022860930269999,26.022860930269999,25.88351495473977,25.953187942504883,243300
1993-11-16,26.00543460833206,26.092525815995597,25.900925159135817,26.075107574462891,492600
1993-11-17,26.092543853698277,26.092543853698277,25.866106557237615,25.935779571533203,39600
1993-11-18,25.900940629849934,25.953195385659988,25.796431118229826,25.866104125976562,240800
1993-11-19,25.77900818324121,25.848681178331052,25.761589934468748,25.813844680786133,106000
1993-11-22,25.744167110342115,25.761585356018937,25.569984653573901,25.657075881958008,165300
1993-11-23,25.796417236328125,25.81383547889148,25.657071295821289,25.796417236328125,89700
1993-11-24,25.866105343242101,25.918360101511276,25.831268837729315,25.900941848754883,77200
1993-11-26,25.970604958072787,25.970604958072787,25.900931973611154,25.918350219726562,1019800
1993-11-29,25.988027168510733,26.040281914828114,25.813844680786129,25.813844680786133,517500
1993-11-30,25.79642799619236,25.953192244649976,25.779009746363734,25.831264495849609,230000
1993-12-01,25.970613637596671,25.988031889533357,25.866104125976566,25.866104125976562,379200
1993-12-02,25.918361317959306,25.9531978251071,25.866106557237615,25.935779571533203,352000
1993-12-03,25.918359252521427,26.040287017822266,25.918359252521427,26.040287017822266,306000
1993-12-06,26.07511418914795,26.162205418904623,26.07511418914795,26.127368927001953,99500
1993-12-07,26.127382625811414,26.144800880895289,26.075127860559792,26.109964370727539,88800
1993-12-08,26.109964370727539,26.109964370727539,26.075127860559792,26.109964370727539,146700
1993-12-09,26.109943148601488,26.144779630454192,25.988015462117023,26.022851943969727,416500
1993-12-10,26.040284574471567,26.040284574471567,25.918356820611166,25.970611572265625,412900
1993-12-13,25.97060471343994,26.127368927001953,25.93576822153727,26.127368927001953,273200
1993-12-14,26.144798614419972,26.144798614419972,25.935779571533203,25.935779571533203,41900
1993-12-15,25.970614859780451,25.988033112536844,25.900941848754883,25.900941848754883,82600
1993-12-16,26.005440095794103,26.005440095794103,25.953185360169599,25.988021850585938,78200
1993-12-17,26.043164323640347,26.148389229998489,26.025626839247323,26.130851745605469,104700
1993-12-20,26.113307817372178,26.183457737633756,26.095770337306785,26.165920257568359,68800
1993-12-21,26.130851894396617,26.130851894396617,26.043164471932197,26.078239440917969,205700
1993-12-22,26.148378119917812,26.271140458508977,26.095765689093028,26.253602981567383,410300
1993-12-23,26.236074447631836,26.288686896390455,26.200999481792753,26.236074447631836,533800
1993-12-27,26.236069638678366,26.376369476318359,26.236069638678366,26.376369476318359,447100
1993-12-28,26.35883376482867,26.44652116923595,26.341296283947212,26.428983688354492,880600
1993-12-29,26.446521898440743,26.464059379805757,26.376371972980689,26.393909454345703,266700
1993-12-30,26.376372252725773,26.376372252725773,26.23607240031766,26.288684844970703,219900
1993-12-31,26.341309834613966,26.376384814420376,26.130859955775506,26.148397445678711,312900
1994-01-03,26.148389378889501,26.183464347875269,26.043164471932197,26.078239440917969,960900
1994-01-04,26.113310308641665,26.183460235595707,26.078235345164643,26.183460235595703,164300
1994-01-05,26.218536964712296,26.253611930551376,26.113312067195054,26.236074447631836,710900
1994-01-06,26.271149413470916,26.288686896390455,26.200999481792753,26.236074447631836,201000
1994-01-07,26.28868456615562,26.411446935710718,26.218534640695566,26.393909454345703,775500
1994-01-10,26.428993025971963,26.709592819213867,26.358843077661486,26.709592819213867,593700
1994-01-11,26.692040210021169,26.692040210021169,26.569277870027644,26.656965255737305,295200
1994-01-12,26.674518902467028,26.674518902467028,26.481606536965952,26.569293975830078,158400
1994-01-13,26.499147415161133,26.551759885211091,26.464072435127829,26.499147415161133,244300
1994-01-14,26.586828816463541,26.656978760570308,26.586828816463541,26.604366302490234,137200
1994-01-17,26.604366302490234,26.639441274543614,26.551753844410161,26.604366302490234,17700
1994-01-18,26.639432907104489,26.674507868140836,26.586820465549973,26.639432907104492,166400
1994-01-19,26.604368951375729,26.639443926921381,26.516681512511603,26.569293975830078,200800
1994-01-20,26.604357946068145,26.656970387622664,26.586820465549973,26.639432907104492,281100
1994-01-21,26.674525228213511,26.674525228213511,26.569300276622926,26.586837768554688,85600
1994-01-24,26.569296792642959,26.692059220067712,26.481609344482422,26.481609344482422,373800
1994-01-25,26.49914683411453,26.516684323746638,26.428996875586098,26.481609344482422,310400
1994-01-26,26.481592639434293,26.569280032280101,26.446517682295969,26.551742553710938,145100
1994-01-27,26.60437079374703,26.832358150582042,26.569295815772414,26.797283172607422,344500
1994-01-28,26.902498977302571,26.955111426410728,26.867424011230469,26.867424011230469,356500
1994-01-31,26.972661056073548,27.11296098354337,26.937586074206092,27.060348510742188,313800
1994-02-01,27.025272702394165,27.025272702394165,26.884972779214962,26.920047760009766,303600
1994-02-02,27.007727687798656,27.095415115356445,26.990190202287099,27.095415115356445,307600
1994-02-03,27.042815762781508,27.042815762781508,26.884978316695236,26.972665786743164,466100
1994-02-04,26.972650988611157,27.007725957386985,26.358839035034183,26.35883903503418,1403200
1994-02-07,26.28869695852924,26.551759303010851,26.28869695852924,26.481609344482422,516400
1994-02-08,26.534222395194437,26.534222395194437,26.39392247506122,26.499147415161133,188200
1994-02-09,26.516678872356778,26.621903788516924,26.481603900303398,26.604366302490234,144600
1994-02-10,26.586819232778346,26.604356712483344,26.376369476318359,26.376369476318359,883900
1994-02-11,26.393919414522792,26.534219318387365,26.271156998641288,26.464069366455078,519400
1994-02-14,26.411459965077874,26.586834865244391,26.37638498504457,26.499147415161133,2742100
1994-02-15,26.551745504513626,26.656970387622664,26.516670543477279,26.639432907104492,374700
1994-02-16,26.674520654640649,26.674520654640649,26.56929572109177,26.621908187866211,287600
1994-02-17,26.744669174184224,26.762206662167294,26.393919414522792,26.464069366455078,342400
1994-02-18,26.481599655151363,26.499137138366695,26.236074890136717,26.306224822998047,313300
1994-02-22,26.376381610329002,26.569293975830078,26.376381610329002,26.569293975830078,154500
1994-02-23,26.604372355261045,26.621909845277695,26.411459965077874,26.499147415161133,391700
1994-02-24,26.411459794226786,26.411459794226786,26.130859955775506,26.148397445678711,770800
1994-02-25,26.183466972432566,26.271154403686523,26.130854513680188,26.271154403686523,531300
1994-02-28,26.341304348689693,26.411454293692863,26.271154403686523,26.271154403686523,333000
1994-03-01,26.271145137960726,26.323757578156911,26.025620417045207,26.165920257568359,423600
1994-03-02,25.832707420410401,26.200994491577148,25.762557502092928,26.200994491577148,581500
1994-03-03,26.165926714391514,26.165926714391514,26.060701808033372,26.130851745605469,223200
1994-03-04,26.130844573259672,26.271144409894625,26.043157175362829,26.200994491577148,595800
1994-03-07,26.288699933596838,26.376387391680886,26.288699933596838,26.341312408447266,539800
1994-03-08,26.358836828068615,26.358836828068615,26.200999481792753,26.236074447631836,880300
1994-03-09,26.271151613094613,26.376376519422095,26.148389222379219,26.35883903503418,2500100
1994-03-10,26.341309834613966,26.341309834613966,26.060709996162686,26.148397445678711,207400
1994-03-11,26.183459955664617,26.32375980807273,26.043160103256501,26.288684844970703,576600
1994-03-14,26.393916652966627,26.393916652966627,26.288691736077723,26.323766708374023,345900
1994-03-15,26.376374755859374,26.428987205505369,26.288687339782712,26.306224822998047,748600
1994-03-16,26.341308687099076,26.516683578491214,26.253621241403007,26.516683578491211,455500
1994-03-17,26.428996132795145,26.551758556769641,26.428996132795145,26.516683578491211,133000
1994-03-18,26.387414715247242,26.546162531047525,26.369776069047212,26.510885238647461,365500
1994-03-21,26.422699483574988,26.493254088337537,26.369783530003073,26.440338134765625,324800
1994-03-22,26.440330653847337,26.563801177247559,26.387414715247242,26.510885238647461,435700
1994-03-23,26.493274688720707,26.563829348344463,26.475636023814765,26.493274688720703,698500
1994-03-24,26.387412562203213,26.440328496485705,26.052278311747425,26.175748825073242,1200500
1994-03-25,26.193403302406775,26.263957924096761,25.928823471069332,25.928823471069336,100900
1994-03-28,25.964086532592773,25.999363824077275,25.734784137943517,25.964086532592773,1117200
1994-03-29,25.964090771585891,25.981729420207891,25.452569961547852,25.452569961547852,338400
1994-03-30,25.470217583469331,25.540772202814122,25.09980583190918,25.09980583190918,1123900
1994-03-31,25.099802141517042,25.223272707216704,24.570642574232778,25.170356750488281,788800
1994-04-04,24.464807161487293,24.85285745532487,24.464807161487293,24.782302856445312,2627300
1994-04-05,25.029251050749583,25.293830871582031,25.029251050749583,25.293830871582031,1179000
1994-04-06,25.329108181026356,25.346746835748519,25.117444324360399,25.293830871582031,516500
1994-04-07,25.276188148217926,25.470213318929996,25.135078933154603,25.41729736328125,666100
1994-04-08,25.364383457423923,25.364383457423923,25.0998036577985,25.223274230957031,242400
1994-04-11,25.293828071657991,25.434937293815079,25.232092786964266,25.329105377197266,203300
1994-04-12,25.3555661631096,25.39966279991501,25.24091490741554,25.293830871582031,1409200
1994-04-13,25.284998151322561,25.346733410150346,24.976321857183638,25.161527633666992,364100
1994-04-14,25.117440793759851,25.302646642309345,25.064524837031428,25.170356750488281,419900
1994-04-15,25.161537424366873,25.276188663945131,25.126260119881255,25.170356750488281,387300
1994-04-18,25.196802177631035,25.267356751457093,24.923403204055059,25.002777099609375,369100
1994-04-19,24.976318262630301,25.135066048197867,24.826389798483156,25.038053512573242,472200
1994-04-20,25.064518344755403,25.126253611614406,24.879312544178394,25.011602401733398,508000
1994-04-21,25.117438266570979,25.382018023592444,25.02924501423049,25.34674072265625,200300
1994-04-22,25.408477146091546,25.426115797355752,25.249729284713673,25.320283889770508,301800
1994-04-25,25.311460794148381,25.602498496659496,25.311460794148381,25.584859848022461,394600
1994-04-26,25.549576063662915,25.593672674059295,25.505479453266531,25.558395385742188,399000
1994-04-28,25.505483593508149,25.54076088755173,25.293819829246672,25.373193740844727,287000
1994-04-29,25.329099421193842,25.487847258791856,25.293822123949841,25.452569961547852,481900
1994-05-02,25.452574536820087,25.805347572673451,25.364381277856747,25.611322402954102,275000
1994-05-03,25.620137145296535,25.628956469615051,25.434931334607644,25.584859848022461,183400
1994-05-04,25.637784083245212,25.637784083245212,25.443758885504792,25.540771484375,401900
1994-05-05,25.567224627873379,25.611321255379199,25.505489349365234,25.505489349365234,659800
1994-05-06,25.382021212711013,25.382021212711013,25.170357380499386,25.258550643920898,216300
1994-05-09,25.187981976720391,25.25853654808375,24.993956905471141,25.038053512573242,499300
1994-05-10,25.161550609184619,25.311479231812079,25.143911947699038,25.232105255126953,583400
1994-05-11,25.205621499359292,25.240898786272322,24.932222525783317,25.002777099609375,210600
1994-05-12,25.161536152800494,25.187994129827626,25.064523570367687,25.126258850097656,305200
1994-05-13,25.196813455503335,25.196813455503335,25.002788290637717,25.126258850097656,321300
1994-05-16,25.179173148305793,25.25854707416735,25.12625719773142,25.135076522827148,450400
1994-05-17,25.15271632931869,25.505489349365234,25.117439027314035,25.505489349365234,470200
1994-05-18,25.523125731981867,25.787705473502069,25.40847451065645,25.690692901611328,824800
1994-05-19,25.637778609614344,25.884719717653283,25.637778609614344,25.814165115356445,531000
1994-05-20,25.770063769179604,25.787702416523327,25.681870532460987,25.717147827148438,370400
1994-05-23,25.690694299197943,25.69951362439506,25.593681722029672,25.673055648803711,262700
1994-05-24,25.743620923721259,25.875910856525582,25.743620923721259,25.778898239135742,549600
1994-05-25,25.681874353622909,25.867080178288461,25.593681103782171,25.849441528320312,738200
1994-05-26,25.840636050786497,25.928829347888158,25.814178061655998,25.867094039916992,369600
1994-05-27,25.822982923211455,25.893537521362305,25.778886299367173,25.893537521362305,162000
1994-05-31,25.814168291235035,25.911180881328502,25.770071659374366,25.858264923095703,160000
1994-06-01,25.796527231083658,25.972913742065426,25.717153301141863,25.97291374206543,200500
1994-06-02,25.990559270639636,25.990559270639636,25.902365991811539,25.946462631225586,55100
1994-06-03,25.96410175721844,26.184584958281778,25.884727804835642,26.096391677856445,550400
1994-06-06,26.14930165789271,26.228675592098792,26.069927723686625,26.087566375732422,99300
1994-06-07,26.043445849305648,26.087542438959062,25.981710623790871,26.052265167236328,120600
1994-06-08,26.114019092520753,26.114019092520753,25.840620040893551,25.840620040893555,131900
1994-06-09,25.955265818205483,25.981723785400391,25.902349883815663,25.981723785400391,80500
1994-06-10,26.008204006736701,26.078758646293803,26.008204006736701,26.025842666625977,83100
1994-06-13,25.990553029378255,26.069926961263022,25.981733703613283,26.061107635498047,109700
1994-06-14,26.140487389087355,26.272777305024032,26.140487389087355,26.263957977294922,161000
1994-06-15,26.272762769311967,26.281582092161688,26.14047292656619,26.158111572265625,142800
1994-06-16,26.158113112520244,26.228667699472421,26.131655142413177,26.211029052734375,44000
1994-06-17,26.224530917747142,26.251163819830165,26.029222969138328,26.064733505249023,403800
1994-06-20,25.878297316991187,25.922685477054639,25.81615389290236,25.84278678894043,137400
1994-06-21,25.825027484325428,25.825027484325428,25.514310412496144,25.620841979980469,139200
1994-06-22,25.691865335714006,25.807274544202009,25.665232441447543,25.718498229980469,279900
1994-06-23,25.762892932362025,25.798403467072379,25.53207445674472,25.567584991455078,922500
1994-06-24,25.443298523814963,25.443298523814963,24.99941683289007,25.034927368164062,353800
1994-06-27,25.132567399384957,25.469917297363281,25.00828059486663,25.469917297363281,371200
1994-06-28,25.478800832076999,25.478800832076999,25.141450855903159,25.345636367797852,5382300
1994-06-29,25.381164183163776,25.576472197165039,25.354531272163605,25.425552368164062,311800
1994-06-30,25.469932658020575,25.478810292268754,25.176970727830724,25.2657470703125,271900
1994-07-01,25.390032758886651,25.390032758886651,25.212480082251084,25.319011688232422,406900
1994-07-05,25.37228214329113,25.487691404264812,25.292383424155503,25.452180862426758,112000
1994-07-06,25.354522593155465,25.46105420068973,25.265746253543576,25.416666030883789,174800
1994-07-07,25.416661769701086,25.523193359375,25.39002887228261,25.523193359375,66700
1994-07-08,25.363393009745916,25.558700901315536,25.354515378310932,25.514312744140625,148400
1994-07-11,25.532084012164752,25.576472197165039,25.30126545016326,25.425552368164062,124000
1994-07-12,25.434411419984187,25.469921942036521,25.292369331774854,25.461044311523438,257300
1994-07-13,25.469931130785998,25.585340369092105,25.469931130785998,25.505441665649414,532700
1994-07-14,25.629723718343691,25.833909255413971,25.611968454250622,25.780643463134766,494200
1994-07-15,25.762877841496429,25.842776497793281,25.754000213019001,25.789510726928711,49100
1994-07-18,25.789531347268223,25.896062974176044,25.789531347268223,25.833919525146484,72300
1994-07-19,25.878297415646642,25.887175047693177,25.780643463134769,25.780643463134766,609500
1994-07-20,25.798417261916022,25.798417261916022,25.603109216574605,25.665252685546875,185300
1994-07-21,25.665232441447543,25.736253492824776,25.611966652914621,25.718498229980469,86300
1994-07-22,25.780639401310317,25.798394662605986,25.709618356127642,25.762884140014648,151600
1994-07-25,25.771775602063716,25.825041414537843,25.745142695826654,25.798408508300781,120900
1994-07-26,25.789529561914332,25.807284831836476,25.745141387108973,25.771774291992188,489600
1994-07-27,25.771774291992188,25.771774291992188,25.665242672459325,25.771774291992188,83200
1994-07-28,25.771771199189335,25.896058073729002,25.771771199189335,25.825037002563477,828200
1994-07-29,26.002584602168991,26.162381981082969,25.993706970007104,26.082483291625977,459100
1994-08-01,26.100249755673293,26.224536659271738,26.07361684775934,26.206781387329102,486300
1994-08-02,26.295546753642043,26.348812547201074,26.153504637484623,26.242280960083008,505500
1994-08-03,26.233408214838715,26.26891875049332,26.18902004527046,26.251163482666016,144100
1994-08-04,26.233412869122564,26.260045775588676,26.091370701303287,26.100248336791992,231700
1994-08-05,25.967076906978882,26.046975605154199,25.940444007587107,26.011465072631836,138400
1994-08-08,26.038092151806801,26.100235569830204,26.011459258368198,26.073602676391602,328600
1994-08-09,25.975961676104227,26.118003845214847,25.975961676104227,26.118003845214844,105900
1994-08-10,26.135749958992974,26.242281548499736,26.100239429157384,26.215648651123047,840300
1994-08-11,26.1535143874925,26.268923649894877,25.984839311673642,26.118003845214844,876200
1994-08-12,26.162388100069251,26.331063150595657,26.162388100069251,26.322185516357422,184100
1994-08-15,26.348809704285081,26.410953123398961,26.313299179077148,26.313299179077148,325900
1994-08-16,26.331063639578506,26.526371596446587,26.224532026741372,26.499738693237305,1089500
1994-08-17,26.535248990751054,26.553004259396587,26.464227916168916,26.481983184814453,133700
1994-08-18,26.393192291259766,26.455335697260043,26.366559402973934,26.393192291259766,620000
1994-08-19,26.402083035792941,26.428715937308535,26.313306697407626,26.375450134277344,103200
1994-08-22,26.384314992035815,26.384314992035815,26.295538696638655,26.348804473876953,79700
1994-08-23,26.464228155624927,26.624025574880626,26.428717618012545,26.499738693237305,268600
1994-08-24,26.526364059372376,26.783815383911129,26.517486427491729,26.783815383911133,254700
1994-08-25,26.757175776442644,26.819319184018987,26.641766590943721,26.712787628173828,147400
1994-08-26,26.774946695230266,27.147807358758008,26.774946695230266,27.094541549682617,339500
1994-08-29,27.165554734527085,27.263208689455123,27.067900779599047,27.076778411865234,350300
1994-08-30,27.067909359230256,27.192196250351682,27.032398818909851,27.147808074951172,36000
1994-08-31,27.103411308663787,27.209942895858013,27.04126788280049,27.076778411865234,356200
1994-09-01,26.988002777099609,27.005758042084544,26.890348819682472,26.988002777099609,294600
1994-09-02,27.112292846437722,27.112292846437722,26.828208572997642,26.872596740722656,99600
1994-09-06,26.854853979662515,26.908119805737879,26.77495524054947,26.881486892700195,229800
1994-09-07,26.943619480605953,26.943619480605953,26.828210237361183,26.854843139648438,27900
1994-09-08,26.908104084667407,27.023513307069479,26.89922645217494,26.988002777099609,284800
1994-09-09,26.721685173663687,26.774950991285607,26.597398265879203,26.703929901123047,488400
1994-09-12,26.703916401495814,26.739426928625463,26.579629556542042,26.624017715454102,129400
1994-09-13,26.677296992312087,26.774950991285607,26.624031174690163,26.703929901123047,389200
1994-09-14,26.615141546476803,26.766061295072568,26.615141546476803,26.730550765991211,423500
1994-09-15,26.801585855230655,27.067914962768555,26.801585855230655,27.067914962768555,779800
1994-09-16,26.866337308062793,26.946721960912715,26.777021027118433,26.875268936157227,571300
1994-09-19,26.937787971648561,27.05389912669877,26.875266580467677,26.902061462402344,167300
1994-09-20,26.759158260648828,26.785953145422511,26.392961502075195,26.392961502075195,355600
1994-09-21,26.473346156396239,26.473346156396239,26.14287591085418,26.392961502075195,397500
1994-09-22,26.455489068050724,26.455489068050724,26.303651352265152,26.330446243286133,266400
1994-09-23,26.339359621031097,26.392949365936552,26.19645363461655,26.241111755371094,176600
1994-09-26,26.339370763063677,26.392960530638575,26.285780995488775,26.375097274780273,223000
1994-09-27,26.375109663174459,26.446562720169172,26.294724974055402,26.357246398925781,479500
1994-09-28,26.500129310412941,26.598377177758589,26.482266061804641,26.562650680541992,324000
1994-09-29,26.562652888270637,26.562652888270637,26.348293887154803,26.428678512573242,195900
1994-09-30,26.419756386848878,26.544799182459386,26.392961502075195,26.392961502075195,5200
1994-10-03,26.410830916349084,26.437625807370068,26.285788091584497,26.330446243286133,72600
1994-10-04,26.464410677429072,26.464410677429072,25.919581432973057,25.937444686889648,84200
1994-10-05,25.892771810508634,25.946361541748043,25.723070994917165,25.946361541748047,461900
1994-10-06,25.964245232429292,25.982108490243142,25.821339169918502,25.865997314453125,345200
1994-10-07,25.865997891444113,26.05356210267351,25.839203004125629,25.982109069824219,188700
1994-10-10,26.098225698665697,26.303653211009745,26.089294067694215,26.258995056152344,213600
1994-10-11,26.375106513020821,26.723440124266272,26.375106513020821,26.651987075805664,461400
1994-10-12,26.687692642211914,26.723419138386227,26.625171273906865,26.687692642211914,162400
1994-10-13,26.991380485397251,27.053901882947805,26.750226523416533,26.777021408081055,1564500
1994-10-14,26.866340183649537,26.902066699851197,26.687707602641229,26.893135070800781,72800
1994-10-17,26.8663334546589,26.902059961912439,26.812743693778597,26.83953857421875,282300
1994-10-18,26.812747920967087,26.812747920967087,26.687705125865975,26.777021408081055,132100
1994-10-19,26.67877077961348,27.000309362829444,26.669839152301925,26.902061462402344,136700
1994-10-20,26.902057430960916,26.902057430960916,26.643040277741171,26.723424911499023,290300
1994-10-21,26.651987052763872,26.687713576963286,26.500149324916354,26.616260528564453,87800
1994-10-24,26.625183836780426,26.732363375875149,26.384029873817305,26.392961502075195,149600
1994-10-25,26.303635275468704,26.473336148213662,26.29470365058739,26.419746398925781,91800
1994-10-26,26.517978668212891,26.544773527089497,26.392935993455403,26.517978668212891,201000
1994-10-27,26.61625248155827,26.678773880004883,26.553731083111657,26.678773880004883,210300
1994-10-28,26.732352475025618,27.26824995197234,26.732352475025618,27.241455078125,192100
1994-10-31,27.178937868681267,27.205732746632645,27.134279738762302,27.143211364746094,36300
1994-11-01,27.027102737299813,27.027102737299813,26.830606947405364,26.83953857421875,435200
1994-11-02,26.759145634560539,27.000299483737152,26.687692642211914,26.687692642211914,115600
1994-11-03,26.777026218358429,26.875274146444468,26.741299699054416,26.830615997314453,87000
1994-11-04,26.955641549996539,26.955641549996539,26.482265472412109,26.482265472412109,124400
1994-11-07,26.544787431933692,26.63410367497519,26.47333443750049,26.562650680541992,115000
1994-11-08,26.651970533358881,26.857397920177668,26.607312405789582,26.768081665039062,308300
1994-11-09,27.053890370591972,27.053890370591972,26.580514276289769,26.812736511230469,318500
1994-11-10,26.830608627693,26.884198391929406,26.60731794337465,26.625181198120117,172100
1994-11-11,26.589458886220399,26.616253772568623,26.455484454479283,26.526937484741211,302200
1994-11-14,26.643046984758435,26.785953036302566,26.643046984758435,26.777021408081055,181400
1994-11-15,26.750214010516959,26.91991486734495,26.482265289209611,26.687692642211914,316900
1994-11-16,26.732363266973515,26.777021408081058,26.643046984758435,26.777021408081055,106900
1994-11-17,26.794888334357555,26.794888334357555,26.491212933234838,26.598392486572266,104700
1994-11-18,26.60730880206274,26.65196692358349,26.44653956458804,26.562650680541992,269300
1994-11-21,26.544805345327958,26.625190018311795,26.294719696044925,26.294719696044922,283100
1994-11-22,26.196461627880733,26.294709523518883,25.723085403442383,25.723085403442383,483600
1994-11-23,25.740954509756182,25.87492894336005,25.499800529269223,25.865997314453125,601600
1994-11-25,25.88385403426652,26.02676006068069,25.88385403426652,25.991033554077148,77300
1994-11-28,25.982106329845806,26.116080752309774,25.919584932695951,26.107149124145508,79900
1994-11-29,26.098220825195312,26.151810601017068,26.00890453215905,26.098220825195312,105500
1994-11-30,26.232181796151696,26.26790829502286,26.062480926513672,26.062480926513672,218800
1994-12-01,26.089271107030267,26.089271107030267,25.749869428814879,25.803459167480469,439000
1994-12-02,25.749878751888197,26.044622421264648,25.749878751888197,26.044622421264648,318500
1994-12-05,26.09819836827246,26.187514584454092,26.00888215209083,26.071403503417969,139200
1994-12-06,25.973181330476141,26.098224156688886,25.928523178257304,26.089292526245117,249900
1994-12-07,25.928532113700079,26.008916815396013,25.874942312569456,25.901737213134766,531900
1994-12-08,26.008899316814286,26.044625826864856,25.580181196207455,25.651634216308594,261500
1994-12-09,25.651645243602044,25.767756451181022,25.544465667375292,25.749893188476562,235900
1994-12-12,25.696276557601625,25.9195671081543,25.696276557601625,25.919567108154297,151100
1994-12-13,25.901705450181733,26.026748166148128,25.901705450181733,26.017816543579102,70900
1994-12-14,25.982101161623262,26.267913206027504,25.982101161623262,26.151802062988281,203300
1994-12-15,26.18753294641159,26.312575736742343,26.18753294641159,26.23219108581543,130100
1994-12-16,26.315299219121048,26.414330451214902,26.288290701277269,26.360313415527344,266100
1994-12-19,26.360328039400898,26.414345105055407,26.279302440919132,26.396339416503906,1120200
1994-12-20,26.4233436382188,26.441349323832576,26.315309524536133,26.315309524536133,675600
1994-12-21,26.333285830839309,26.657387810295791,26.333285830839309,26.594367980957031,544500
1994-12-22,26.594392268078838,26.621400791032205,26.486358176265384,26.51336669921875,222000
1994-12-23,26.495373880523516,26.603408024786606,26.495373880523516,26.540388107299805,125800
1994-12-27,26.630408298631426,26.738442409376383,26.612402613507268,26.684425354003906,95200
1994-12-28,26.711426656340777,26.711426656340777,26.486355653169721,26.549375534057617,358200
1994-12-29,26.64842177067559,26.64842177067559,26.540387628362041,26.56739616394043,220100
1994-12-30,26.621395691268564,26.648404209048003,26.252279281616207,26.252279281616211,2209500
1995-01-03,26.333308398927027,26.414333963231421,26.324305558448764,26.378322601318359,324300
1995-01-04,26.495359265933864,26.504362106323239,26.360316660093222,26.504362106323242,351800
1995-01-05,26.522367787101992,26.567381989048872,26.477353585155111,26.504362106323242,89800
1995-01-06,26.558372955788261,26.64840133868924,26.450338896307088,26.531364440917969,448400
1995-01-09,26.522385906930694,26.558397293090817,26.504380213850634,26.55839729309082,36800
1995-01-10,26.621401455779417,26.729435550290528,26.585390090942379,26.585390090942383,229800
1995-01-11,26.675414365842659,26.675414365842659,26.396326331640456,26.603391647338867,222400
1995-01-12,26.576373450004361,26.630390469211687,26.522356430797036,26.612384796142578,40300
1995-01-13,26.756436301090773,26.927490234375,26.720424946715145,26.927490234375,170600
1995-01-16,26.918496030159037,27.098552859792207,26.918496030159037,27.089550018310547,105100
1995-01-17,27.035532813848448,27.116558386717124,26.999521448129038,27.098552703857422,89500
1995-01-18,27.080553212750978,27.125567430192383,27.008530464844725,27.071550369262695,84500
1995-01-19,26.981507419343775,27.008515935279053,26.900481871537938,26.918487548828125,139100
1995-01-20,26.882474058624403,26.891476896554284,26.76543716553595,26.819454193115234,78700
1995-01-23,26.639394187544244,26.900476455688477,26.621388513879126,26.900476455688477,53700
1995-01-24,26.891482535530539,26.936496734619141,26.873476855895099,26.936496734619141,32400
1995-01-25,26.801469947179157,27.107566681543986,26.801469947179157,27.008535385131836,15700
1995-01-26,26.990519696063213,27.071545272202162,26.936502645303914,27.035533905029297,9800
1995-01-27,27.215563999637837,27.215563999637837,27.03550734069217,27.14354133605957,91200
1995-01-30,27.089537729826233,27.107543404621733,26.990506518450999,27.026517868041992,26600
1995-01-31,27.08054830225873,27.179579562672576,27.035534092979709,27.134565353393555,127500
1995-02-01,27.170571145843596,27.269602385937791,27.080542745757967,27.125556945800781,380200
1995-02-02,27.116558924479598,27.287612915039062,27.116558924479598,27.287612915039062,131700
1995-02-03,27.458669709631899,27.719752142936596,27.413655496993158,27.674737930297852,405100
1995-02-06,27.665721664082703,27.87278694175075,27.638713149604264,27.79176139831543,405400
1995-02-07,27.836778794396309,27.836778794396309,27.737747563239015,27.827775955200195,702900
1995-02-08,27.791764598415721,27.92680718635749,27.773758920023486,27.827775955200195,521500
1995-02-09,27.782761759219603,27.827775955200192,27.728744724042897,27.827775955200195,390700
1995-02-10,27.791748766059445,27.863771438598636,27.710723259452859,27.863771438598633,148300
1995-02-13,27.845778960590216,27.926804505577383,27.845778960590216,27.872787475585938,79700
1995-02-14,27.962820979702858,27.962820979702858,27.800769860052295,27.908803939819336,170200
1995-02-15,27.908805122656968,28.097864770262063,27.881796601570525,28.061853408813477,431500
1995-02-16,28.025829315185547,28.05283782400198,27.944803788736248,28.025829315185547,99300
1995-02-17,27.998828358974656,28.016834036375926,27.908799971968307,27.917802810668945,49100
1995-02-21,27.917806779799925,27.962820979702858,27.899801099838751,27.908803939819336,168000
1995-02-22,27.935829777004546,28.115886688232422,27.917824085881762,28.115886688232422,386400
1995-02-23,28.223912386638123,28.322943658170189,28.151889643705715,28.160892486572266,402800
1995-02-24,28.196902601086361,28.241916813412487,28.124879861364558,28.232913970947266,307600
1995-02-27,28.151873160312892,28.232898698670041,27.962813570812866,28.007827758789062,280900
1995-02-28,27.980834226453233,28.241916656494144,27.980834226453233,28.241916656494141,493500
1995-03-01,28.214901694969981,28.250913056418568,28.034844887727033,28.061853408813477,242600
1995-03-02,28.052848045889366,28.097862243652344,27.971822489916001,28.097862243652344,488600
1995-03-03,28.007841297176537,28.106872558593746,27.935818561600385,28.10687255859375,290000
1995-03-06,27.917791740842421,28.124856948852539,27.88178040031892,28.124856948852539,85700
1995-03-07,28.025840859566966,28.088860739431073,27.782764180091121,27.908803939819336,180900
1995-03-08,27.953830243998052,28.016850151150383,27.854798961330104,27.980838775634766,155900
1995-03-09,27.971828460693356,27.998836985116299,27.899805728898844,27.971828460693359,63500
1995-03-10,27.998833672946645,28.457978533821333,27.962822311309417,28.385955810546875,192100
1995-03-13,28.3679296069675,28.457957945929632,28.331918271382648,28.358926773071289,261300
1995-03-14,28.439960274754959,28.602011330451568,28.439960274754959,28.565999984741211,223300
1995-03-15,28.520973352517171,28.565987515005361,28.403936530047876,28.511970520019531,278500
1995-03-16,28.484983874055775,28.701052019750257,28.484983874055775,28.683046340942383,20400
1995-03-17,28.639163910816478,28.747782737279749,28.621060773072596,28.711576461791992,89900
1995-03-20,28.747782737279749,28.747782737279749,28.657267048560357,28.711576461791992,91700
1995-03-21,28.711574609903558,28.892605975665877,28.593904222158052,28.639162063598633,104400
1995-03-22,28.69345259960043,28.69345259960043,28.575782289255066,28.666297912597656,74900
1995-03-23,28.630131163857421,28.765904786196295,28.593924864567054,28.684440612792969,220500
1995-03-24,28.774936660002236,29.091741561889648,28.774936660002236,29.091741561889648,134000
1995-03-27,29.136991462435631,29.209403991699215,29.064578933172044,29.209403991699219,132100
1995-03-28,29.136991462435631,29.209403991699215,29.100785197803837,29.209403991699219,121900
1995-03-29,29.182256207877039,29.480957961865855,29.037431115033975,29.200359344482422,246100
1995-03-30,29.263725630837197,29.263725630837197,29.028384812278034,29.146055221557617,298400
1995-03-31,28.91977582276704,29.064600991206561,28.702538070107757,29.02839469909668,541300
1995-04-03,29.019339228937078,29.100803375244137,29.001236085313288,29.100803375244141,193300
1995-04-04,29.109858283006368,29.290889739990238,29.109858283006368,29.290889739990234,66900
1995-04-05,29.227528730045883,29.318044458537816,29.209425584347496,29.290889739990234,107200
1995-04-06,29.363303137530249,29.426664149232689,29.308993698928159,29.399509429931641,352500
1995-04-07,29.462858758464982,29.462858758464982,29.236569520688754,29.372343063354492,361400
1995-04-10,29.3270780386759,29.426645278930664,29.308974904084124,29.426645278930664,285400
1995-04-11,29.499076828544521,29.508128401673869,29.308993792828215,29.327096939086914,250300
1995-04-12,29.372335875155336,29.426645278930664,29.318026471380012,29.426645278930664,150900
1995-04-13,29.480956001433437,29.59862638154355,29.462852866031881,29.589574813842773,243400
1995-04-17,29.698191581726071,29.725346282958981,29.327077331542966,29.417593002319336,178900
1995-04-18,29.444747527317709,29.444747527317709,29.245613052801573,29.318025588989258,329500
1995-04-19,29.318044458537816,29.381405468482171,29.137013001553946,29.290889739990234,223000
1995-04-20,29.372353599381206,29.417611463170701,29.218476862496928,29.336147308349609,207900
1995-04-21,29.345179713866738,29.490004783398469,29.345179713866738,29.480953216552734,145000
1995-04-24,29.462857884593728,29.824920654296875,29.462857884593728,29.824920654296875,169000
1995-04-25,29.77966216302687,29.824920008259433,29.725352748747795,29.74345588684082,293200
1995-04-26,29.689144785188912,29.78871203904168,29.616732236932354,29.770608901977539,204400
1995-04-27,29.725347202475739,29.861120712840272,29.707244067760467,29.843017578125,502200
1995-04-28,29.833975262240454,29.933542534050115,29.643892288785644,29.888284683227539,130800
1995-05-01,29.861131246423703,29.924492240277893,29.806821823120114,29.806821823120117,518700
1995-05-02,29.833960515802556,29.915424607016824,29.770599555969238,29.870166778564453,228400
1995-05-03,29.969739937882046,30.286544799804688,29.969739937882046,30.286544799804688,724700
1995-05-04,30.322759202792881,30.521893740841072,30.196037224034942,30.268449783325195,311400
1995-05-05,30.395201519720569,30.395201519720569,30.168912050395669,30.232273101806641,314900
1995-05-08,30.205089570225773,30.54904923569433,30.177934859794043,30.449481964111328,183100
1995-05-09,30.576197982011756,30.612404255525092,30.377063477688413,30.422321319580078,180600
1995-05-10,30.503790182309203,30.512841752096236,30.313707216781459,30.458532333374023,330300
1995-05-11,30.50379653618614,30.540002822875973,30.404229247789093,30.540002822875977,351700
1995-05-12,30.422322401503248,30.630508481608747,30.413270832803011,30.558095932006836,94600
1995-05-15,30.639565643274562,30.702926635742188,30.576204650806933,30.702926635742188,147200
1995-05-16,30.693884099309557,30.79345140249222,30.639574661209924,30.721038818359375,221600
1995-05-17,30.721027721776231,30.730079291523367,30.576202605822072,30.603357315063477,189200
1995-05-18,30.549053384476348,30.567156527222703,30.159835815429688,30.159835815429688,577800
1995-05-19,30.114581269422686,30.232251710210935,30.069323407581056,30.177942276000977,363900
1995-05-22,30.277512716419512,30.558111488978255,30.259409569802816,30.512853622436523,216000
1995-05-23,30.567154411145481,30.79344367980957,30.476638703679843,30.79344367980957,136800
1995-05-24,30.847745953728168,30.947313208860507,30.58525046292473,30.775333404541016,370800
1995-05-25,30.684817933770024,30.829643033162448,30.539992834377596,30.802488327026367,379900
1995-05-26,30.684822787852973,30.693874357996883,30.331811552240506,30.449481964111328,518600
1995-05-30,30.52190911652891,30.603373286768758,30.34087762710703,30.440444946289062,61500
1995-05-31,30.386116416746699,31.074035644531254,30.386116416746699,31.07403564453125,564500
1995-06-01,30.938267177510486,31.227917426100404,30.847751474826136,30.992576599121094,810100
1995-06-02,30.865862417541095,31.236976892356104,30.757243546863531,31.019739151000977,112900
1995-06-05,31.019717827197294,31.309367949890703,30.992563128194789,31.209800720214844,257200
1995-06-06,31.182662754956542,31.291281609255375,31.155508041381836,31.155508041381836,165800
1995-06-07,31.09214387207388,31.110247012610749,30.956370318047355,30.992576599121094,41900
1995-06-08,30.983515544015855,31.07403121899107,30.920154571533207,30.920154571533203,141100
1995-06-09,30.856800423634485,30.893006701632299,30.558098630152546,30.739130020141602,304900
1995-06-12,30.838703076766144,31.037837643155594,30.820599934367102,30.911115646362305,378500
1995-06-13,31.055943978067621,31.264130137057872,31.028789261677588,31.246026992797852,120000
1995-06-14,31.200763207444176,31.255072629911442,31.101195932920856,31.218866348266602,389400
1995-06-15,31.264127155374435,31.418003866909284,31.209817727773899,31.354642868041992,274500
1995-06-16,31.292944945692675,31.447725296020511,31.292944945692675,31.447725296020508,325100
1995-06-19,31.538766026053224,31.821012488757511,31.520556576846495,31.802803039550781,134600
1995-06-20,31.711762430473531,31.821019148580245,31.693552977455745,31.720867156982422,287800
1995-06-21,31.821013400775133,31.848327575368074,31.702651977539059,31.702651977539062,158200
1995-06-22,31.839236259460449,32.139692306518555,31.839236259460449,32.121482849121094,297000
1995-06-23,32.048623091251599,32.066832536189807,31.957575866560543,32.057727813720703,315400
1995-06-26,31.966674550301246,32.021302874796206,31.675323486328121,31.675323486328125,132900
1995-06-27,31.666242592895085,31.875651327695714,31.593404772094864,31.611614227294922,127700
1995-06-28,31.611625632037409,31.902977020351116,31.511473592304569,31.775510787963867,212600
1995-06-29,31.775495516035782,31.857438054615816,31.502353720768998,31.720867156982422,89200
1995-06-30,31.78459450131788,31.893851199689639,31.638918903488868,31.702651977539062,714100
1995-07-03,31.73908709742992,31.821029663085934,31.73908709742992,31.821029663085938,9500
1995-07-05,31.912068371897824,32.085058186182003,31.839230555357116,31.939382553100586,409300
1995-07-06,31.948493945709323,32.349102020263672,31.884760842939315,32.349102020263672,202500
1995-07-07,32.285357542885023,32.503870961110977,32.267148091366188,32.494766235351562,481700
1995-07-10,32.522078510627331,32.604021037669781,32.458345434038755,32.512973785400391,400400
1995-07-11,32.485654763311366,32.512968934917289,32.312665009807183,32.358188629150391,420500
1995-07-12,32.421940783913634,32.813444140753923,32.358207679311725,32.758815765380859,203400
1995-07-13,32.713257762515774,32.786095519849518,32.649524724848753,32.685943603515625,215600
1995-07-14,32.512973840701271,32.685963620307355,32.485659664973994,32.658649444580078,543700
1995-07-17,32.704184536131457,32.87717437638382,32.676870350828452,32.840755462646484,171500
1995-07-18,32.786131885494427,32.786131885494427,32.531199452060982,32.558513641357422,221200
1995-07-19,32.43103690197281,32.467455809218144,31.584297308518718,32.203418731689453,486600
1995-07-20,32.239846224717688,32.385521892493877,32.066856369233463,32.321788787841797,318900
1995-07-21,32.294463154964369,32.41282459308519,32.157892264824966,32.285358428955078,94000
1995-07-24,32.330895401462328,32.558513645629198,32.330895401462328,32.5220947265625,108400
1995-07-25,32.558520250036906,32.813452735216167,32.458368202287907,32.767929077148438,107400
1995-07-26,32.749693866301165,32.904474182044041,32.731484417390242,32.740589141845703,167800
1995-07-27,32.895371484940576,33.041047085206024,32.895371484940576,33.01373291015625,187700
1995-07-28,33.041040276012055,33.041040276012055,32.777003304944451,32.804317474365234,415600
1995-07-31,32.831642119036694,32.858956297172327,32.649547598132436,32.722385406494141,342500
1995-08-01,32.767903281161878,32.767903281161878,32.485656823335816,32.667751312255859,141000
1995-08-02,32.858946645726043,33.095669453370505,32.540281327743102,32.59490966796875,240400
1995-08-03,32.367309576707633,32.604032515946564,32.312681206114036,32.585823059082031,1193600
1995-08-04,32.649537069718335,32.676851239046037,32.585804007953683,32.622222900390625,240500
1995-08-07,32.695060729980469,32.795212684319033,32.676851283737093,32.695060729980469,193100
1995-08-08,32.713270176223844,32.813422130562408,32.594908775641905,32.695060729980469,951900
1995-08-09,32.80430495918295,32.80430495918295,32.658629444515469,32.685943603515625,107100
1995-08-10,32.722377719591606,32.795215510842787,32.476550174118884,32.613121032714844,280800
1995-08-11,32.585822096304703,32.622241008957744,32.294470795080407,32.431041717529297,257200
1995-08-14,32.51297670745425,32.722385406494141,32.440138899092545,32.722385406494141,254800
1995-08-15,32.713277796034632,32.713277796034632,32.431031313519441,32.658649444580078,44400
1995-08-16,32.631352407388107,32.749713897705078,32.594933487290575,32.749713897705078,374900
1995-08-17,32.76789851495397,32.76789851495397,32.576699329398529,32.695060729980469,353800
1995-08-18,32.85894959811872,32.868054322307728,32.704169286905639,32.731483459472656,85400
1995-08-21,32.868056197545521,33.004627068172439,32.63133335512552,32.640438079833984,266700
1995-08-22,32.68596459072257,32.758802394824464,32.522079531493326,32.704174041748047,220200
1995-08-23,32.731498713998299,32.749708170862831,32.585823059082031,32.585823059082031,176500
1995-08-24,32.594908731062922,32.685955962155276,32.485652053752098,32.622222900390625,167400
1995-08-25,32.676851350401563,32.858945813206809,32.676851350401563,32.804317474365234,195000
1995-08-28,32.895352155850127,32.895352155850127,32.631315285515321,32.685943603515625,293000
1995-08-29,32.722405419080715,32.777033808761985,32.49478712874209,32.767929077148438,1133100
1995-08-30,32.795231820474804,32.87717437638382,32.758812906737468,32.840755462646484,437400
1995-08-31,32.831649782386847,32.922697064090634,32.804335597875706,32.868068695068359,491900
1995-09-01,32.858952584874217,33.068361260255791,32.831638409824443,33.01373291015625,629900
1995-09-05,33.113883114382219,33.34150122762378,33.059254767204244,33.323291778564453,272200
1995-09-06,33.350616460279511,33.423454279466576,33.341511732881123,33.387035369873047,214500
1995-09-07,33.423440923350292,33.441650370870498,33.359707857029548,33.405231475830078,258800
1995-09-08,33.532707214355469,33.532707214355469,33.314193781516877,33.532707214355469,107300
1995-09-11,33.587341311692612,33.687493318856774,33.587341311692612,33.623760223388672,260700
1995-09-12,33.632850721004516,33.778526306152344,33.550908204358869,33.778526306152344,139500
1995-09-13,33.742116022788075,33.978838909078547,33.733011296392284,33.933315277099609,239800
1995-09-14,34.051682488203873,34.270195958716407,33.960635208823646,34.242881774902344,457600
1995-09-15,34.215137559207363,34.315824159836389,34.096144303918521,34.233444213867188,431200
1995-09-18,34.114427521480899,34.132734163563796,33.940514421693365,34.105274200439453,307500
1995-09-19,34.169348256200806,34.288341432555114,34.050355079846504,34.270034790039062,549600
1995-09-20,34.324959324497549,34.434799194335938,34.29749935703795,34.434799194335938,290800
1995-09-21,34.389036982732364,34.416496953706066,34.013750712758444,34.151050567626953,508500
1995-09-22,33.876449008463283,34.196815318999946,33.848989038988705,34.160202026367188,449900
1995-09-25,34.196807410853943,34.196807410853943,33.986281026900613,34.105274200439453,130000
1995-09-26,34.205954946223521,34.288334821662652,34.013735236865564,34.096115112304688,466600
1995-09-27,33.949678967294993,34.086978828311288,33.739152513736684,34.068672180175781,654400
1995-09-28,34.096121953328449,34.324954986572266,34.068661989339191,34.324954986572266,456200
1995-09-29,34.297485161999667,34.508011492057314,34.215105293716242,34.260871887207031,606600
1995-10-02,34.260865230949562,34.343245083228091,34.004572357194128,34.086952209472656,293100
1995-10-03,34.086975269563212,34.178508500684487,33.949675422881292,34.123588562011719,839700
1995-10-04,34.141872110991677,34.141872110991677,34.041185624873471,34.086952209472656,248800
1995-10-05,34.123586958511126,34.187660217285156,34.032053731691086,34.187660217285156,268800
1995-10-06,34.205965085996546,34.315804952475524,34.205965085996546,34.215118408203125,75300
1995-10-09,34.08698394339072,34.10529059427332,33.867304132799589,33.931377410888672,358200
1995-10-10,33.583539630720011,33.913059234619141,33.546926341397885,33.913059234619141,360800
1995-10-11,34.032033871539596,34.032033871539596,33.903887428774254,34.022880554199219,228100
1995-10-12,34.050377667268968,34.251750868527012,34.050377667268968,34.233444213867188,199800
1995-10-13,34.389039784860508,34.480573028897936,34.343273162841797,34.343273162841797,488100
1995-10-16,34.242589664510305,34.306662941081164,34.178516387939453,34.178516387939453,443600
1995-10-17,34.215121221275972,34.443954295254542,34.151047960561968,34.407341003417969,146000
1995-10-18,34.572103202880541,34.617869820835104,34.398190054653178,34.508029937744141,228100
1995-10-19,34.489716462373984,34.672782897949219,34.443949853480177,34.672782897949219,500600
1995-10-20,34.645327660508684,34.672787629592307,34.462261199951172,34.462261199951172,748400
1995-10-23,34.297527673684257,34.453134284426881,34.297527673684257,34.389060974121094,533000
1995-10-24,34.434804874289327,34.471418170274745,34.343271634325767,34.425651550292969,172200
1995-10-25,34.453104431315978,34.498871041878303,34.141891479492188,34.141891479492188,302700
1995-10-26,34.196802188823746,34.224262147754814,33.55606981376549,33.830669403076172,606800
1995-10-27,33.794046068037879,34.086952209472656,33.638439680400651,34.086952209472656,905800
1995-10-30,34.16935223423684,34.324958713739122,34.16935223423684,34.306652069091797,488700
1995-10-31,34.39818842848014,34.471415013745663,34.160202026367188,34.160202026367188,508200
1995-11-01,34.141892874766896,34.434799194335938,34.114432907307297,34.434799194335938,415700
1995-11-02,34.379887866520463,34.654487609863281,34.379887866520463,34.654487609863281,326000
1995-11-03,34.700248718261719,34.709402041584923,34.599562161706487,34.700248718261719,615000
1995-11-06,34.691100577439755,34.691100577439755,34.572107356461729,34.581260681152344,311200
1995-11-07,34.562957277206763,34.562957277206763,34.343277464004181,34.453117370605469,358200
1995-11-08,34.498881580579777,34.782634652746921,34.498881580579777,34.764328002929688,357200
1995-11-09,34.901597927649902,34.901597927649902,34.727684903620172,34.892444610595703,503700
1995-11-10,34.700240037572662,34.91991974237397,34.691086716539274,34.874153137207031,795600
1995-11-13,34.810087333274275,34.947387178133361,34.746014072340031,34.837547302246094,818500
1995-11-14,34.773478708012462,34.846705301764523,34.608718872070312,34.608718872070312,341800
1995-11-15,34.645326184364912,34.965692476690606,34.627019539089154,34.956539154052734,584700
1995-11-16,34.95653816461563,35.185371224085486,34.947384842236836,35.148757934570312,577700
1995-11-17,35.20368601005768,35.26775928152685,35.15791938757971,35.25860595703125,267000
1995-11-20,35.313513544755587,35.322666866047648,35.066373869870048,35.075527191162109,448800
1995-11-21,35.112143749342721,35.359283447265625,35.102990427197433,35.359283447265625,119200
1995-11-22,35.331826775886896,35.368440067882631,35.249446868896484,35.249446868896484,351600
1995-11-24,35.286060591121931,35.340980529785156,35.258600621790322,35.340980529785156,62400
1995-11-27,35.414224354977563,35.524064285776149,35.350151062011719,35.350151062011719,273000
1995-11-28,35.32267189661173,35.725418090820312,35.240291993250885,35.725418090820312,479000
1995-11-29,35.789514428854666,35.789514428854666,35.643061172879811,35.762054443359375,549200
1995-11-30,35.76203689849212,35.853570138570163,35.643043686390662,35.679656982421875,286200
1995-12-01,35.725418090820312,35.780338026394212,35.643038187459467,35.725418090820312,465200
1995-12-04,35.807811392376436,36.164791107177734,35.762044762273703,36.164791107177734,631700
1995-12-05,36.128159907405504,36.439372837948142,36.100699942945859,36.402759552001953,567700
1995-12-06,36.494295076216162,36.631594907202675,36.320381956966571,36.485141754150391,272800
1995-12-07,36.439387620923497,36.485154246923152,36.26547444212482,36.292934417724609,289700
1995-12-08,36.448539568947567,36.457692893801649,36.183093148179239,36.41192626953125,296900
1995-12-11,36.485159276931249,36.640765826782683,36.411932665236456,36.567539215087891,186500
1995-12-12,36.402733156557154,36.530879564450487,36.402733156557154,36.457653045654297,299400
1995-12-13,36.503437974971689,36.732270961274168,36.503437974971689,36.686504364013672,390700
1995-12-14,36.723129740310213,36.787202997583933,36.329536874200208,36.421070098876953,395000
1995-12-15,36.471249741418298,36.471249741418298,36.305471333502759,36.434410095214844,416700
1995-12-18,36.112065319179258,36.112065319179258,35.725249011246198,35.734458923339844,862300
1995-12-19,35.752877799444924,36.15811392081936,35.706828240197822,36.112064361572266,1022600
1995-12-20,36.222568926539829,36.259408559315361,35.762073516845703,35.762073516845703,1349800
1995-12-21,35.973922618071356,36.056811840693641,35.808144172826786,35.946292877197266,857600
1995-12-22,36.139691393503831,36.176531038145527,36.038382370739164,36.075222015380859,332800
1995-12-26,36.222572451684535,36.26862199713544,36.148893178963078,36.250202178955078,432200
1995-12-27,36.342319042475374,36.342319042475374,36.167330684186723,36.231800079345703,151800
1995-12-28,36.158121892332119,36.34232016992933,36.10286240905296,36.194961547851562,256200
1995-12-29,36.231791217808805,36.268630863175154,36.102852459026565,36.241001129150391,339200
1996-01-02,36.194945669425984,36.627811431884766,36.158106030067785,36.627811431884766,514400
1996-01-03,36.7475496156285,36.839648737472181,36.544931547572403,36.729129791259766,610300
1996-01-04,36.775188153423841,36.913336869251879,36.084444574283644,36.379161834716797,1129700
1996-01-05,36.139702505172657,36.397580096952687,36.056813279243364,36.30548095703125,302400
1996-01-08,36.434431745574003,36.489691247715925,36.388382160455734,36.443641662597656,179900
1996-01-09,36.554133668538078,36.581763399202124,35.734451658837926,35.817340850830078,415500
1996-01-10,35.771304648887863,35.844983958154373,35.154240433780892,35.347648620605469,787700
1996-01-11,35.402898824514423,35.559467315673828,35.237120422110351,35.559467315673828,513200
1996-01-12,35.651554698424583,35.660764606639106,35.172639471269306,35.504196166992188,390400
1996-01-15,35.513404459466187,35.633133260807746,35.283156764578564,35.430515289306641,154200
1996-01-16,35.605510592154495,35.891017790384396,35.301583574683953,35.863388061523438,454600
1996-01-17,35.780509833758913,36.029177469669207,35.633151234700961,35.752880096435547,407600
1996-01-18,35.891031825955622,35.900241739177581,35.587104689631133,35.872611999511719,425600
1996-01-19,35.872606653487367,36.204163480066455,35.835767006089696,36.112064361572266,169800
1996-01-22,36.084441016244376,36.204169891489698,36.01997162188151,36.121280670166016,288200
1996-01-23,36.102853569781864,36.20416259765625,36.029174276782307,36.20416259765625,362200
1996-01-24,36.259432154233608,36.572569236591733,36.2410123258596,36.498889923095703,1506500
1996-01-25,36.526498718725392,36.544918536536152,36.323880722807104,36.369930267333984,298400
1996-01-26,36.342289353087416,36.70147568982599,36.296239822736318,36.683055877685547,726300
1996-01-29,36.655463571398222,36.830451965332031,36.627833824987619,36.830451965332031,254800
1996-01-30,36.904104687279045,37.217241587545445,36.858055143122215,37.143562316894531,272100
1996-01-31,37.134346601802143,37.539582527020222,37.115926787019504,37.530372619628906,498000
1996-02-01,37.493571607407851,37.668560028076172,37.465941856776013,37.668560028076172,373900
1996-02-02,37.650126853622567,37.733016076147663,37.429088926888966,37.511978149414062,496200
1996-02-05,37.447502413088671,37.871158367589921,37.392242940762422,37.815898895263672,295300
1996-02-06,37.834305093026707,38.211911351257989,37.779045640602618,38.175071716308594,301600
1996-02-07,38.165885561117022,38.396133422851562,38.129045903239501,38.396133422851562,585100
1996-02-08,38.34086047545054,38.84740559343031,38.267181185562571,38.810565948486328,1526600
1996-02-09,38.792151171550486,39.123708019170579,38.617162835306551,38.801361083984375,804600
1996-02-12,38.875039074361958,39.271065295683336,38.838199425866939,39.096076965332031,626500
1996-02-13,38.93029439347999,39.307900750265581,38.902664660056658,39.01318359375,1045900
1996-02-14,38.985557509819991,39.114496277865697,38.654000677702456,38.672420501708984,431400
1996-02-15,38.589536665498912,38.847414237487925,38.386918573221834,38.432968139648438,889500
1996-02-16,38.359286920512609,38.451386048773138,38.156668838339428,38.276397705078125,606100
1996-02-20,37.981673838359328,38.092192772903537,37.650117034726705,37.898784637451172,492300
1996-02-21,37.972473474173832,38.396129496442086,37.972473474173832,38.368499755859375,434000
1996-02-22,38.580337751565224,39.096093042586382,38.552708003831945,38.976364135742188,721400
1996-02-23,39.197374765115889,39.261844131505882,38.506631553794534,38.865818023681641,1430400
1996-02-26,38.755296604449931,38.838185784449948,38.294801160005427,38.313220977783203,1408400
1996-02-27,38.405328469590337,38.414538380494314,38.018512211623239,38.193500518798828,601000
1996-02-28,38.497455138568732,38.746122910994892,38.018539428710938,38.018539428710938,865900
1996-02-29,37.797482201264557,38.285607580569391,37.650123596191406,37.650123596191406,914300
1996-03-01,38.101409248004842,38.248767852783203,37.493555003294105,38.248767852783203,1452600
1996-03-04,38.331654174892364,38.700050659033565,38.202715405442945,38.469802856445312,652600
1996-03-05,38.377712766404848,38.828998565673828,38.359292937863259,38.828998565673828,402000
1996-03-06,38.773742843741118,38.884261825718532,38.488235473632812,38.488235473632812,624700
1996-03-07,38.561892722901838,38.700041371300102,38.451373804183234,38.681621551513672,534200
1996-03-08,37.834324787920856,38.239560983312415,36.544936893493173,37.429088592529297,2289900
1996-03-11,37.281740463728227,37.917224676178137,37.171221470258672,37.861965179443359,1511400
1996-03-12,37.613279783600071,37.751428460572157,37.079104899308,37.567230224609375,1385300
1996-03-13,37.815912917782448,37.981691396233522,37.604084861983864,37.825122833251953,1019300
1996-03-14,37.880371548739348,38.202718498461174,37.86195172304096,37.990890502929688,725600
1996-03-15,37.928355460510843,38.085619373395893,37.743339092410793,37.965358734130859,869200
1996-03-18,38.31687216835104,38.696155548095703,38.233614841090017,38.696155548095703,917600
1996-03-19,39.038460388329817,39.038460388329817,38.483411188495744,38.612922668457031,858300
1996-03-20,38.797916943977192,38.797916943977192,38.270620504824429,38.566646575927734,744300
1996-03-21,38.612913879702717,38.63141551548599,38.344640160845174,38.474151611328125,650800
1996-03-22,38.49263988467429,38.677656178280031,38.446385811272862,38.575897216796875,344500
1996-03-25,38.927448864798883,38.964452143187479,38.400152147761446,38.501911163330078,802400
1996-03-26,38.437144294530796,38.788675337416997,38.400141026858563,38.686916351318359,969400
1996-03-27,38.742424158516073,38.770176611351687,38.298384913146265,38.33538818359375,809600
1996-03-28,38.196623112605167,38.501900071364176,38.187372295673072,38.4833984375,1001300
1996-03-29,38.594400256613021,38.594400256613021,38.113357875658117,38.298374176025391,457700
1996-04-01,38.483420065048207,38.751693906847819,38.363159377344928,38.742443084716797,773400
1996-04-02,38.78868049843409,38.816432952880859,38.659169044349163,38.816432952880859,638800
1996-04-03,38.677670680647012,38.844185407327629,38.585162499157782,38.816432952880859,288000
1996-04-04,38.816425850247533,38.90893401480961,38.779422584422704,38.788673400878906,934900
1996-04-08,37.817323724959145,38.122600555419922,37.650809090162362,38.122600555419922,2217200
1996-04-09,38.270620184839132,38.270620184839132,37.900587599053885,37.974594116210938,1180900
1996-04-10,37.909843552680243,38.076358238855995,37.151276648990695,37.299289703369141,939500
1996-04-11,37.391806398575966,37.576822758786633,36.781252409880764,37.253044128417969,1276000
1996-04-12,37.512073222184192,37.780346988754687,37.401063387741232,37.724842071533203,411300
1996-04-15,37.91908801576043,38.085602674038952,37.798827429225938,38.039348602294922,484200
1996-04-16,38.113372092334885,38.27988682477713,38.030114726113766,38.150375366210938,429700
1996-04-17,38.113385331706041,38.224395191895482,37.798857394502647,38.057880401611328,525300
1996-04-18,38.150353166895002,38.233610484669512,37.946835279001775,38.113349914550781,818600
1996-04-19,38.298383569601953,38.400142559762728,38.141119675717114,38.205875396728516,885100
1996-04-22,38.557416080912965,38.649924276884448,38.242888214609934,38.501911163330078,828900
1996-04-23,38.43714931739305,38.649918134312436,38.353891954250685,38.622165679931641,225400
1996-04-24,38.816427847055287,38.816427847055287,38.400141085111173,38.4833984375,699000
1996-04-25,38.566671480542595,38.816443639327588,38.335400963149077,38.6591796875,475500
1996-04-26,38.760944728978842,38.96446281586131,38.622182397013525,38.742443084716797,563300
1996-04-29,38.575928286358419,38.81644966176497,38.575928286358419,38.742443084716797,219900
1996-04-30,38.742420724301354,38.816427258636217,38.557404388464192,38.714668273925781,184400
1996-05-01,38.70542729440961,38.955199411271238,38.649922379551469,38.797935485839844,561900
1996-05-02,38.492659858914614,38.70542870696918,37.946861509557259,38.131877899169922,1299600
1996-05-03,38.353883276180348,38.474143884619892,37.743329417948821,38.076358795166016,1329300
1996-05-06,38.224364889271065,38.224364889271065,37.706319285737862,38.039348602294922,647500
1996-05-07,38.039347733158763,38.039347733158763,37.752572494898082,37.882083892822266,582100
1996-05-08,37.697081420942602,38.353889465332031,37.345550354931355,38.353889465332031,1694700
1996-05-09,38.22439376680051,38.52042004960245,38.187390481450265,38.326152801513672,593400
1996-05-10,38.705406188964844,38.834917586346663,38.520389906990829,38.705406188964844,925100
1996-05-13,38.797933689420127,39.454741818163292,38.760930414561358,39.288227081298828,867500
1996-05-14,39.445486385203509,39.630502737854556,39.408483114673302,39.528743743896484,632300
1996-05-15,39.537995446588575,39.85252325313607,39.454738086031881,39.482490539550781,466100
1996-05-16,39.260446619368729,39.63047910399991,39.241944995137167,39.565723419189453,514400
1996-05-17,39.667516465297965,39.843282046650728,39.667516465297965,39.778526306152344,427700
1996-05-20,40.056034263492755,40.111539160855564,39.658249165725969,40.046783447265625,788500
1996-05-21,40.111540216167519,40.185546747931667,39.96352715263923,39.991279602050781,352700
1996-05-22,40.037553026739552,40.370582580566406,39.898790712645031,40.370582580566406,1218100
1996-05-23,40.426090765372436,40.518598982226834,39.982051324471314,40.204071044921875,967900
1996-05-24,40.241040840297558,40.453809561981892,40.22253921232501,40.361301422119141,659100
1996-05-28,40.481573586663764,40.481573586663764,39.852518055609572,39.954277038574219,456400
1996-05-29,40.037535682091345,40.074538949819711,39.556493201622594,39.686004638671875,649600
1996-05-30,39.630503468699274,40.093044358856829,39.51949365506146,39.8895263671875,895800
1996-05-31,39.88025819831919,40.046772846328878,39.593482971191406,39.593482971191406,923500
1996-06-03,39.602743130139068,39.732254553596661,39.491733338603993,39.704502105712891,503100
1996-06-04,39.88953221368326,40.019043681909508,39.815525660411126,39.982040405273438,627100
1996-06-05,40.000520191717584,40.379803570038675,39.91726286476905,40.333549499511719,428000
1996-06-06,40.555586245496258,40.555586245496258,39.963533891547407,40.037540435791016,523300
1996-06-07,39.186465176989543,40.046791253821461,39.186465176989543,40.037540435791016,1422800
1996-06-10,39.982026547152081,40.102287154535922,39.843264307863031,39.90802001953125,548800
1996-06-11,40.056033778356564,40.278053365118815,39.871017456054688,39.871017456054688,688700
1996-06-12,40.000518788187414,40.102277739776234,39.732245188544155,39.797000885009766,1120600
1996-06-13,39.889509022817791,39.945013905502599,39.565730540489724,39.797000885009766,1502000
1996-06-14,39.815517137030596,39.815517137030596,39.500989352955536,39.630500793457031,1468200
1996-06-17,39.64899149990282,39.797004533966856,39.500978465838791,39.602737426757812,1101000
1996-06-18,39.574979579959681,39.685989340352272,39.269702738880049,39.278953552246094,718000
1996-06-19,39.463993250499158,39.667511265386864,39.325230967621167,39.454742431640625,552100
1996-06-20,39.491753883845142,39.621265374679957,39.186476798305932,39.426998138427734,1234400
1996-06-21,39.617277846590618,39.766075134277344,39.505679880825568,39.766075134277344,573300
1996-06-24,39.859088101640808,40.007885444064101,39.784689430429154,39.840488433837891,416500
1996-06-25,39.952092102293264,39.979991607951291,39.747495727467737,39.793994903564453,454400
1996-06-26,39.747491830264821,39.831190339032339,39.51499597257726,39.524295806884766,838200
1996-06-27,39.524288712260876,39.905581850426216,39.375491390050009,39.80328369140625,1090500
1996-06-28,39.97067903778467,40.175275347424332,39.85908105070849,39.942779541015625,1060800
1996-07-01,40.045092395137885,40.296187958228622,39.989293381117719,40.286888122558594,471300
1996-07-02,40.249674771426449,40.25897460385977,40.072977955193295,40.138076782226562,389400
1996-07-03,40.119488799602443,40.175287810450286,39.914892426493665,40.054389953613281,308300
1996-07-05,39.356896771968813,39.542893448584927,38.910504748090155,39.031402587890625,842900
1996-07-08,39.05930678810229,39.273202991941893,38.761712069716751,38.873310089111328,942000
1996-07-09,39.050002255552236,39.170900095352707,38.910504748090155,39.031402587890625,716300
1996-07-10,39.02212088810758,39.189517974853516,38.640827523852955,39.189517974853516,1132300
1996-07-11,39.02211788636658,39.096516585863938,38.017735443152183,38.399028778076172,1587400
1996-07-12,38.464132643161413,38.631529738803799,38.138638290523446,38.426933288574219,1312000
1996-07-15,38.51989787570259,38.51989787570259,37.292320251464844,37.292320251464844,1951300
1996-07-16,37.403933683556701,37.794526725503339,35.934559859090776,37.385334014892578,4141000
1996-07-17,37.943316434336971,38.092113753687315,37.496924476285947,37.831718444824219,1340500
1996-07-18,37.943327244223035,38.417618834775823,37.692231696283322,38.352519989013672,1432500
1996-07-19,38.259517341692039,38.315316346079534,37.868924310979573,38.073520660400391,1216000
1996-07-22,37.813140080669733,37.9433378084438,37.506245436630849,37.794540405273438,519800
1996-07-23,37.850334114234442,38.054930514851932,37.245844748773699,37.310943603515625,1479800
1996-07-24,36.864543292297057,37.608530038862085,36.678546605655804,37.385334014892578,2463400
1996-07-25,37.757326442109054,37.831725114901388,37.571329760128222,37.720127105712891,1989800
1996-07-26,37.831737651142085,37.980535046033502,37.729439442154238,37.924736022949219,642300
1996-07-29,37.86893832213584,37.924737347168453,37.459745471896653,37.506244659423828,1297900
1996-07-30,37.757317574881384,37.906114885521312,37.459722953601528,37.868915557861328,1868200
1996-07-31,37.896815606409724,38.250209224334526,37.8038172859032,38.147911071777344,767100
1996-08-01,38.185110881631608,38.919797622900212,38.12931188862386,38.780300140380859,1168600
1996-08-02,39.282511622469194,39.635905429678907,39.133714229959843,39.617305755615234,1098500
1996-08-05,39.62659949760932,39.63589933321073,39.263905909154317,39.384803771972656,710200
1996-08-06,39.375516675959872,39.589412963996494,39.161620387923243,39.505714416503906,640000
1996-08-07,39.654477974147575,39.728876619502451,39.356883392728086,39.607978820800781,917800
1996-08-08,39.617294946708213,39.617294946708213,39.394098918839433,39.542896270751953,925100
1996-08-09,39.682395867549793,39.73819487744089,39.319702303257678,39.412700653076172,648800
1996-08-12,39.431293601033616,39.793987103495951,39.282496266690089,39.70098876953125,764200
1996-08-13,39.62659949760932,39.654499004413552,39.282505580357139,39.384803771972656,805200
1996-08-14,39.394098126579735,39.561495144114772,39.282500114889707,39.524295806884766,533800
1996-08-15,39.421998262742619,39.654494124164785,39.403398593828847,39.449897766113281,632600
1996-08-16,39.56150621518514,39.803301974845411,39.56150621518514,39.784702301025391,475100
1996-08-19,39.793983858768065,39.831183189320782,39.654486369195382,39.80328369140625,436400
1996-08-20,39.812570870243171,39.82187069992554,39.682373254689935,39.775371551513672,645700
1996-08-21,39.673101750073556,39.766100113294542,39.505704696275771,39.635902404785156,266400
1996-08-22,39.728878601159344,40.082272184222091,39.710278938892884,40.00787353515625,584800
1996-08-23,39.933492431854582,39.998591278389974,39.663797210493662,39.793994903564453,757100
1996-08-26,39.701003497057869,39.747502681289603,39.533606433823614,39.598705291748047,784700
1996-08-27,39.710302027129771,39.78470071945226,39.580104315565407,39.747501373291016,389400
1996-08-28,39.840485470228458,39.87768480306714,39.673088472454388,39.682388305664062,227600
1996-08-29,39.635891487076435,39.635891487076435,39.059301793927972,39.291797637939453,680200
1996-08-30,39.282526351538209,39.291826192057037,38.76173528248372,38.882633209228516,1500900
1996-09-03,38.3711261604222,39.189511788661939,38.315327140314949,39.133712768554688,1782000
1996-09-04,39.133706725900332,39.728896181807563,38.975609526674972,39.170906066894531,930200
1996-09-05,38.984900509614953,39.142997672941156,38.696605682373047,38.696605682373047,616600
1996-09-06,38.836081164030098,39.384771008062138,38.770982368975453,39.245273590087891,804900
1996-09-09,39.39409844713412,39.719592650545287,39.328999606451887,39.710292816162109,719200
1996-09-10,39.654500637751603,39.821897685471939,39.505703262000189,39.691699981689453,669900
1996-09-11,39.617303153230893,39.95209726438496,39.524304789021436,39.914897918701172,713500
1996-09-12,40.026496375285603,40.314791307356664,39.970697356175073,40.193893432617188,713300
1996-09-13,40.658869452115724,40.844866110176639,40.547271457279173,40.807666778564453,2008800
1996-09-16,40.86347595200985,41.161070679015836,40.807676940696226,40.956474304199219,1220200
1996-09-17,40.993688799545986,41.058787670144177,40.612395414613729,40.863491058349609,604700
1996-09-18,40.807672419233626,40.919270429495882,40.603076067086143,40.761173248291016,225500
1996-09-19,40.696081133755769,40.947176698337898,40.640282119404183,40.919277191162109,410000
1996-09-20,41.036390959741638,41.148563326829773,40.905523198138816,41.064434051513672,948400
1996-09-23,40.961576812688556,41.12983522953666,40.77462301619066,41.0550537109375,466800
1996-09-24,41.017653195740181,41.428951450209773,40.86809019411487,41.045696258544922,1269800
1996-09-25,41.242050094500307,41.242050094500307,40.980314509131766,41.07379150390625,1353300
1996-09-26,41.12983522953666,41.391570544633709,40.91483836356408,41.0550537109375,773200
1996-09-27,41.111156019327098,41.111156019327098,40.905506762295445,41.092460632324219,407600
1996-09-30,41.148530609186452,41.316789026034556,41.027010641462816,41.0550537109375,578200
1996-10-01,41.101820346237957,41.307469663412675,40.942909510239311,41.279426574707031,561400
1996-10-02,41.428996276169059,41.63464562591539,41.372910089874608,41.559864044189453,609000
1996-10-03,41.578554746858821,41.59725014018025,41.400948510305241,41.522468566894531,342200
1996-10-04,41.690717448874715,42.083320617675781,41.578545114931558,42.083320617675781,754100
1996-10-07,42.064620619579827,42.251574489000184,42.027229845695757,42.130054473876953,235100
1996-10-08,42.148757338869089,42.288972765811437,41.887021875243377,41.961803436279297,386200
1996-10-09,42.027235287211113,42.102016844661662,41.587893637189111,41.634632110595703,528800
1996-10-10,41.634616739382494,41.793527490296164,41.503749062159464,41.550487518310547,1562200
1996-10-11,41.709431311713324,42.064643859863281,41.709431311713324,42.064643859863281,331300
1996-10-14,42.064652779448366,42.288997594272097,42.055305078830713,42.120738983154297,201600
1996-10-15,42.550724188910593,42.550724188910593,41.849646791246201,42.064643859863281,776900
1996-10-16,42.176779138361759,42.270256042480469,41.840262283534408,42.270256042480469,590100
1996-10-17,42.401111146769544,42.494588023195405,42.204809706275242,42.382415771484375,792500
1996-10-18,42.401162147940433,42.662897716754877,42.307685159078126,42.6068115234375,695800
1996-10-21,42.644178077080966,42.849827335672764,42.438528818489168,42.550701141357422,879200
1996-10-22,42.513333923204812,42.522681621956615,42.232902960650684,42.251598358154297,848900
1996-10-23,42.158122709331074,42.41051058364414,41.989864126455693,42.391815185546875,735900
1996-10-24,42.391770110859994,42.466551623734716,42.008514857377023,42.027210235595703,379300
1996-10-25,42.01790536668566,42.214207038031688,41.95247147623698,42.064643859863281,568300
1996-10-28,42.102035781894486,42.317032856269165,41.765518622003675,41.784214019775391,975400
1996-10-29,41.915089569565886,42.223563689948506,41.700092455359815,42.120738983154297,815900
1996-10-30,42.251582429181283,42.251582429181283,41.933760791439653,41.980499267578125,495400
1996-10-31,42.036551328708697,42.401111146769544,41.98981289049577,42.382415771484375,726300
1996-11-01,42.466591157444597,42.569415833370613,42.036597058117621,42.232898712158203,821300
1996-11-04,42.288972426844779,42.513317108154297,42.195495476299143,42.513317108154297,1608400
1996-11-05,42.65354206116897,42.952668369728563,42.644194364026482,42.756366729736328,764000
1996-11-06,42.831133462389566,43.597644362414869,42.793742686778572,43.578948974609375,1665000
1996-11-07,43.448077994701109,43.850028802311293,43.391991835499688,43.681770324707031,1446300
1996-11-08,43.691142742825107,43.934182903568249,43.522884170002925,43.924835205078125,1355700
1996-11-11,43.821980863619117,43.980891630402716,43.803285479291631,43.878067016601562,655900
1996-11-12,43.999587704585146,44.027630781516052,43.681766166034926,43.747200012207031,719900
1996-11-13,43.793937445346209,44.008934363434356,43.681765140256744,43.943500518798828,481900
1996-11-14,43.784594725272662,44.233283996582031,43.765899338968104,44.233283996582031,558800
1996-11-15,44.345472929194884,44.569817648904134,44.102432816176531,44.289386749267578,2250900
1996-11-18,44.373529612502359,44.420268110092948,44.111794025995081,44.298748016357422,1518200
1996-11-19,44.354796010993844,44.625879063537326,44.289362170724729,44.616531372070312,1029300
1996-11-20,44.60719308571894,44.878276195418408,44.457629990712341,44.691322326660156,730000
1996-11-21,44.747405015028917,44.775448093166595,44.495017311789773,44.625885009765625,653000
1996-11-22,44.691313787796126,45.018482995613077,44.691313787796126,44.971744537353516,965100
1996-11-25,45.018521012931039,45.560687586591754,44.915696317926418,45.5419921875,2058800
1996-11-26,45.635431190691826,45.878471176549667,45.149351218976143,45.392391204833984,2861800
1996-11-27,45.504559566685899,45.579341094322196,45.252171910913397,45.308258056640625,872000
1996-11-29,45.467191916109968,45.598059656000089,45.383062654752031,45.476539611816406,1073400
1996-12-02,45.420465302021569,45.541985377947952,45.102643564983346,45.495246887207031,1350600
1996-12-03,45.504558748226103,45.813032544177517,44.719352722167969,44.719352722167969,1777800
1996-12-04,44.794150506155383,44.906322836304348,44.32676579720134,44.840888977050781,2365100
1996-12-05,44.775438866886411,44.953044991828129,44.58848505115828,44.719352722167969,1697700
1996-12-06,43.822002041931405,44.719380923336146,43.466789568042032,44.457645416259766,3401800
1996-12-09,44.681990204932426,45.121331949625279,44.616556328063282,45.111984252929688,1864600
1996-12-10,45.205454228893807,45.270888095643656,44.850241809394639,44.896980285644531,1331600
1996-12-11,44.046353078234169,44.644605751622748,43.859399117800237,44.485694885253906,1847900
1996-12-12,44.738055397098897,44.794141550960703,43.63502770448342,43.747200012207031,2540200
1996-12-13,43.709842327407351,44.018316407134563,43.317238953209085,43.859405517578125,1678300
1996-12-16,43.971556984698829,44.083729323945512,43.11156905047428,43.29852294921875,1831100
1996-12-17,43.167653864674456,43.840687879021914,42.999395361087593,43.644386291503906,2023200
1996-12-18,43.896761270467138,44.130453568542457,43.831327427006052,43.990238189697266,1666800
1996-12-19,44.382857046895744,44.943718761894424,44.20525083714616,44.896980285644531,2269300
1996-12-20,45.164610841627656,45.521569080392602,44.93916353293401,44.995525360107422,1543200
1996-12-23,45.145799889929776,45.211555320481068,44.685511876070734,44.882778167724609,1263700
1996-12-24,44.995494329728736,45.211547851562507,44.9673134355765,45.2115478515625,633000
1996-12-26,45.352460251641027,45.587301077301973,45.314885719535276,45.559120178222656,1384300
1996-12-27,45.559120531726315,45.709418661315517,45.390035135938469,45.615482330322266,410400
1996-12-30,45.765793398202177,45.765793398202177,45.183387981394191,45.220962524414062,694100
1996-12-31,45.258512575243969,45.31487435927292,44.394298553466797,44.394298553466797,1378100
1997-01-02,44.713690400677123,44.713690400677123,43.736752627216951,44.507030487060547,2031900
1997-01-03,44.71368307874841,45.164577361895454,44.535204091669371,45.145790100097656,2123200
1997-01-06,45.145787510523562,45.352447378445227,44.67610599251978,44.751255035400391,1374100
1997-01-07,44.751247262025167,45.371226758098565,44.563374687457475,45.296077728271484,939000
1997-01-08,45.540320986185115,45.559108247318029,44.901554107666016,44.901554107666016,1802200
1997-01-09,45.126999889073034,45.615468663892308,45.051850846793151,45.277297973632812,1415700
1997-01-10,44.638545407450259,45.840930468930402,44.638545407450259,45.765781402587891,2369500
1997-01-13,45.991222429422528,45.991222429422528,45.474572667654101,45.700019836425781,1364600
1997-01-14,46.10396296214244,46.526676558983603,45.991239336318131,46.273048400878906,2111200
1997-01-15,46.122738120514157,46.413940744085629,45.916078194108593,46.160312652587891,1583900
1997-01-16,46.310608148284906,46.470299900520367,45.991224643813972,46.348182678222656,1308400
1997-01-17,46.413932289258788,46.742709385013505,46.357570501415118,46.629985809326172,1604000
1997-01-20,46.742728846221866,46.949388821024293,46.573643412292604,46.686367034912109,1889900
1997-01-21,46.517261223402805,47.221783556148203,46.35756949464718,47.062091827392578,2785800
1997-01-22,47.080873689715752,47.400257110595703,46.817852048991078,47.400257110595703,1201600
1997-01-23,47.531767397448185,47.907512594265953,46.235446468426865,46.742702484130859,2601100
1997-01-24,46.817874585378448,46.836661854473704,46.141532897949219,46.141532897949219,2176000
1997-01-27,46.216692661645219,46.432746306201686,45.916096286610127,46.010032653808594,2108500
1997-01-28,46.667576432616393,46.799087316283185,45.690638439663076,46.141532897949219,4376000
1997-01-29,46.216684710594919,46.592430114746094,46.047599278726885,46.592430114746094,1122700
1997-01-30,46.817843127402533,47.212375513307606,46.536034280327478,47.193588256835938,2126300
1997-01-31,47.456628664882601,47.738437623700193,47.118457914301487,47.137245178222656,3208100
1997-02-03,47.325120628413025,47.428450586116981,47.109067080486561,47.278152465820312,755000
1997-02-04,47.34390783083947,47.616323173516918,47.15603518071709,47.569355010986328,654100
1997-02-05,47.635110508486356,47.77601499628507,46.3669701182979,46.676959991455078,2255400
1997-02-06,46.761506536301496,47.015134635232826,46.53605933725143,46.986953735351562,2483100
1997-02-07,47.381478920961037,47.64450061203695,46.761499220567806,47.625713348388672,2321000
1997-02-10,47.644497694032971,47.813583056511796,47.146635237845324,47.174816131591797,1670000
1997-02-11,47.362699827059046,47.719657897949219,46.96816722239096,47.719657897949219,1664300
1997-02-12,47.719673340365013,48.48055789559524,47.653917884974746,48.396015167236328,2675400
1997-02-13,48.583834160308136,49.034728212840001,48.508685151552825,48.922004699707031,1104800
1997-02-14,48.809299468994141,48.978384802027605,48.640214135960669,48.809299468994141,1112900
1997-02-18,48.903242283013029,49.260200255881742,48.546284310144323,49.222625732421875,833100
1997-02-19,49.091126156677781,49.297786083093186,48.790529900073551,48.89385986328125,648100
1997-02-20,48.715379010930874,48.912645296937342,48.189335581580295,48.302059173583984,1193900
1997-02-21,48.339633822997286,48.555687374868434,48.179942067266438,48.320846557617188,1844400
1997-02-24,48.076613790638511,48.9220407623379,48.076613790638511,48.89385986328125,787300
1997-02-25,48.94081300269346,49.015962043772454,48.621429578107751,48.931419372558594,1653900
1997-02-26,48.884446113411883,48.959595146637724,47.869934164862983,48.452339172363281,1597800
1997-02-27,48.583839228809694,48.583839228809694,47.71962553796466,47.729019165039062,1813100
1997-02-28,47.644515647843001,48.020261039387506,47.531792030379648,47.588153839111328,2961200
1997-03-03,47.343906178193933,47.945098637599571,47.306331649481081,47.907524108886719,1210400
1997-03-04,48.039021731175083,48.170532545456751,47.550552992414602,47.644489288330078,1478700
1997-03-05,47.926295939782364,48.452339172363274,47.766604244177444,48.452339172363281,1254800
1997-03-06,48.471143725509762,48.640229110598753,48.020249365272463,48.170547485351562,1528500
1997-03-07,48.358426654758169,48.790533808238912,48.245703049502325,48.6026611328125,1859300
1997-03-10,48.659022272134791,49.109916687011712,48.424181431053057,49.109916687011719,1074900
1997-03-11,49.147481900728664,49.175662796313944,48.846885681152344,48.846885681152344,624600
1997-03-12,48.884461266336672,48.903248530466705,48.273875182110714,48.414779663085938,1055600
1997-03-13,48.245708737732343,48.37721962603613,47.531792486940354,47.663303375244141,2514100
1997-03-14,47.879343212352083,48.114184016807407,47.644502407896752,47.907524108886719,1642700
1997-03-17,47.644507022122177,48.114188676520072,47.156038101548369,48.039039611816406,3013500
1997-03-18,48.095376896372805,48.161132294473312,47.325099375766833,47.522365570068359,1352500
1997-03-19,47.400287404224926,47.794820117458663,46.930605602756188,47.362712860107422,1510000
1997-03-20,47.343893461820613,47.49419153630258,46.817850201133716,47.118446350097656,1808200
1997-03-21,47.487490194252288,47.525208613787044,47.280038886811155,47.336616516113281,2810600
1997-03-24,47.374342451114316,48.02498529130677,47.129172685244697,47.996696472167969,2145600
1997-03-25,47.883544027237662,48.260728304726733,47.393204466501871,47.525218963623047,2125800
1997-03-26,47.713795363879491,48.072120309299933,47.487484872035004,47.732654571533203,1335300
1997-03-27,47.902401143854313,47.902401143854313,45.959902199831873,46.469100952148438,2898500
1997-03-31,46.412531628142148,46.544546143134831,45.412993157483257,45.488430023193359,4270700
1997-04-01,45.412999319121717,45.9787758887121,45.290414395710464,45.780754089355469,3210900
1997-04-02,45.639324092224939,45.827916340539922,44.922673548628019,44.960391998291016,2672700
1997-04-03,44.922632515803443,45.337535083119846,44.771758854961114,45.205520629882812,2284200
1997-04-04,44.960362758565743,45.780738505209037,44.752911420334108,45.771308898925781,3706700
1997-04-07,45.978743520478758,46.24277240041588,45.950454711914062,45.950454711914062,2596200
1997-04-08,45.941059252452149,46.337102866697428,45.771326274918458,46.280525207519531,1822700
1997-04-09,46.4690966516023,46.497385468557411,45.771305833376125,45.9033203125,2453200
1997-04-10,45.922188953517633,46.195647573569381,45.677019156229861,45.733596801757812,1996500
1997-04-11,45.299830630040859,45.45070433738487,44.28143310546875,44.28143310546875,4221600
1997-04-14,44.498307879969559,44.932069728343919,44.243708534184613,44.875492095947266,3988500
1997-04-15,45.412983123527091,45.648723276784601,44.960362029272666,45.639293670654297,2760400
1997-04-16,45.488419140086457,46.233358010747075,45.412982292424623,46.167350769042969,2273300
1997-04-17,46.167355719700126,46.469103142704697,45.865608296695548,45.978763580322266,1386000
1997-04-18,46.355940368029529,46.459666027925451,46.01647457200653,46.205066680908203,1702100
1997-04-21,46.318222961175017,46.41251901769207,45.544995297735205,45.9033203125,2809400
1997-04-22,45.931609666527216,46.912288665771484,45.865602426193469,46.912288665771484,3215000
1997-04-23,46.865146070120325,47.091456634644047,46.582257864465674,46.959442138671875,2047700
1997-04-24,47.100881901807433,47.242325991602648,46.393661452831346,46.723697662353516,2689900
1997-04-25,46.506840286472958,46.591706783346083,46.120226245162051,46.186233520507812,1606200
1997-04-28,46.167344231765568,46.959431020055661,46.091907394785558,46.638824462890625,1666500
1997-04-29,47.430897611395984,48.147547356617871,47.251735175090509,48.109828948974609,3197400
1997-04-30,47.826944947289249,48.694468396648595,47.808085741868396,48.336143493652344,3372200
1997-05-01,48.411612762510778,48.600204943120481,47.864695438742636,48.279598236083984,2149500
1997-05-02,48.449330373077508,49.28856556249049,48.317315848900186,49.147121429443359,1448300
1997-05-05,49.279134055485073,50.429546293290123,49.062253059833303,50.316390991210938,3636200
1997-05-06,50.071231279709423,50.372978812845147,49.788342967394676,50.278682708740234,1721100
1997-05-07,50.090083631269771,50.090083631269771,49.128263501301866,49.184841156005859,2327200
1997-05-08,49.071689791653959,50.222102196454458,48.996252912650647,49.524311065673828,2923700
1997-05-09,50.071182611670331,50.16547862412169,49.279096107078935,49.863731384277344,2558200
1997-05-12,50.052333283992041,50.84441994485401,50.014614871570046,50.693546295166016,2357900
1997-05-13,50.655835940760383,50.750131986815404,50.099489269035722,50.486103057861328,1195100
1997-05-14,50.834990213381367,50.995293465770068,50.354080456215264,50.580390930175781,2772000
1997-05-15,50.58037994384766,51.05185999552409,50.401217524210615,50.919845581054688,884100
1997-05-16,50.769012789237422,50.88216809263097,50.090080968876151,50.222095489501953,1934200
1997-05-19,50.278651647021462,50.636976621250049,50.127777973662063,50.372947692871094,1375800
1997-05-20,50.259775464463317,51.108439590504915,49.939169016847607,50.976425170898438,1756400
1997-05-21,51.108450940860216,51.287613407258064,50.486097110215056,50.86328125,1208000
1997-05-22,50.919856769698008,50.976434388331008,50.429517408212028,50.693546295166016,907600
1997-05-23,50.919854135650404,51.429052677006908,50.787839699002419,51.165023803710938,644400
1997-05-27,50.919865091466697,51.617655835312718,50.853857858940721,51.372486114501953,1531000
1997-05-28,51.372481972050267,51.570503653660587,51.00472742048823,51.363052368164062,716700
1997-05-29,51.353646744915658,51.447942827811204,50.995321629912567,51.061328887939453,1282700
1997-05-30,50.222104809962282,51.636546364880481,50.165527147765552,51.391376495361328,2143300
1997-06-02,51.504489497948612,51.598785524125738,51.127305393240086,51.165023803710938,1479100
1997-06-03,50.938722666904063,51.561076553615592,50.90100424952761,50.99530029296875,1562100
1997-06-04,51.014176636702565,51.146191141862239,50.740718018871817,50.938739776611328,1063100
1997-06-05,51.051897730698933,51.485659698857809,50.948172042660943,51.127334594726562,1180800
1997-06-06,51.051845400102231,52.164538003946348,51.051845400102231,52.126819610595703,1511100
1997-06-09,52.164592874745317,52.428621905926242,52.10801522520655,52.390903472900391,1823400
1997-06-10,52.409737736708642,52.749203472318847,52.20228645383574,52.551181793212891,1217500
1997-06-11,52.504038023001144,52.74920774078096,52.400312373171218,52.673770904541016,1673800
1997-06-12,53.032108163515389,53.711039846974337,52.843516029221234,53.692180633544922,4273300
1997-06-13,53.748773756196634,54.314550322051339,53.654477661887519,54.144817352294922,2132900
1997-06-16,54.163665771484382,54.314539492296312,53.993932835570952,54.163665771484375,800400
1997-06-17,53.975074839891249,54.455984835844163,53.673327391450208,54.088230133056641,2048100
1997-06-18,53.786491447432709,54.088238945034014,53.692195354432307,53.899646759033203,1971900
1997-06-19,54.078797915900424,54.616285532501351,53.937353806268597,54.455982208251953,2029900
1997-06-20,54.488141634608574,54.734265971387558,54.223084656538902,54.270416259765625,1396900
1997-06-23,54.166309922688512,54.469232313028613,52.916755062535614,52.954620361328125,3991500
1997-06-24,53.465802978771002,54.450300767331939,53.314341780530853,54.298839569091797,4895100
1997-06-25,54.213633481706125,54.677483322915066,53.276467475998267,53.920177459716797,4708900
1997-06-26,53.825507016609315,54.298823117705069,53.124999186987594,53.655113220214844,2569900
1997-06-27,53.90122282165634,54.355606154188749,53.730829071956691,53.863357543945312,2617900
1997-06-30,53.863393934753368,54.204181664393289,53.238616430413522,53.503673553466797,2384900
1997-07-01,53.61722912943501,54.260938801186704,53.550964898519396,54.128410339355469,1749000
1997-07-02,54.26095146814545,55.018257141113281,54.052692408079295,55.018257141113281,1961800
1997-07-03,55.661966436506525,55.832360211312157,55.415842095120617,55.775562286376953,2539100
1997-07-07,55.964909400468997,56.040639995056907,55.075074914060998,55.207603454589844,1158600
1997-07-08,55.283315345586793,55.851294612835972,55.245450061103512,55.785030364990234,3396500
1997-07-09,55.927033122631485,55.964898412491088,54.544950042756028,55.169727325439453,5390300
1997-07-10,55.207619101756016,55.643070144053816,54.819499694490581,55.415878295898438,2072200
1997-07-11,55.491632451806538,55.851353030647999,55.359103817496532,55.605228424072266,2258900
1997-07-14,55.671432757329065,55.927023419537512,55.26438096196005,55.775562286376953,3186400
1997-07-15,55.927076028593888,56.20159959068414,55.415894223322375,56.059604644775391,2983100
1997-07-16,56.41929395039876,57.006206068674722,56.277299083073935,56.797946929931641,2621300
1997-07-17,56.722217118919794,56.835813014351544,56.211035589476928,56.513957977294922,1794800
1997-07-18,56.353028925644821,56.47609114234789,55.169738380422984,55.311733245849609,3961900
1997-07-21,55.302264861747219,55.491591341931226,54.942544549397617,55.321197509765625,3810300
1997-07-22,55.548390381652965,56.826344148102038,55.510525084869286,56.788478851318359,4243400
1997-07-23,56.911555224352774,57.242876653636259,56.665430734027893,56.741161346435547,3204300
1997-07-24,56.911547075193688,57.110339904298655,56.154241059555716,57.006210327148438,4152700
1997-07-25,57.290170012220827,57.441631135848638,56.722190798616516,56.968315124511719,2364800
1997-07-28,57.100890118694402,57.290216677443389,56.646506377696831,56.930496215820312,2794700
1997-07-29,56.722196008102522,57.233377347294365,56.599133833852633,57.119781494140625,2737100
1997-07-30,57.252303082553276,57.933878119250345,57.195505162828525,57.801349639892578,4839800
1997-07-31,57.80140017274951,58.180053301951929,57.574208295228054,57.744602203369141,2138700
1997-08-01,57.858159721329308,57.990688228544393,56.835796951384353,57.517372131347656,7077700
1997-08-04,57.422748293911084,57.886598387284252,57.195556411442595,57.668872833251953,2339500
1997-08-05,57.612062809661303,57.971783214979595,57.498466892192369,57.70672607421875,1466700
1997-08-06,57.820340817889374,58.482983885546908,57.593148908978215,58.180061340332031,2478200
1997-08-07,58.46404314885374,58.539773774694225,57.631006264608416,57.744602203369141,3641900
1997-08-08,57.138726766808446,57.403783816091192,55.983835337790779,56.570747375488281,7113100
1997-08-11,56.797970489806119,57.119825655915022,56.116394843928447,56.987297058105469,6355900
1997-08-12,57.081944634993285,57.280737477005701,56.021716144260409,56.078514099121094,6132500
1997-08-13,56.760084636002283,56.854747885895549,55.415866487517903,55.908115386962891,6982300
1997-08-14,56.400349385342615,56.532877900178931,55.567313006371457,56.116359710693359,3462700
1997-08-15,55.813442146574786,55.813442146574786,54.29883041939501,54.39349365234375,4907100
1997-08-18,54.75325863207933,55.605228424072266,54.128480784617842,55.605228424072266,5638900
1997-08-19,55.870244590171211,56.286762848722134,55.453726331620295,56.248897552490234,3802800
1997-08-20,56.305712029535506,57.138748791236772,56.106919165947708,57.100883483886719,3564600
1997-08-21,57.025142488148092,57.10087308906197,55.794520223297617,56.097442626953125,5392600
1997-08-22,55.131881518109601,56.18264368303236,54.866824395426384,56.078514099121094,8087800
1997-08-25,56.211049919167195,56.589703000468425,55.643070297215353,55.870262145996094,3888000
1997-08-26,55.737726045249353,56.078513772428188,54.952021007587035,55.046684265136719,4290000
1997-08-27,55.131885308159724,55.718797548734223,54.772164902646317,55.378009796142578,5484300
1997-08-28,55.245481692716247,55.699865366679639,54.526040875607535,54.535507202148438,4287900
1997-08-29,54.601773632677428,55.198152228179971,54.355649132946219,54.75323486328125,2652300
1997-09-02,54.942555207177769,56.561296926755197,54.885757252104874,56.53289794921875,7294000
1997-09-03,56.523398249719286,56.949382661247903,56.192077040752579,56.229942321777344,2812500
1997-09-04,56.381416808326499,56.779002353314695,56.192090358332116,56.589675903320312,2473700
1997-09-05,56.930468031472557,57.214457729002348,56.097431585385159,56.428752899169922,3663300
1997-09-08,56.778999078845224,56.949392874013483,56.532874708046634,56.674869537353516,803500
1997-09-09,56.476078225774245,57.119788135152831,56.286751781839364,56.703269958496094,1885200
1997-09-10,56.419276053125927,56.646467768776098,55.529441833496094,55.529441833496094,3623700
1997-09-11,55.60518462041864,55.68091520893811,54.677484911055174,55.245464324951172,7055900
1997-09-12,55.737687572459947,56.324599364153649,55.093977865441047,56.135272979736328,6708000
1997-09-15,56.135312673207871,56.53289836161845,55.851322895771744,56.0406494140625,2060500
1997-09-16,56.532860818157566,57.725617091280114,56.362467064854343,57.441627502441406,6979000
1997-09-17,57.782415009047853,57.858145566071506,57.252301109882275,57.441627502441406,2220000
1997-09-18,57.555249936861564,58.388286449105614,57.536317288856019,57.687778472900391,5045400
1997-09-19,57.557337137791166,57.984884211280864,57.40532040055038,57.785362243652344,1566400
1997-09-22,58.070405689386703,58.497952851694031,57.899386824463768,58.108409881591797,3259000
1997-09-23,58.108402204576208,58.193911625740562,57.614347771182167,57.842372894287109,1872800
1997-09-24,57.994393964365017,58.440943197052626,57.329320639085601,57.367324829101562,2793100
1997-09-25,57.31031466452896,57.61434816407553,56.930272790095742,56.968276977539062,6327800
1997-09-26,57.424326763853429,57.652351886674815,57.272310015305834,57.443328857421875,3995800
1997-09-29,57.462345088293795,58.108416428572234,57.253322007615481,57.994403839111328,2065000
1997-09-30,57.766398448817775,58.184444753381591,57.386356353759766,57.386356353759766,4137600
1997-10-01,57.918386751062727,58.260424468096566,57.633355320201197,58.146411895751953,3567500
1997-10-02,58.089387228553228,58.48843110549128,57.956372602907216,58.469429016113281,2577500
1997-10-03,59.267559485100115,59.438578412758304,57.975416476127108,58.764003753662109,6499900
1997-10-06,59.172532218543424,59.353052146634681,58.925504948523816,59.153530120849609,2272100
1997-10-07,59.305511696789388,59.894576375610434,59.105989789446781,59.704555511474609,1832800
1997-10-08,59.809098638021034,59.81859968625583,58.820989621602578,59.286540985107422,4439400
1997-10-09,58.849493303418576,59.353048864458486,58.507455563844303,59.077518463134766,3607600
1997-10-10,58.564482980543566,58.973028205748527,58.526478773547758,58.906520843505859,2858100
1997-10-13,59.191522287853758,59.315035897764204,58.811480411206219,58.963497161865234,1760300
1997-10-14,59.26753340431096,59.286535499022186,58.488447521150732,58.982501983642578,2235700
1997-10-15,58.564459680317675,59.020509982825011,58.545457584379868,58.849491119384766,2601700
1997-10-16,59.172561773165,59.286574416273218,57.766405841496983,57.918422698974609,9488100
1997-10-17,57.775887442219918,57.994411601267942,56.550251941472283,57.329338073730469,8151300
1997-10-20,57.671359510982739,58.222420277315024,57.253313412385829,58.146411895751953,3636400
1997-10-21,58.507446154548411,59.28653199161775,58.393433593026067,59.277030944824219,5225400
1997-10-22,59.191530491698749,59.220033636397801,58.697475983581839,58.887496948242188,4485200
1997-10-23,57.728351593017578,58.222405951614832,57.329307687996717,57.728351593017578,8054100
1997-10-24,58.469474190093102,58.469474190093102,56.958806917388387,57.158329010009766,6778700
1997-10-27,56.55972484123749,57.12028653544764,52.80681180372887,53.015834808349609,10840700
1997-10-28,51.305668364537439,56.474239399779734,51.305668364537439,56.0751953125,19548000
1997-10-29,56.246188465446352,57.006272093357786,55.505106928232699,55.923152923583984,10134400
1997-10-30,55.106057119999107,56.284186617047361,54.57399863746118,54.688011169433594,9772900
1997-10-31,55.828154445422882,56.246200530446472,54.992062275375702,55.980171203613281,7072700
1997-11-03,56.664274304471121,57.386354258719912,56.474253263879334,57.158329010009766,5548500
1997-11-04,57.082320593773055,57.424358466838271,56.721280616648656,57.158329010009766,3455700
1997-11-05,57.272342108036995,57.937415755608761,57.063318961657302,57.348350524902344,4774900
1997-11-06,57.177334669840505,57.367355722249414,56.854298880745361,57.129829406738281,3679800
1997-11-07,56.170196004738003,56.702254694904667,55.600133122416572,56.512233734130859,10606800
1997-11-10,56.930295848717385,57.063310558644297,55.942186574974627,56.170211791992188,4347900
1997-11-11,56.360220229581351,56.588245395715866,55.961176188845947,56.189201354980469,3212400
1997-11-12,55.714131281520778,56.379204472125565,54.954047635115309,55.030055999755859,6775300
1997-11-13,55.619109668562899,56.037155590226163,54.783017825236364,55.828132629394531,8589600
1997-11-14,56.132179923790908,56.787752099610408,55.704632852604284,56.588230133056641,5827900
1997-11-17,57.386319355095253,57.956382130145869,57.177296337576692,57.633346557617188,5149900
1997-11-18,57.652354049935752,57.823372898468847,57.091792268632815,57.272312164306641,3433600
1997-11-19,56.968262514685513,57.80435442617523,56.398199847760708,57.557327270507812,4387900
1997-11-20,57.956393668322058,58.697475423425189,57.937391572037363,58.431446075439453,4822700
1997-11-21,58.754481727146668,58.868494304883697,58.165416742172042,58.830490112304688,5436500
1997-11-24,58.374424342105272,58.583447345934424,57.538332326788655,57.766357421875,4337200
1997-11-25,58.146447985191045,58.260460628299263,57.557382662465251,57.918422698974609,4525000
1997-11-26,58.298435763982063,58.364943105955319,57.956398005262486,58.089412689208984,2681100
1997-11-28,58.222420277315024,58.526453803567328,58.127409800361185,58.146411895751953,1564700
1997-12-01,58.507468403126261,59.647594451904297,58.393455798248453,59.647594451904297,4850900
1997-12-02,59.400553563924937,59.581073480386003,59.134524213350744,59.286540985107422,1974900
1997-12-03,59.362539582147356,59.913600288895843,58.906489342079645,59.457550048828125,3302500
1997-12-04,59.894620713559164,60.027635416920496,59.21054509627232,59.400566101074219,2872500
1997-12-05,59.210524577696873,60.198633460251507,59.058507826534623,60.160629272460938,3458800
1997-12-08,60.179641178676064,60.198643275669646,59.742592947823667,59.989620208740234,2289200
1997-12-09,59.723569563652312,59.951594646300684,59.362529849459058,59.628559112548828,1703000
1997-12-10,59.324543532663043,59.495562396146056,58.659470174673551,59.115520477294922,3558400
1997-12-11,58.564460188052948,58.735479052975883,57.956393112771416,58.108409881591797,5072800
1997-12-12,58.640461991412209,58.678466179352206,57.709359386882333,58.222415924072266,4478400
1997-12-15,58.5264728404401,59.049030633658312,58.298447621581239,58.811504364013672,4674700
1997-12-16,59.115505780787828,59.476545513939534,58.906482777384205,59.172512054443359,2885800
1997-12-17,59.495557425482339,59.514559519837327,58.801980981525098,58.868488311767578,2236300
1997-12-18,58.944502670109038,58.944502670109038,57.899387374539728,58.298431396484375,4658300
1997-12-19,57.710075912953528,58.530417487914519,56.393713850806819,57.862697601318359,8556000
1997-12-22,58.26333489195428,58.549500583957979,57.72915893354736,58.234718322753906,5136800
1997-12-23,58.263313064422512,58.377779298340826,57.099573019586302,57.194961547851562,4436500
1997-12-24,57.652799310872453,57.652799310872453,56.927846837737718,57.023235321044922,2019200
1997-12-26,57.462055866021544,57.462055866021544,57.023268586832138,57.252201080322266,941800
1997-12-29,57.74820906321208,58.435006395975755,57.65282054477268,58.377773284912109,2080000
1997-12-30,58.568568910871235,59.369832720075337,58.511335781642373,59.293521881103516,3616000
1997-12-31,59.140878175046467,59.598743038337155,59.0264119592238,59.255344390869141,4359500
1998-01-02,59.407997651866886,59.617852492640978,58.931054831925756,59.560619354248047,2360900
1998-01-05,59.73227007955208,60.094746327240195,59.083628373162817,59.694114685058594,4191800
1998-01-06,59.369817710844252,59.388895415764189,58.721175743566391,58.740253448486328,3154900
1998-01-07,58.663962209421648,59.04551643517398,58.129786293368376,58.892894744873047,4424200
1998-01-08,58.797482766045469,58.797482766045469,58.225151655409071,58.377773284912109,3831000
1998-01-09,58.148877008912038,58.301498733344879,56.107561444622803,56.355571746826172,10258800
1998-01-12,55.630600553877812,57.50021607317823,55.497056588213496,57.385749816894531,12097900
1998-01-13,57.767290764480343,58.225155684674377,57.519280599375243,58.187000274658203,5224900
1998-01-14,58.415927082689251,58.587626411149145,57.824518284660719,58.454082489013672,3770400
1998-01-15,58.301484605601807,58.454106293051026,57.881774965116456,57.967624664306641,2875400
1998-01-16,58.759345191396108,59.026433124084271,58.396868711319314,58.797500610351562,4374800
1998-01-20,59.026428022908377,59.837230605640634,58.911961775934408,59.751380920410156,5091700
1998-01-21,59.350753643987716,59.636919283544067,58.70211152765998,59.179054260253906,4699400
1998-01-22,58.702086495352795,59.140873622227382,58.530387184836648,58.654392242431641,4543400
1998-01-23,58.911952612066116,59.083651955818894,57.996222778717936,58.568553924560547,6350300
1998-01-26,58.835665612052907,59.05505930678008,58.244256521918778,58.530422210693359,4362900
1998-01-27,58.492284355643648,59.522481144686296,58.396895764065626,59.121849060058594,7044200
1998-01-28,59.46523634297877,59.894484921007972,59.331692340925244,59.656013488769531,4268600
1998-01-29,59.732267959730613,60.781541271064114,59.560568690603318,59.980278015136719,8007700
1998-01-30,60.304636390816988,60.419102641479725,59.827693679722266,60.018470764160156,3649100
1998-02-02,60.99142796967908,61.35390439489769,60.896039436726817,61.010505676269531,5756300
1998-02-03,61.048696886153785,61.544717548353788,60.876997426161481,61.468406677246094,2759600
1998-02-04,61.220367576262454,61.754543422985847,61.010512779335414,61.392066955566406,3374000
1998-02-05,61.849948171359387,62.021647595647551,61.067761905157745,61.353927612304688,5076200
1998-02-06,61.659144890704283,62.040699005126953,61.468367833492941,62.040699005126953,5701200
1998-02-09,62.097917437295941,62.116995138505551,61.487430998588266,61.830829620361328,2322200
1998-02-10,61.926277722589539,62.555842468382963,61.773655966033559,62.422298431396484,3660400
1998-02-11,62.326876777142473,62.479498452752253,62.088405409002199,62.365032196044922,4073200
1998-02-12,62.097949941021035,62.841980677641565,61.582851738745283,62.632125854492188,5024700
1998-02-13,62.384085199412176,62.584401069318545,62.193308180453734,62.269618988037109,2101300
1998-02-17,62.765655761811793,62.937355124078145,62.365023916523633,62.574878692626953,3055500
1998-02-18,62.460434365632665,63.175848626082036,62.441356652020687,63.147232055664062,3007400
1998-02-19,63.032767277444592,63.128155847779709,62.727523852372222,62.813373565673828,3387800
1998-02-20,62.975484203422575,63.318882784356113,62.498541729903771,63.280727386474609,3707000
1998-02-23,63.643236699834603,63.643236699834603,63.089983143391194,63.528770446777344,3227800
1998-02-24,63.433407928984046,63.547874229006275,62.841998712202539,63.03277587890625,3386800
1998-02-25,63.337987286805749,64.02478473931329,63.261676458749356,63.814929962158203,3481800
1998-02-26,63.757719495775582,64.234662340597367,63.605097785432612,64.17742919921875,3187600
1998-02-27,64.082040630254397,64.425439478526073,63.814952637154192,64.17742919921875,3442900
1998-03-02,64.253723817245216,64.558967160795078,63.872169637807886,64.043869018554688,4252300
1998-03-03,63.814902373399775,64.482621830221603,63.814902373399775,64.40631103515625,3349200
1998-03-04,64.158363274043708,64.349140447026286,63.757731210780271,63.986663818359375,4404100
1998-03-05,63.185363126669237,63.757694314410806,62.975508357830662,63.395217895507812,7268000
1998-03-06,63.834012227916432,64.673431396484375,63.757701394410255,64.673431396484375,6896300
1998-03-09,64.425433701492054,64.845143367299812,64.253734292752512,64.444511413574219,3362800
1998-03-10,64.845115046347345,65.226669121347911,64.673415712597077,65.054969787597656,5481900
1998-03-11,65.302996366537599,65.512851160587246,65.188530115237796,65.3602294921875,3439600
1998-03-12,65.379301516954285,65.68454482721728,65.016825086016993,65.627311706542969,3191300
1998-03-13,65.83716027132094,65.932548796779244,65.245751413479468,65.379295349121094,2879400
1998-03-16,65.837187181168829,66.161508300287892,65.646410052275272,66.085197448730469,3223600
1998-03-17,66.123341153528614,66.275962829589844,65.722709253867876,66.275962829589844,4581900
1998-03-18,66.085222144163808,66.524009704589844,65.951678104034144,66.524009704589844,1944100
1998-03-19,66.523986918975339,66.771997194268337,66.333209784134567,66.695686340332031,2554800
1998-03-20,67.078663675180195,67.461314352163541,66.657747930498516,67.269989013671875,3123300
1998-03-23,67.174302793826868,67.53782080951548,66.982977522411801,67.116905212402344,4453100
1998-03-24,67.384744203178272,67.843924742893279,67.308214113225773,67.690864562988281,3333600
1998-03-25,68.207408672359819,68.283938724166106,66.849000252798092,67.442108154296875,4597600
1998-03-26,67.26994959982558,67.805660233726357,67.116889418711082,67.403877258300781,3333500
1998-03-27,67.805676189496552,67.82480871663806,66.734254669572223,67.116905212402344,2611300
1998-03-30,67.116885953947815,67.403873778722385,66.715102999263394,67.078620910644531,3108700
1998-03-31,67.442117000317424,68.073490010533163,67.193394299323344,67.308189392089844,5926500
1998-04-01,67.537821295499029,68.006568213838889,66.982978004402852,67.853507995605469,2929000
1998-04-02,67.920472319322315,68.72403847070585,67.805677154838961,68.590110778808594,3920900
1998-04-03,68.781426191793159,69.068414061856274,68.475305797059178,68.934486389160156,3787600
1998-04-06,69.336257106309247,69.412787191415546,68.379631042480469,68.379631042480469,4550500
1998-04-07,68.417893840091324,68.5326889639841,67.442135287002785,67.920448303222656,5583700
1998-04-08,68.092623719817865,68.130888751410907,67.193395477381372,67.53778076171875,4854800
1998-04-09,67.690858799128662,68.130906778885588,67.671726278269674,68.073509216308594,4481200
1998-04-13,68.188314900188601,68.188314900188601,67.346483852038119,67.882194519042969,4350200
1998-04-14,68.035268776106264,68.456184387207031,67.901341081665109,68.456184387207031,3279100
1998-04-15,68.551828841567712,68.647491455078125,68.054383251313524,68.647491455078125,3867200
1998-04-16,68.150053503011748,68.264848652090379,67.652607857004369,67.84393310546875,7177900
1998-04-17,67.786537788321041,68.838826689917894,67.614345058968823,68.7431640625,5688800
1998-04-20,68.570976953995,68.915362440929115,68.494446845787408,68.724037170410156,3688300
1998-04-21,68.838843316310459,69.278891508716001,68.513590304532443,69.049301147460938,4573200
1998-04-22,69.10668053986717,69.451065991062521,69.068415489734349,69.240608215332031,2386100
1998-04-23,68.953611450535902,69.183201721736353,68.417900817734846,68.570960998535156,5062000
1998-04-24,68.417908850861878,68.857956922329947,67.556945232772179,67.84393310546875,11039700
1998-04-27,66.963832862900063,67.155158099651203,65.892411537093665,66.562049865722656,14510200
1998-04-28,67.212553284534721,67.23168580753061,66.198529565752963,66.466384887695312,6511400
1998-04-29,66.753359694832596,67.327335272604159,66.389841828910605,66.925552368164062,7703100
1998-04-30,67.690823276893425,68.523087497510971,67.595160722799463,68.169136047363281,8684500
1998-05-01,68.417908223046553,68.934486389160156,68.150052877654318,68.934486389160156,4008800
1998-05-04,69.010990794526251,69.3745086279324,68.66660547866779,68.76226806640625,4537200
1998-05-05,68.570923227794893,68.666585788101528,68.035212890077744,68.283935546875,5146400
1998-05-06,68.647452795441311,68.647452795441311,67.461237055943712,67.480369567871094,5526100
1998-05-07,67.652597833476975,67.690862877500436,66.944694519042969,66.944694519042969,6940400
1998-05-08,67.346492119393275,68.188323270885689,67.346492119393275,68.035263061523438,7951000
1998-05-11,68.303125049944114,68.704908138473201,67.576088984986725,67.805679321289062,6336300
1998-05-12,67.843928734860825,68.551832108574828,67.556940880652448,68.532699584960938,6045200
1998-05-13,68.609209541356918,68.915329829327277,68.322221771384704,68.704872131347656,4441500
1998-05-14,68.283974058982409,68.991877404508429,68.169178921870085,68.360504150390625,4187500
1998-05-15,68.570944668238113,68.704872294543264,67.843908982581567,67.977836608886719,6716100
1998-05-18,67.78649098659578,68.32220133026631,67.241214386788286,67.7099609375,4847200
1998-05-19,67.958678428356549,68.379593666370013,67.824750852624987,68.169136047363281,5918700
1998-05-20,68.628354046853147,68.877076824274127,67.882185714590165,68.819679260253906,5716600
1998-05-21,68.800546510565127,69.049269287160612,68.150040787161572,68.379631042480469,6301500
1998-05-22,68.417913938372322,68.609239201063517,67.920468255375198,68.111793518066406,4862200
1998-05-26,68.628364645750764,68.628364645750764,66.849039886326509,67.021232604980469,6899300
1998-05-27,66.447266762449644,67.289097956675903,65.863724684633723,67.116905212402344,10202600
1998-05-28,67.269966818282342,67.57608725886611,66.772521102333727,67.423027038574219,4907600
1998-05-29,67.729107634527153,67.843902732212797,66.753349304199219,66.753349304199219,4772600
1998-06-01,66.715085829273605,67.480386498379133,66.466363111814317,67.059471130371094,6092200
1998-06-02,67.346495538100413,67.556953336656974,66.829917305279764,67.116905212402344,6701100
1998-06-03,67.269937155006389,67.461262346004702,66.045455932617188,66.045455932617188,6445100
1998-06-04,66.27509725351517,67.384784216766874,66.160302050420171,67.269989013671875,6566300
1998-06-05,67.576069823333185,68.570960998535156,67.26994946173258,68.570960998535156,8463200
1998-06-08,68.532741388928287,68.857994488764078,68.36054857136817,68.494476318359375,4159900
1998-06-09,68.398751843377298,68.829233498335626,68.207426663395822,68.704872131347656,2725300
1998-06-10,68.341399812912201,69.221496227076244,68.111809443999832,68.264869689941406,6186900
1998-06-11,68.22661642223315,68.494471898932886,66.963869174934388,66.983001708984375,8056600
1998-06-12,67.269971475131641,67.614356994628906,66.275079974361773,67.614356994628906,9779000
1998-06-15,66.619440098135883,67.289078352999397,65.81587419229966,65.835006713867188,10234200
1998-06-16,66.370761956497134,66.868207851818241,65.968978733353154,66.849075317382812,7471500
1998-06-17,67.442138742458127,68.437029867169571,67.308211091054659,68.245704650878906,12057700
1998-06-18,68.07350282875862,68.226562981268486,67.80564756186638,67.9395751953125,3844600
1998-06-19,68.213355779783214,68.318919498632056,67.330459222138302,67.599166870117188,3549100
1998-06-22,67.714348570173428,68.213377216098735,67.599188113421434,67.92547607421875,5438300
1998-06-23,68.232531394415219,68.827526745533888,68.174951199145667,68.731559753417969,5004600
1998-06-24,68.885133940380584,69.825610831737123,68.549249336324678,69.652870178222656,8291900
1998-06-25,69.959944015111247,70.286231819845639,69.288175005363954,69.537689208984375,5854800
1998-06-26,69.595294044331055,69.921581964560957,69.480133601896966,69.825614929199219,4833100
1998-06-29,70.171116599315681,70.439824376227719,69.892812116085352,70.075149536132812,5953400
1998-06-30,69.959965856839332,70.132706513275977,69.441743887529412,69.595291137695312,4284800
1998-07-01,70.055939249019971,70.593354673396021,69.787231536831953,70.401420593261719,3489500
1998-07-02,70.458977735869738,70.554944744499366,70.171076709980866,70.535751342773438,3503900
1998-07-06,70.49737549033658,71.245918273925781,70.363021657384664,71.245918273925781,3144400
1998-07-07,71.236352338288953,71.322722696775372,70.804500545856925,71.111595153808594,4920700
1998-07-08,71.169157095660736,71.821732969784918,71.092383463410826,71.629798889160156,6875000
1998-07-09,71.418671090615092,71.687378802323934,71.015609523051822,71.14996337890625,6942500
1998-07-10,71.265083030493926,71.821691543255668,70.670087723748622,71.533790588378906,7849700
1998-07-13,71.591426374574596,71.764167081644615,71.284331784227888,71.55303955078125,6555100
1998-07-14,71.821738282059485,72.570281251861815,71.821738282059485,72.359153747558594,6983600
1998-07-15,72.512708912813181,72.647062793805688,72.1864209161171,72.224807739257812,4977500
1998-07-16,72.28238274258905,72.838991637845311,71.898514538964037,72.723831176757812,6315600
1998-07-17,72.858188152564608,73.088509084553749,72.666254042573655,72.819801330566406,3539500
1998-07-20,72.934961796560984,73.232459667046953,72.435933110584514,72.819801330566406,2338400
1998-07-21,73.08851250251476,73.08851250251476,71.418685667504576,71.55303955078125,5518600
1998-07-22,71.457072491297907,71.850537435179618,70.958043781984529,71.55303955078125,10417300
1998-07-23,71.437903927791041,71.610644694945819,69.960010697688972,70.13275146484375,15110900
1998-07-24,70.612565089956888,70.689338740503189,69.326606443306403,70.075149536132812,11540500
1998-07-27,69.787258203178112,70.631768478464096,69.307422819492899,70.574188232421875,9600000
1998-07-28,70.286237530424714,70.420591343290084,68.712378579716145,69.384147644042969,13693000
1998-07-29,69.844812771903904,70.094327079690316,68.942722582214572,69.115463256835938,7462400
1998-07-30,69.787211339613961,70.382206815831793,69.652857522403494,70.151885986328125,6821600
1998-07-31,70.228643803947094,70.32461079466033,68.36688418411029,68.65478515625,7680500
1998-08-03,68.654813934617465,69.048278761472275,68.194172186104524,68.366912841796875,10486500
1998-08-04,68.923578453955258,68.923578453955258,65.718276977539062,65.718276977539062,15091600
1998-08-05,66.29407318563635,66.86987579002809,64.854566674656979,66.620361328125,21718400
1998-08-06,66.409182217500032,67.253692049167654,66.063700922726909,66.908210754394531,13084400
1998-08-07,67.368865455548786,67.925474315437938,66.620322506042697,67.023384094238281,12083800
1998-08-10,66.793073662964431,67.349682610155796,66.447592247466332,66.6395263671875,6273000
1998-08-11,65.583914492423077,65.986976302297492,64.796984292192064,65.641494750976562,14287100
1998-08-12,66.178874546114642,66.869837273394268,66.025327273385841,66.754676818847656,11158400
1998-08-13,66.8314363659469,67.349658302156143,65.948539733886719,65.948539733886719,9073900
1998-08-14,66.543548682834015,66.773869589725848,64.969689152406445,65.180816650390625,8628500
1998-08-17,65.104045018742795,66.908225511597109,64.796950466767598,66.562744140625,11290000
1998-08-18,66.946582280090951,67.925445725126679,66.81222847390957,67.791091918945312,7603900
1998-08-19,68.232589849449852,68.232589849449852,67.330499350737,67.618400573730469,6258600
1998-08-20,67.368841100460742,67.810289346987972,67.042553266071039,67.215293884277344,7402800
1998-08-21,66.44755090374197,66.773838704251389,64.79691850116491,66.677871704101562,16685400
1998-08-24,67.100143432617188,67.522398339801853,66.524341286456277,67.100143432617188,7201700
1998-08-25,67.791092598274957,68.328507828385867,66.725858838590852,67.253677368164062,9688300
1998-08-26,66.505129788964823,67.330445973936094,66.178841994906406,66.869804382324219,9339700
1998-08-27,65.718201455725236,66.063682654966783,63.549347260486648,63.722087860107422,24887800
1998-08-28,64.470635167344454,64.93127679997805,62.743229044968444,63.491771697998047,23735900
1998-08-31,63.722115854422249,63.885259825736277,58.347961505254105,58.962150573730469,22563100
1998-09-01,59.000560131466145,61.764412004898517,57.503473700023605,61.457317352294922,24748500
1998-09-02,61.303735884828136,62.493727000939387,60.670353516575368,61.015834808349609,13843200
1998-09-03,59.960185813540967,61.035016289071791,59.422770575775552,60.535987854003906,17311300
1998-09-04,61.073419817268395,61.30374069652899,58.808597837872519,60.036975860595703,17783800
1998-09-08,61.956304147405532,63.261455535888672,61.303728453163963,63.261455535888672,14746500
1998-09-09,63.107942751984098,63.338263710932949,61.68763017179954,61.726016998291016,12109700
1998-09-10,60.459248063527994,61.015857013954125,59.461190635177687,60.497634887695312,19889300
1998-09-11,60.305661511553083,62.455322265625,59.576312327135831,62.455322265625,20379800
1998-09-14,63.184677769410278,64.153944545642119,62.704842731671746,63.530158996582031,10686800
1998-09-15,63.184705295505466,64.067602149573887,62.820030507955465,63.914054870605469,8337900
1998-09-16,64.336290413992742,64.643384878976008,63.357426806858605,64.489837646484375,11024900
1998-09-17,62.800794489243451,63.28062941046322,62.512893536511591,62.647247314453125,12945200
1998-09-18,63.099704290552907,63.118965494548803,62.309994926721195,62.926353454589844,7019200
1998-09-21,61.404701272634419,63.735306308389994,60.980954902497047,62.887813568115234,8834600
1998-09-22,63.793091413606852,63.889397409098407,62.964859852379469,63.407867431640625,7270100
1998-09-23,64.024235333237698,65.950355529785156,63.966451727341266,65.950355529785156,13688500
1998-09-24,65.526607207338259,65.834786429947727,63.639009468855257,64.332412719726562,11129500
1998-09-25,63.561945167376841,64.977643037013877,63.253766039292593,64.255348205566406,10247400
1998-09-28,64.91025862350962,65.526617162367884,64.255377675972738,64.833213806152344,8847800
1998-09-29,64.948772119155166,65.295473749684461,63.716055210606548,64.679115295410156,10618100
1998-09-30,63.793077754740047,64.293868824070742,62.483316496490552,62.714450836181641,7908400
1998-10-01,61.655102217672443,62.58927043309172,60.460907797961198,60.903915405273438,13335600
1998-10-02,60.942442697210787,62.17515961649697,59.921598998426916,62.078853607177734,14351800
1998-10-05,61.385437068492273,61.616571440886972,59.382272507738207,60.826862335205078,12807200
1998-10-06,62.098107707028156,62.425548101264965,60.114204141946296,60.769084930419922,12621000
1998-10-07,60.788356869377218,61.655111007248571,59.016326187506913,59.863819122314453,14348500
1998-10-08,58.284372648734632,59.63265621959102,56.839783108531364,59.536350250244141,20625000
1998-10-09,59.786746532320414,60.88463459686367,57.976194285529779,60.730545043945312,12708500
1998-10-12,62.021070017073818,62.521861265658885,61.443233961014123,61.616584777832031,9508500
1998-10-13,61.366224583299129,61.886277334005051,60.865433045582314,61.404747009277344,6256800
1998-10-14,60.980961507414349,62.752991974464926,60.923177905227924,61.9825439453125,8176900
1998-10-15,61.712883461333774,66.104436966072882,61.597316263840639,65.314727783203125,20541100
1998-10-16,65.411044444677955,65.796268499122476,64.717641146677849,65.333999633789062,16573900
1998-10-19,65.141378113581908,65.834781310533103,65.025810914090044,65.56512451171875,7915900
1998-10-20,66.297057165163693,67.057874642799945,65.391780672786396,65.950355529785156,14611600
1998-10-21,65.873282053546077,66.335550699535872,65.256923858893018,65.719192504882812,9178400
1998-10-22,65.815545437069531,66.855650632738758,65.43032129052537,66.701560974121094,8277500
1998-10-23,66.547437535632113,66.566698733182221,65.815512028727909,65.854034423828125,6237200
1998-10-26,66.393316707544628,66.855585231182886,65.815481052996802,66.335533142089844,5838600
1998-10-27,66.83637082019699,67.163811253610064,65.507347884579232,65.950355529785156,10089700
1998-10-28,65.680673017775263,66.277770045209579,65.353232712408058,65.834762573242188,5650600
1998-10-29,66.008142658180248,67.452732882680849,65.719224613280133,67.4334716796875,9625600
1998-10-30,67.876460378820241,68.35799031907861,67.49123642661354,67.799415588378906,9872800
1998-11-02,68.300212608635746,68.955093383789062,67.91498862325146,68.955093383789062,6501400
1998-11-03,68.781686642227641,68.91651492744063,68.261634684977523,68.454246520996094,6866000
1998-11-04,69.321038993801466,69.706262883736457,68.473546435944485,69.186210632324219,8233600
1998-11-05,68.743228877779217,70.226341408905299,68.492833255641045,70.130035400390625,6841500
1998-11-06,69.937433650172423,70.611575808739218,69.841127627520024,70.3419189453125,5224800
1998-11-09,70.22631888118687,70.418930836428743,69.340303887074256,69.841094970703125,6188700
1998-11-10,69.648521423339844,70.226357607714903,69.186252475839808,69.648521423339844,14015200
1998-11-11,70.149270357161697,70.264837524142195,68.964706895611599,69.186210632324219,10922400
1998-11-12,69.224743820751797,69.725534955793407,68.839519870719784,69.109176635742188,5457400
1998-11-13,69.166936568518949,69.783294677734375,69.109152995780008,69.783294677734375,5524600
1998-11-16,70.399681237625757,70.486356631762362,69.581080293002202,70.303375244140625,6023700
1998-11-17,70.052979661079306,71.26643517899187,69.648494488441784,70.303375244140625,9058900
1998-11-18,70.45750827415317,70.881254906747856,69.956716799268534,70.727165222167969,4567700
1998-11-19,71.05454978160158,71.439773689335922,70.650064678480504,71.343467712402344,5249300
1998-11-20,71.719069431832366,71.959834402397135,71.401259670686883,71.882789611816406,5562000
1998-11-23,72.402833499209422,73.731855981637054,72.210221545234404,73.577766418457031,7151300
1998-11-24,73.346658720733998,73.751143971032164,73.00958767881886,73.115524291992188,5323700
1998-11-25,73.308136315943685,73.462225935104897,72.86512866085522,73.115524291992188,4393500
1998-11-27,73.635584986858291,73.789674623241979,73.356297520912833,73.65484619140625,4557900
1998-11-30,73.356237289338381,73.577740959766999,71.574577331542969,71.574577331542969,8705400
1998-12-01,71.574608051814891,72.749541068811851,71.016033338816342,72.4991455078125,8950600
1998-12-02,72.248762450407511,72.672508857741278,71.49757563740674,72.287284851074219,7495500
1998-12-03,72.26799612735158,72.92287668927321,70.938973810510632,71.093063354492188,12145300
1998-12-04,71.882760995544629,73.038432394186827,71.805716235635145,72.961387634277344,10339500
1998-12-07,72.768784455356013,73.635538108212288,72.730262070784619,73.308097839355469,4290000
1998-12-08,73.057727168373404,73.80891392280698,72.4221076069296,72.980682373046875,10102600
1998-12-09,73.154046696782487,73.327397518338842,72.653255434508566,73.115524291992188,5327900
1998-12-10,73.250333625131589,73.250333625131589,71.940572203488415,72.0465087890625,5966600
1998-12-11,71.767194672607943,72.325769188309934,71.227881347102567,72.190940856933594,8198200
1998-12-14,71.593883646451502,71.747973253438758,70.110771179199219,70.110771179199219,9521400
1998-12-15,70.688586304005156,71.959825185766562,70.592280328114143,71.921302795410156,9631500
1998-12-16,72.190944320748272,72.190944320748272,71.343451911433192,71.824981689453125,7260000
1998-12-17,72.248766652037133,73.096259515990639,72.133199443316201,72.971061706542969,6914700
1998-12-18,73.165153925931904,73.667608760077243,72.894601322930569,73.281105041503906,4802400
1998-12-21,73.744920779700706,75.03970843489985,73.590319268632143,74.305351257324219,8580700
1998-12-22,74.459969135839529,74.962424157259676,73.706286603709316,74.633895874023438,5461100
1998-12-23,74.943058978474269,76.199195861816406,74.711156784626482,76.199195861816406,7791000
1998-12-24,76.160567217072355,76.218542782068866,75.754738262096836,75.870689392089844,1507100
1998-12-28,76.218511361267275,76.257161721998145,75.445504146649967,75.677406311035156,4203600
1998-12-29,75.889995477138427,76.981868343055993,75.522816991254629,76.875579833984375,3935800
1998-12-30,76.643690624517404,77.146145479847064,76.083260208957398,76.257186889648438,6810700
1998-12-31,76.257186889648438,76.643690624517404,75.735406847575319,76.257186889648438,6790500
1999-01-04,76.295813682813886,77.435999348286529,75.271579101965571,76.083236694335938,9450400
1999-01-05,76.02530219912947,77.223464053818347,76.02530219912947,76.952911376953125,8031000
1999-01-06,77.803188303395075,79.001349673193999,77.764537936627363,78.808097839355469,7737700
1999-01-07,78.151062959282783,78.672843053224582,77.783884374657077,78.421615600585938,5504900
1999-01-08,79.271902972704751,79.465154808328109,77.89981493977885,79.001350402832031,6224400
1999-01-11,78.962689472027961,78.962689472027961,77.43600017484485,78.247657775878906,7578300
1999-01-12,78.054384876304951,78.054384876304951,76.52769599162356,76.836898803710938,7768800
1999-01-13,74.45995954998601,77.378063337177252,74.440634359342354,76.295852661132812,10810600
1999-01-14,76.450457343553623,76.624384066529359,74.769165688121575,74.962417602539062,11400700
1999-01-15,75.677411095700663,77.165450077919502,75.484159279828091,76.914222717285156,7817700
1999-01-19,77.484340427758625,77.687254899511075,76.373142130066611,77.416702270507812,6535100
1999-01-20,77.977134908644985,79.117321020072495,77.320078505449459,78.035110473632812,6534400
1999-01-21,77.658277459679539,77.82254157773535,75.812721780346592,75.967323303222656,6937500
1999-01-22,75.522820526698851,76.585705667171837,75.310243498604251,75.793373107910156,7522300
1999-01-25,76.237847618476607,76.682326831461381,75.387539558853547,76.566375732421875,5700300
1999-01-26,76.759610215330326,77.957771301269531,76.450407354442802,77.957771301269531,6047000
1999-01-27,78.151027131206192,78.305628569645776,76.778939365054953,77.049491882324219,7399400
1999-01-28,77.455370985350115,78.5182565652389,77.416720600626888,78.344329833984375,5961700
1999-01-29,78.750099966546458,79.33951789267644,77.551938936380594,78.943351745605469,6456800
1999-02-01,79.581134862836365,79.581134862836365,78.479598999023438,78.479598999023438,9426800
1999-02-02,78.585885891002278,78.672849246838865,77.155821817244941,77.996467590332031,9194500
1999-02-03,77.725902550823406,79.117316022643223,77.7065773637148,78.788787841796875,10290700
1999-02-04,78.769466111384531,78.846766863211215,77.165475510980968,77.609954833984375,7761100
1999-02-05,77.706569859963523,77.706569859963523,76.199205411051011,76.720985412597656,7516100
1999-02-08,77.358709420673563,77.358709420673563,76.276499146489783,76.875579833984375,8528400
1999-02-09,76.914231370733162,76.991532105779129,75.14597705655676,75.1556396484375,8985700
1999-02-10,75.522827569477158,76.063932782359799,75.030035322030457,75.638778686523438,6936700
1999-02-11,76.102581862564932,77.977124889651975,75.754728517332282,77.378044128417969,9181800
1999-02-12,77.184773448022241,77.609927432963772,75.832010768662812,76.450416564941406,10676600
1999-02-16,77.146121253074725,77.687226311964025,75.986610412597656,75.986610412597656,6915500
1999-02-17,76.179877228746577,77.522977550257977,75.600121694281242,75.909324645996094,7858100
1999-02-18,76.179871850376259,76.914228808852741,75.580791173724393,76.508399963378906,9048900
1999-02-19,76.682297397667256,77.764507239973042,76.295793882558044,76.836898803710938,5312200
1999-02-22,76.952887961702103,78.98203242076255,76.856262035080178,78.885406494140625,10695800
1999-02-23,78.90474680732278,79.465177289177376,78.286340758379765,78.846771240234375,7770700
1999-02-24,79.059343372276444,79.677749382521583,77.300751280641848,77.455352783203125,7271000
1999-02-25,77.010863191234677,77.474667637053898,75.87067726192906,76.720985412597656,11633000
1999-02-26,77.14616144746617,77.204137019696233,75.947999621378273,76.41180419921875,9621300
1999-03-01,76.469757649636961,76.875586537845791,75.67742505837208,76.624359130859375,7607200
1999-03-02,76.991535122703951,77.493989920191481,75.63877220639138,75.947975158691406,9651500
1999-03-03,76.121880504518359,76.411758191131156,75.310222982002557,76.353782653808594,7881400
1999-03-04,76.720995170061244,77.600291210423407,76.228202883704427,77.320075988769531,8256400
1999-03-05,78.846759901288593,79.233263626294914,78.267004313779125,78.875747680664062,10703100
1999-03-08,79.329940968618416,79.648806748394833,78.692209409065583,79.387916564941406,4802200
1999-03-09,79.233253333788483,80.354113990705486,79.001351128909107,79.194602966308594,7893400
1999-03-10,79.445817780367818,79.928947297397542,79.020663805381659,79.890296936035156,3950000
1999-03-11,80.199571454353872,81.127180955512671,79.69711630789287,80.779327392578125,6583700
1999-03-12,81.01116560046799,81.030490783101698,79.90963019034713,80.006256103515625,5286500
1999-03-15,80.35410614268045,81.165763780485307,80.083553596745503,81.146438598632812,5394400
1999-03-16,81.088477163659093,81.417005312320242,80.682648274136483,80.837249755859375,4547500
1999-03-17,80.817915624501751,80.972517089111037,80.160859399912297,80.489387512207031,4524100
1999-03-18,80.257490132842037,81.861480424444707,80.238164948605856,81.7841796875,3506300
1999-03-19,82.021303670492514,82.215024274343463,80.394050598144531,80.394050598144531,5526700
1999-03-22,80.626491820026672,80.955816750574598,80.229364697895349,80.549003601074219,4603800
1999-03-23,80.161610002975877,80.297214466489848,77.924136354995284,78.224403381347656,9713800
1999-03-24,78.631170136151837,78.834576710783409,77.875660001805954,78.669914245605469,6280900
1999-03-25,79.386694466285263,80.277809143066406,79.192973884376315,80.277809143066406,6639600
1999-03-26,79.735422292958788,80.045375343660282,79.173632388562325,79.696678161621094,6159700
1999-03-29,80.064685520683838,81.478845221387914,80.064685520683838,81.304496765136719,5863900
1999-03-30,80.549016690739606,81.343271064073022,80.316551996105446,80.878341674804688,5401400
1999-03-31,81.304550354761645,81.585445274977047,79.541692579616708,79.580436706542969,7413600
1999-04-01,80.394031333877251,80.394031333877251,79.425428546722102,80.180938720703125,7683600
1999-04-05,81.168942679935725,82.195662002617496,80.742757300709329,82.079429626464844,5791100
1999-04-06,81.943804955465566,82.437792432147447,81.304527044465473,81.885688781738281,5381300
1999-04-07,82.253723148112286,82.679908242143952,81.440097059506371,82.544303894042969,6248600
1999-04-08,82.563734734845752,83.648570292131382,82.001944892679973,83.5904541015625,5909100
1999-04-09,83.338578225065987,83.997228076217127,82.815532755034184,83.609786987304688,4365800
1999-04-12,82.738080690673385,84.55905460425879,82.583104187389523,84.500938415527344,8213200
1999-04-13,84.462146556591961,84.597750920329602,83.377311646690785,83.958473205566406,10071400
1999-04-14,84.345904518813214,84.345904518813214,82.253723148112286,82.544303894042969,11551700
1999-04-15,82.718676383981162,82.796164605418141,81.207656065959966,82.234375,11150000
1999-04-16,82.389350097177712,82.389350097177712,81.32388706982178,81.536979675292969,6476200
1999-04-19,82.253759078537627,83.396710511800407,79.580415048194197,80.277809143066406,12487200
1999-04-20,80.471499593060173,81.323869834296246,79.9678262686934,81.285125732421875,9049600
1999-04-21,81.246396344938802,84.074716293999614,80.839583201580737,83.609786987304688,5772200
1999-04-22,83.764744564018756,84.539626567386179,83.309501387040385,84.404022216796875,6897400
1999-04-23,84.229723126779646,84.772140847007307,83.687305406551999,84.19097900390625,4593100
1999-04-26,84.617169151751256,84.810889777098666,83.977891088104784,84.675285339355469,3606500
1999-04-27,85.004604040816403,85.237068773835958,84.210349536332927,85.08209228515625,5147200
1999-04-28,84.578419369233501,85.082092961446065,83.68730455224204,83.919769287109375,5544300
1999-04-29,84.035982013497417,84.345934920877767,82.951146837666187,83.280471801757812,9824300
1999-04-30,83.745391088847157,84.074716013323297,81.517604835037901,82.602439880371094,10991900
1999-05-03,82.718691375605914,84.210339908608645,82.505598728034101,84.113479614257812,10709700
1999-05-04,83.764800583313558,84.190985970185181,82.524988548777941,82.912429809570312,10509300
1999-05-05,83.028672863390369,83.726067222485568,81.730744472852066,83.571090698242188,10032300
1999-05-06,83.338611270470807,83.764796637265405,82.060055170087011,83.057716369628906,13507200
1999-05-07,83.377371470133454,83.764812787373856,82.718721230824784,83.687324523925781,8680700
1999-05-10,83.590421393761545,84.13283896016371,82.776795044158305,83.270782470703125,5580100
1999-05-11,83.881014907815839,84.849617851324098,83.512945789282696,84.113479614257812,7000600
1999-05-12,84.152272407489903,85.062759701033187,81.517670877236995,84.772178649902344,13865800
1999-05-13,85.082073953778263,85.547003319645896,84.810865157022135,85.140190124511719,4485700
1999-05-14,83.416079390413756,84.229705803418256,82.75742943702916,82.931777954101562,8370100
1999-05-17,82.834896803679555,83.367628249446909,82.060014700745228,83.18359375,6268100
1999-05-18,83.396709849775476,83.677604691313618,82.215014309511517,83.028640747070312,8218600
1999-05-19,83.357941656441824,83.68726654794996,82.602431611217284,83.629150390625,5052400
1999-05-20,83.764773786443016,84.055354639078686,83.10612385380216,83.125495910644531,4670400
1999-05-21,83.144877342365376,83.493574404845006,82.195646450059712,82.660575866699219,6418200
1999-05-24,82.970494163956843,82.970494163956843,80.82988253539807,81.285125732421875,7952000
1999-05-25,81.440118264782328,82.040651962738622,79.619145116140672,79.967842102050781,15406400
1999-05-26,80.161584112937788,81.207675350757668,79.406073774512322,80.858978271484375,12575900
1999-05-27,80.490932854043677,80.762141773407478,79.347980979581919,79.696678161621094,14515400
1999-05-28,79.967859808142336,81.052695115617126,79.716023040335685,80.71368408203125,8748000
1999-06-01,80.665226776475848,80.684598829015826,79.580391834236977,80.432762145996094,6705300
1999-06-02,80.432750448570218,80.703959144687744,79.357601688961438,80.510238647460938,6981900
1999-06-03,81.013911436892883,81.130143734506802,80.452121998425667,80.955795288085938,6076600
1999-06-04,81.498271434765144,82.67028128068938,81.168946354092213,82.583106994628906,9787200
1999-06-07,82.718677244065901,83.183606577522013,82.389352299534494,82.796165466308594,5299100
1999-06-08,82.679930292140327,82.941453033223709,81.57572316312158,81.982536315917969,4895700
1999-06-09,82.079385396547778,82.505570546116829,81.711316403738152,81.905036926269531,7409700
1999-06-10,81.478845737918974,81.498217788736355,80.335894739693288,81.149520874023438,7040700
1999-06-11,81.343238841586242,81.963144448380888,80.025939427147591,80.47149658203125,12824800
1999-06-14,81.013932914788938,81.052677024265165,80.306852916847802,80.549003601074219,6823500
1999-06-15,80.878345646245364,81.614483882067489,80.636194910777576,81.091438293457031,5700900
1999-06-16,82.060027904483661,82.989886577622286,82.060027904483661,82.641189575195312,7865800
1999-06-17,82.370000659395131,84.035997850530592,82.215024176498815,83.416091918945312,8162800
1999-06-18,83.357022100406894,83.745632926049808,82.92955019219967,83.512466430664062,2875100
1999-06-21,83.60961152362735,84.095375011447643,83.104417496294261,83.706764221191406,4646400
1999-06-22,83.318153356380023,84.056513857206141,83.007264724453222,83.123847961425781,5862400
1999-06-23,82.696344004176936,83.08495464329431,82.152289109412621,82.715774536132812,9629200
1999-06-24,82.618633838179548,82.657494907717734,81.239065869574006,82.094009399414062,9176900
1999-06-25,82.443762021297275,82.706074250212552,81.608248995863434,81.889991760253906,4087000
1999-06-28,82.502060036674891,83.084976146213336,82.385476814767202,82.890670776367188,5028900
1999-06-29,82.696373145302331,84.056510861507959,82.560359373681763,83.667900085449219,6956200
1999-06-30,83.706788397183388,85.494398548655269,83.221024769066034,85.183509826660156,16856100
1999-07-01,85.183446115947618,86.116111584370401,84.600530198183378,85.824653625488281,9939500
1999-07-02,85.883012235872798,86.737956249080568,85.746998415589729,86.679664611816406,3772800
1999-07-06,86.582517984843562,87.515184246798796,86.174476495238153,86.660240173339844,11221100
1999-07-07,86.465936191830465,86.87397768846607,86.12590161130079,86.776824951171875,3230700
1999-07-08,86.465907307569438,87.437434355969103,86.271601897889511,86.844802856445312,7101500
1999-07-09,87.0487764297431,87.417956508351395,86.776749003400155,87.359664916992188,2976800
1999-07-12,87.631715172843499,87.631715172843499,86.737910539151514,86.971076965332031,4436300
1999-07-13,86.660240173339844,87.000274748011009,86.213337589486287,86.660240173339844,6477600
1999-07-14,87.048782399665541,87.184796122165025,86.271561128239966,87.14593505859375,4382500
1999-07-15,87.534585582783436,87.903765854941682,87.243127473184828,87.699745178222656,3348600
1999-07-16,87.826039165902003,88.389524815417744,87.51515053168643,88.175788879394531,2281500
1999-07-19,88.408932182359408,88.447793251450548,87.398544385989581,87.592849731445312,4287000
1999-07-20,87.126508455100463,87.301383249055846,85.513774244178663,85.795516967773438,7060100
1999-07-21,85.863554361739304,86.368748390570531,85.377790872478499,85.698394775390625,4793700
1999-07-22,85.455500554189399,85.805250215393443,84.231376739975232,84.5714111328125,7804100
1999-07-23,84.969750915443043,85.183486854173864,84.017654461096669,84.406265258789062,4603000
1999-07-26,83.862214656398109,84.639436293621443,83.706770328953439,83.784492492675781,4333400
1999-07-27,84.561692786194797,85.309768423205014,84.173082065670002,84.483970642089844,5908500
1999-07-28,84.717173762192473,85.377812273182059,84.309132328934211,84.756034851074219,3955500
1999-07-29,83.901043556424469,84.095348891200814,82.890655815587493,83.570724487304688,7760600
1999-07-30,83.823362803055076,84.153682035241431,82.424363702030504,82.540946960449219,5994300
1999-08-02,82.540939338221804,83.784493979852272,82.385495008017998,82.735244750976562,6065500
1999-08-03,83.143301509696954,83.221023689187206,81.686010644254736,82.346649169921875,5445400
1999-08-04,82.521511840820324,83.240441894531259,81.103082275390634,81.21966552734375,6497900
1999-08-05,81.375114408360105,82.035752872993399,80.11212910832586,81.958030700683594,10322000
1999-08-06,81.588825860393811,82.074589291332103,80.520146312329601,81.064201354980469,7537700
1999-08-09,81.200224263147476,81.948300031065912,80.675599698633235,80.889335632324219,5565900
1999-08-10,80.753335600198113,80.928210484799123,78.965725668721163,79.99554443359375,9793300
1999-08-11,80.63670671727121,81.16133107422695,79.976068638141754,80.967025756835938,8003400
1999-08-12,81.258514353000663,81.958013759195794,80.77275087647628,80.918479919433594,7036800
1999-08-13,81.84140667112969,82.851794407810303,81.530518136766432,82.793502807617188,5857700
1999-08-16,82.77410888671875,83.298733520507824,82.230053710937511,83.1627197265625,3927000
1999-08-17,83.590180984114539,83.842777997781084,82.774098324576471,83.706764221191406,4808000
1999-08-18,83.444457989082409,83.551325964152824,82.851826490964569,83.104423522949219,4355500
1999-08-19,82.307801782157497,82.842141855105865,81.880329723798795,82.424385070800781,6448100
1999-08-20,82.735232640091709,83.395870946752837,82.50206617891719,83.259857177734375,3663700
1999-08-23,83.823323485014328,84.901718119557287,83.72617081523569,84.853141784667969,5637800
1999-08-24,84.600599539162985,85.785862876758046,84.17312751576803,85.164085388183594,9279500
1999-08-25,85.300068756213776,86.291026274793936,84.658860950073674,86.038429260253906,6005300
1999-08-26,85.980140598842084,86.067578029959549,84.872599804687511,85.008613586425781,4322300
1999-08-27,85.105784750271596,85.222368017052787,83.978813171386719,83.978813171386719,6247400
1999-08-30,84.153703852342801,84.250856592878861,82.07463520487093,82.424385070800781,4652000
1999-08-31,82.657496450977533,83.162690364406174,81.375081132274076,82.113441467285156,11453700
1999-09-01,82.657515013535587,83.152993770668914,82.268904223627104,83.123847961425781,6863900
1999-09-02,82.152339173265631,82.492373689711272,81.23910361481164,82.142623901367188,10896300
1999-09-03,83.862205615840381,84.872593635308334,83.745622382824848,84.542274475097656,9160800
1999-09-07,84.600595159651647,84.95034497886931,84.075970430825137,84.231414794921875,4560800
1999-09-08,83.842802432382555,84.600593694227953,83.337608257818943,83.823371887207031,6159600
1999-09-09,83.784492492675781,84.095381147565107,83.123854101035946,83.784492492675781,6177800
1999-09-10,84.717137074404718,84.785143950496547,83.901054561302644,84.483970642089844,2934500
1999-09-13,84.017680380263513,84.231416384931165,83.629069462685976,83.910812377929688,2320500
1999-09-14,83.357032775878906,83.667921476208519,82.929560812925686,83.357032775878906,3736000
1999-09-15,84.21197212685459,84.21197212685459,81.996890257343424,82.035751342773438,6984500
1999-09-16,82.385499573293913,82.579804996815838,81.02536160864048,82.356353759765625,15377600
1999-09-17,82.695472531898005,83.513853739800851,82.403193529075551,83.396942138671875,8542300
1999-09-20,83.513837194018805,83.552807720007607,82.987735093169874,83.280014038085938,2803900
1999-09-21,82.461667835826404,82.598064734420632,81.156154663567335,81.526374816894531,9335200
1999-09-22,81.838115240800533,82.20833528593748,80.902822495191373,81.438667297363281,13009100
1999-09-23,82.188846979672604,82.188846979672604,79.57782149478021,79.73370361328125,12204100
1999-09-24,79.655769348144531,80.045474677636435,78.759447090313159,79.655769348144531,13792900
1999-09-27,80.279295836734889,80.902824348088174,79.987016847038035,80.181869506835938,6970300
1999-09-28,79.772639239069491,80.31822641510611,78.29175976125579,80.025947570800781,11063400
1999-09-29,80.084454370520291,80.513130281992659,79.032249860542649,79.071220397949219,7580300
1999-09-30,79.460908141645419,80.707965061965496,79.168629175945398,80.279289245605469,7498900
1999-10-01,79.772716083308552,80.16242158444831,78.954334530915062,80.103965759277344,11127100
1999-10-04,80.552111255507171,81.604315901805521,80.279317458318715,81.526374816894531,6341600
1999-10-05,81.506873465725107,82.286284161070313,80.240331085789137,81.448417663574219,11976000
1999-10-06,81.52633413877497,82.812361398134229,81.487363615764082,82.695449829101562,10308200
1999-10-07,82.841607220364963,82.929290916117438,81.993998161424386,82.227821350097656,6535600
1999-10-08,82.149863349066834,83.474861145019531,81.828356530931259,83.474861145019531,9674300
1999-10-11,83.299522810180747,83.630772374572103,83.124155393738263,83.338493347167969,4282000
1999-10-12,83.007230086044643,83.12414167771513,81.799143638782951,82.052452087402344,8686100
1999-10-13,81.48734846259255,81.877053620232886,79.92852783203125,79.92852783203125,10469300
1999-10-14,80.113683459177963,80.552102011490149,79.032251030141268,79.909088134765625,10562200
1999-10-15,78.564559799056866,79.032205988336969,77.62926742049666,77.863090515136719,14238700
1999-10-18,77.902089980226137,78.525618464309986,76.966797254100356,78.428192138671875,9758800
1999-10-19,79.305029572464349,79.967528591005816,78.52561896241555,79.188117980957031,14392900
1999-10-20,79.655765050103554,80.727454648380387,79.266059741639253,79.967529296875,9759400
1999-10-21,79.32449789379919,80.435157775878906,78.954277933105942,80.435157775878906,9105400
1999-10-22,80.902819070625895,81.818626511935975,80.785907482373545,81.117156982421875,8309600
1999-10-25,80.630036225588299,81.350991116923907,80.279301413587177,80.707977294921875,8114300
1999-10-26,81.175581699362013,81.487345815346117,79.6947021484375,79.6947021484375,6256300
1999-10-27,80.045460102766555,81.253546404220188,79.967519051059867,81.136634826660156,5433300
1999-10-28,82.578543695360352,84.088651561426985,82.422661593056688,83.903541564941406,10509700
1999-10-29,84.702461211350709,85.852092039846156,84.62452013823237,85.423416137695312,10988600
1999-11-01,85.111634651490093,85.423398880982731,84.527076721191406,84.527076721191406,4006500
1999-11-02,84.780347774054803,85.579243259859496,83.922996520996094,83.922996520996094,6516900
1999-11-03,84.799847029232012,85.033670136849381,84.254259778124819,84.488082885742188,7222300
1999-11-04,85.267485056515,85.647447569906689,84.653699457959192,85.131088256835938,7907500
1999-11-05,86.43664052760937,86.738662152536762,85.287009826272808,85.968994140625,7431500
1999-11-08,85.423384790835172,86.280736280524209,85.267502701800808,86.046913146972656,4649200
1999-11-09,86.358722497972977,86.475634125903454,84.975268234129103,85.238319396972656,4533700
1999-11-10,84.955789467794489,86.290530655533928,84.848620467319066,85.871597290039062,6405600
1999-11-11,86.163866167034058,86.358718872070312,85.715704945450653,86.358718872070312,4794100
1999-11-12,86.82633544976467,87.284239148837713,85.501337512021408,87.138099670410156,11802900
1999-11-15,87.196557661440551,87.449866097105073,86.923763961494146,87.342697143554688,2187500
1999-11-16,87.644718960112172,89.16456957791759,87.352439995149595,88.073394775390625,7544800
1999-11-17,88.696918093621576,89.125593884056471,88.112360197573977,88.307212829589844,9459000
1999-11-18,88.813882113965747,89.164617058689615,88.307264971586818,88.930793762207031,4491000
1999-11-19,88.794373170953051,89.145108022187884,88.541064667283436,88.852828979492188,4832100
1999-11-22,88.813858236391098,89.16459308682002,88.229300152342887,88.833343505859375,4155400
1999-11-23,89.067127610181487,89.067127610181487,87.527791998454447,88.05389404296875,5918000
1999-11-24,87.761612627019773,88.81381668604709,87.293966378563184,88.521537780761719,4459700
1999-11-26,88.833352089349646,89.086660616913036,88.07342650665943,88.190338134765625,1693900
1999-11-29,87.839561885317778,88.492318168183388,87.566768214866485,87.878532409667969,7348600
1999-11-30,87.761640350567745,88.735903675951491,86.670465426137952,86.845832824707031,7682000
1999-12-01,86.865302779747225,87.605742776523897,86.670450149016517,87.547286987304688,6980200
1999-12-02,87.683689488773851,88.151335832713968,87.527807374127136,88.073394775390625,6698300
1999-12-03,89.184026598386495,90.625935702227565,89.184026598386495,89.690643310546875,10045400
1999-12-06,89.495798703329541,89.612710262706855,88.696903047584613,89.028152465820312,3138900
1999-12-07,89.339931779273925,89.359417042475513,88.151330723977154,88.307212829589844,10714200
1999-12-08,88.131869984287277,88.580031162628771,87.605767731451593,87.742164611816406,4611400
1999-12-09,88.424138234175373,88.677446695401514,86.90428746681846,88.170829772949219,6474700
1999-12-10,88.716412696334231,89.047662205633088,87.839575759954911,88.463104248046875,5127300
1999-12-13,88.190342563437923,88.989238728948507,88.092916201790288,88.6190185546875,4210800
1999-12-14,88.307206900886285,88.843051602954773,87.683678520297505,87.761619567871094,5739000
1999-12-15,87.527816603967239,88.667704687522914,87.31347867372601,88.229286193847656,6879100
1999-12-16,88.657989099346565,88.950268184289456,88.014975112472172,88.6190185546875,5854900
1999-12-17,89.38341071404129,89.57874159409819,88.79741807387056,89.188079833984375,4775400
1999-12-20,89.109977811371124,89.50063970445035,88.191922362634955,88.54351806640625,4608700
1999-12-21,88.504416699929621,90.047530564262985,88.348152004807261,89.891265869140625,7981300
1999-12-22,89.774090988893349,90.125686645507812,89.363896056176472,90.125686645507812,5377500
1999-12-23,90.643330610351555,91.561386108398438,90.6335640625,91.561386108398438,5721700
1999-12-27,91.57110354483217,91.746901311876428,90.672581624383739,91.434371948242188,2691000
1999-12-28,91.180454947286918,91.571116707986519,90.936291346849671,91.375785827636719,4084500
1999-12-29,91.453965181794857,91.766494750976562,90.828906043431459,91.766494750976562,3001000
1999-12-30,91.961774692931698,92.235237914193604,91.375782075941913,91.659011840820312,3641300
1999-12-31,91.786024153689127,92.196219196725409,91.414895305227731,91.805557250976562,3172700
2000-01-03,92.664967942248097,92.664967942248097,89.930335667392555,90.906990051269531,8164300
2000-01-04,89.715509612573058,90.047572243405583,87.283639169123177,87.352005004882812,8089800
2000-01-05,87.469188819612768,88.465376543998715,85.789342853001187,87.508255004882812,12177900
2000-01-06,87.273868636946489,88.445854339322679,86.101882934570312,86.101882934570312,6227200
2000-01-07,87.703568015253964,91.102325439453111,87.547303306095387,91.102325439453125,8066500
2000-01-10,91.414886474609375,91.82508147802109,90.653095753987628,91.414886474609375,5741700
2000-01-11,91.141411939706771,91.317209776710058,89.695963057679705,90.321022033691406,7503700
2000-01-12,90.379629887572122,90.379629887572122,89.305309670624538,89.422508239746094,6907700
2000-01-13,90.30150516937519,91.102362126317516,89.559247501965231,90.633567810058594,5158300
2000-01-14,91.590672442083175,92.176665228021008,91.239076770520484,91.8641357421875,7437300
2000-01-18,90.848391621602346,91.649248223727838,90.750726182318743,91.141387939453125,6488500
2000-01-19,90.828895082279132,91.883682250976562,90.63356412511294,91.883682250976562,6157900
2000-01-20,91.864121410719065,91.864121410719065,89.891279339172684,90.477272033691406,5800100
2000-01-21,90.946107779370394,90.946107779370394,90.047585236876614,90.281982421875,6244800
2000-01-24,91.043723735584237,91.160922264314877,87.137106111229627,87.723098754882812,7896900
2000-01-25,87.830558781894695,88.719314575195312,86.883203705519321,88.719314575195312,9942500
2000-01-26,88.133342392435083,88.475171623788725,87.566882523334769,88.016143798828125,5158100
2000-01-27,88.660707993940861,88.895105106945337,86.336269956646532,87.664520263671875,10922700
2000-01-28,87.15664274185869,87.547304520172716,84.715006627396036,84.92987060546875,11916200
2000-01-31,84.890860544316595,87.303198620069736,84.382999896789627,87.234832763671875,10768700
2000-02-01,87.351988406297636,88.563040123916252,86.59019780973108,88.094245910644531,8419900
2000-02-02,88.309071979852291,88.91459757847548,87.742612548882207,88.172340393066406,6205900
2000-02-03,88.055191845937571,89.539707058956935,87.508265188509398,89.500640869140625,7997500
2000-02-04,89.500622440215238,90.008482803254438,88.836497350087058,89.129493713378906,4925400
2000-02-07,89.109950607339982,89.246682228175445,88.406759414471892,88.992752075195312,5845800
2000-02-08,89.988955261904522,90.360084011628018,89.7740912489067,90.203819274902344,4936400
2000-02-09,90.301488014428756,90.301488014428756,88.299346002428109,88.309112548828125,8511500
2000-02-10,88.523944711579915,89.109937284692762,88.055150653089655,88.484878540039062,6690600
2000-02-11,88.660669576912213,88.719268829772034,86.277633293946081,86.687828063964844,9849800
2000-02-14,87.371514674155947,87.371514674155947,86.453459411539058,87.195716857910156,8528800
2000-02-15,87.03948087034226,88.2700659903673,86.131191853180923,88.182167053222656,11078300
2000-02-16,87.742611500856682,88.094207005535097,86.756190779397812,86.883155822753906,8845400
2000-02-17,87.781728246656513,87.781728246656513,86.39487851245255,86.433944702148438,7584200
2000-02-18,86.805041962022329,86.805041962022329,84.148542027991041,84.578269958496094,9409200
2000-02-22,84.500150213751638,85.222874568330653,83.464896408543865,84.363418579101562,16415400
2000-02-23,84.773618754860465,85.926071175721475,84.07042744721646,85.359611511230469,12119000
2000-02-24,85.43772240700649,85.652586363677059,83.191417405450537,83.640678405761719,17375000
2000-02-25,84.500163102560705,85.457284691101037,83.2109789220778,83.337944030761719,10559900
2000-02-28,83.3672165533509,85.437723806081721,82.957021720262716,85.086128234863281,13397800
2000-02-29,85.047076302910455,85.906532287597656,84.851745397299723,85.906532287597656,8242500
2000-03-01,86.02373295562262,86.883188961537115,85.769802772056977,86.531593322753906,6868000
2000-03-02,86.68782196974287,86.961285130530698,85.847899404465949,86.590156555175781,7600200
2000-03-03,87.781750989023621,88.582608085274174,87.33248969112698,88.211479187011719,12770300
2000-03-06,88.016130266547833,88.348192897380358,86.726945935080423,87.352005004882812,11967100
2000-03-07,87.508253628790911,87.605919090430177,84.519690502629075,85.662376403808594,20062000
2000-03-08,85.301016691721742,86.160472779295759,84.402494418348894,85.554946899414062,11808500
2000-03-09,85.78931488605761,88.055152893066406,85.086123780434178,88.055152893066406,5500900
2000-03-10,87.625438554067884,88.758357732876618,87.215243678981977,87.586372375488281,7924600
2000-03-13,85.43771609679419,87.801219445608112,84.812657359917779,86.629234313964844,10540500
2000-03-14,87.059002304775177,87.566862762465135,85.105692852121479,85.398689270019531,8263900
2000-03-15,85.554956564905382,87.78172940700567,85.047096092145679,87.391067504882812,10300800
2000-03-16,88.523982997636068,91.786009732103238,88.055188736395266,91.473480224609375,25601400
2000-03-17,91.373024600153528,92.74381579646959,91.138031823642194,92.0780029296875,10272900
2000-03-20,92.038852386670314,92.332593404925646,90.726809171796504,91.6080322265625,12502300
2000-03-21,91.196818426457426,93.840488275624651,90.550588018883218,93.487998962402344,13612600
2000-03-22,93.722978787697187,94.525871000462672,93.174662154589058,94.055885314941406,8260000
2000-03-23,93.468437675858709,96.170856364161352,93.468437675858709,95.661705017089844,11654500
2000-03-24,95.798740677295982,97.600352317179713,95.074179474299257,96.229560852050781,11462900
2000-03-27,96.112040643287941,96.366616138064373,95.132904124917047,95.211235046386719,8798600
2000-03-28,94.780467944447039,95.867310087198447,94.369230376919489,94.662971496582031,6334400
2000-03-29,94.976243777668259,95.553934332604598,93.78169720644398,94.760833740234375,6747500
2000-03-30,94.095025224914167,95.20144955898445,92.195500261997068,93.174636840820312,9491900
2000-03-31,93.762131079771279,95.446246216124734,93.01798718231278,94.23211669921875,9249100
2000-04-03,94.07544007734819,94.780418395996094,93.174634447964763,94.780418395996094,8508200
2000-04-04,95.093787734057869,95.877097352954564,88.602109267451581,94.075485229492188,19585500
2000-04-05,92.665523898216989,94.506301422822318,92.508861981229302,93.487998962402344,8387200
2000-04-06,94.153803904100357,95.054609848274367,93.370494387427314,94.300674438476562,6378500
2000-04-07,94.976295442852745,95.328784786764373,94.310482237686358,94.897964477539062,6023600
2000-04-10,95.093762973289898,95.94561196203334,94.192957146112931,94.525863647460938,9624200
2000-04-11,93.997087761985767,95.015389546073948,92.978785977897587,94.251663208007812,9006400
2000-04-12,94.232093209615257,94.721661441169772,91.588424759220814,91.666755676269531,10779200
2000-04-13,92.41093516391112,92.841755374465492,90.100172216392266,90.393913269042969,12225800
2000-04-14,89.375623752089098,89.493120189975286,83.657463774961585,85.224082946777344,29604000
2000-04-17,84.714903684111306,88.200630187988281,84.401579953425738,88.200630187988281,23918200
2000-04-18,88.083170813862296,90.531013488769531,87.593602278880837,90.531013488769531,11069200
2000-04-19,90.550590148659253,90.94224495034031,89.316877523363942,89.688949584960938,6553700
2000-04-20,89.963119553255552,90.198112464583176,89.218975334051436,90.119781494140625,8537600
2000-04-24,88.670639279437609,89.806438104130052,88.043991652021091,89.140625,12893100
2000-04-25,90.628872147040937,92.841720581054688,90.511375770013657,92.841720581054688,14102000
2000-04-26,92.724278092447918,93.213846614583346,91.490565416666669,91.794097900390625,7711100
2000-04-27,89.610604429898189,92.332604870404282,89.610604429898189,91.490547180175781,15595300
2000-04-28,92.11717703607917,92.655702199449109,90.90304757684514,90.922630310058594,8743400
2000-05-01,91.843002617637794,93.047340498444782,91.392599832945763,92.156326293945312,7328300
2000-05-02,91.177261206965184,92.195563952403802,90.315620422363281,90.315620422363281,9411900
2000-05-03,90.237234437444499,90.237234437444499,87.593565459784998,88.200630187988281,12630700
2000-05-04,88.983966771912193,89.209168272325257,88.20065720525804,88.866470336914062,5963600
2000-05-05,88.396498218538866,90.237275983834095,88.318167249802897,89.943534851074219,7862400
2000-05-08,89.453934544283683,89.845589248943426,88.88603522252707,89.267898559570312,5064100
2000-05-09,89.649779753788337,89.865189884258342,87.89712460132786,88.553146362304688,5620300
2000-05-10,88.044005822919601,88.337746945549455,86.320724570157836,86.555717468261719,10293900
2000-05-11,87.808992807328821,88.670633236303487,87.182345222619958,88.533554077148438,7091100
2000-05-12,88.866470630737567,89.904355809985944,88.748974195350968,89.493118286132812,5960800
2000-05-15,89.453929156891931,91.24574932279728,88.983943539605292,91.040130615234375,4441300
2000-05-16,91.843017639888316,92.567578759861846,91.059708320998013,91.921348571777344,8192200
2000-05-17,91.294713757600164,91.608037528540024,90.530987065934269,90.961807250976562,5907200
2000-05-18,91.255530113745692,91.686350212995137,89.845573425292969,89.845573425292969,4325600
2000-05-19,89.336467432067721,89.757496377659436,87.9852582578431,88.435661315917969,6518400
2000-05-22,88.513957427474665,88.651036565083587,85.850705611072769,87.769813537597656,10839400
2000-05-23,88.004817019338191,88.239809855170876,86.203205277954325,86.477363586425781,7979200
2000-05-24,86.477356936204885,88.161472130161769,85.537385665159178,87.887313842773438,11081500
2000-05-25,88.161500261852026,88.866478940089848,86.301139860946662,86.379470825195312,8278900
2000-05-26,86.986514730729922,87.534831347672835,86.056334755558893,86.477363586425781,4814000
2000-05-30,87.730660421806476,89.571437671728305,87.397753897884442,89.297279357910156,5362700
2000-05-31,89.336456372284005,90.237262376914657,89.042715283817486,89.493118286132812,6056500
2000-06-01,90.041458343177709,91.138092024608312,89.610637968329968,91.059761047363281,8961600
2000-06-02,93.331338586123906,93.429252285857558,92.420741178600878,92.645942687988281,8962200
2000-06-05,92.410928583590788,92.880914234365562,92.038856610060762,92.195518493652344,6998100
2000-06-06,91.882200182081931,92.606761436714706,91.431797240012898,91.784286499023438,4858900
2000-06-07,91.882212888917891,92.743853418992998,91.490558102520126,92.420738220214844,4919500
2000-06-08,92.430497822521133,92.587159683237275,91.52969212340335,92.058425903320312,5723100
2000-06-09,92.430509178146991,92.724250203077531,91.255545078424774,91.86260986328125,3085300
2000-06-12,92.097603869499892,92.097603869499892,90.785560607910156,90.785560607910156,3678900
2000-06-13,90.746431817953905,92.587209675288307,90.628935358975113,92.489295959472656,6558700
2000-06-14,92.900518307295798,93.292173106230436,92.234705149106915,92.645942687988281,6420500
2000-06-15,92.822137851550139,93.213792441641061,92.01924594186373,92.841720581054688,5881200
2000-06-16,93.15847413358442,93.15847413358442,91.627424621907309,92.078887939453125,5567900
2000-06-19,92.000391560889526,93.68847213998842,91.862989653288452,93.256637573242188,5106900
2000-06-20,93.079966217543841,93.511800729729842,92.33407024194986,92.922935485839844,6480000
2000-06-21,92.294801816835502,93.236986097398685,92.265358558067902,92.8836669921875,3115000
2000-06-22,92.687424730947598,92.765940126738329,91.077859117237793,91.470436096191406,7490500
2000-06-23,91.588214580321207,91.784503081350621,90.371225873938897,90.685287475585938,4863300
2000-06-26,91.313379111026563,91.862986723904626,90.99931761795338,91.853172302246094,5201300
2000-06-27,91.696136302968526,92.15741409449582,91.087642194996349,91.175971984863281,4159500
2000-06-28,91.470432928469421,92.324287828123587,91.274144445790299,91.431175231933594,5347700
2000-06-29,90.920816488476817,91.548939573025876,90.145477055986561,90.567497253417969,6345700
2000-06-30,90.410423204959869,91.450751565763795,90.380979949465413,91.254463195800781,7420200
2000-07-03,91.352602716871274,92.608848220498203,91.195572028917894,92.510704040527344,1436600
2000-07-05,91.941515804676527,92.118175420868269,90.685269645090855,90.842300415039062,2748200
2000-07-06,91.038547021856033,92.000360045588451,90.587083765818363,91.548896789550781,5963200
2000-07-07,92.137782148178886,93.452914530779651,91.862978366739924,93.021080017089844,3034800
2000-07-10,92.88367302990747,93.531424764900478,92.667755784909801,92.864044189453125,2816100
2000-07-11,92.62846078894809,93.668788913935202,92.432172463478807,93.060295104980469,5431600
2000-07-12,93.766990353055903,94.296969155553811,93.394042306853663,93.668846130371094,5883000
2000-07-13,94.208619261593796,94.453979765973401,93.708083832659398,94.081031799316406,5356000
2000-07-14,94.493235974272423,95.003585815429688,94.012329393181915,95.003585815429688,5341900
2000-07-17,94.836766082719464,95.464889132423906,94.650292052338457,94.846580505371094,4208300
2000-07-18,94.611044217598703,94.611044217598703,93.806261476328672,94.071250915527344,4262100
2000-07-19,93.884750021171016,94.159553805468818,93.119225193484283,93.315513610839844,8506800
2000-07-20,93.590323116571582,94.61102294921875,93.472550058958447,94.61102294921875,4538900
2000-07-21,94.061403123594872,94.061403123594872,92.765899658203125,92.765899658203125,5656900
2000-07-24,93.04069085536193,93.501968542092101,92.059248968701993,92.235908508300781,5628500
2000-07-25,92.805138181314973,92.864024690313272,92.196644254999242,92.53033447265625,4757100
2000-07-26,92.314443241763342,92.432216292890416,91.480217462946641,91.627433776855469,12062500
2000-07-27,91.666711871211945,92.098546488164118,90.881558022207983,91.313392639160156,7652600
2000-07-28,91.529319132294575,91.647092221463311,88.889239050095654,89.252372741699219,6229500
2000-07-31,89.782298418191758,90.528194207411545,89.232690994556123,89.821556091308594,5265500
2000-08-01,90.214200269233444,90.901210062406463,89.900138649497208,90.371231079101562,3946600
2000-08-02,90.371183752781732,91.332996959533759,90.214153025148761,90.822647094726562,7439800
2000-08-03,89.74306588747082,91.588177040887771,89.58603515100981,91.450775146484375,4607100
2000-08-04,91.902240117933886,92.157415069137031,91.333003688326869,91.941497802734375,3686600
2000-08-07,92.157389894316466,93.236975931417078,91.941472686896333,93.040687561035156,4159800
2000-08-08,92.648124165673266,93.472535440028835,92.648124165673266,93.394020080566406,3658700
2000-08-09,93.678666442670576,93.727738557098377,92.569636656602299,92.608894348144531,5383800
2000-08-10,92.667767212109055,92.873870062294856,91.882613497115543,92.157417297363281,4193400
2000-08-11,92.098535191186386,92.962204319151482,91.431154501395184,92.589256286621094,5089400
2000-08-14,92.824783462546776,93.943627331729516,92.373320146911638,93.7669677734375,2966700
2000-08-15,93.806287826643583,94.100720619570893,93.315566505098047,93.688514709472656,5564600
2000-08-16,93.786624337365595,94.179201249619112,92.864068593569826,93.354789733886719,5191600
2000-08-17,93.394027767109961,94.493242890051988,93.178110510817774,94.336212158203125,5652200
2000-08-18,94.45398263314074,94.45398263314074,93.727715518131134,94.022148132324219,4626400
2000-08-21,94.238038173941675,94.669872550077216,93.845461468363908,94.532470703125,2380600
2000-08-22,94.57175379862602,95.042845971969115,94.277321190286585,94.375465393066406,3075300
2000-08-23,94.100691658432552,95.023247459005418,93.767001262480662,94.748443603515625,5483200
2000-08-24,94.944717719209237,95.160635001597342,94.532511998286466,95.042861938476562,4529000
2000-08-25,94.944699295296147,95.239131895963808,94.807297414984575,95.003585815429688,2822200
2000-08-28,95.003600590361344,96.043929274511996,95.003600590361344,95.327476501464844,5518700
2000-08-29,95.121367622882019,95.396171408833382,94.787677311369634,95.347099304199219,3561900
2000-08-30,95.042881491674351,95.160654579024623,94.434387207031236,94.43438720703125,3964800
2000-08-31,94.88583776855468,96.161712707519527,94.787693542480469,95.690620422363281,4863100
2000-09-01,96.259811238773523,96.475728433640271,95.474657802894455,95.788719177246094,3191200
2000-09-05,95.396125917960674,95.60222865914146,94.728745613184813,95.023178100585938,3470800
2000-09-06,94.964364625298728,95.445271391177144,93.924035703194377,93.94366455078125,4322200
2000-09-07,94.375495513922345,94.895659954670876,94.1105060818429,94.748443603515625,4265500
2000-09-08,94.395117801480055,94.532519719677268,93.796438015049375,94.100685119628906,3518200
2000-09-11,94.061385760955787,94.96431225198333,93.394005311065868,93.963241577148438,3937500
2000-09-12,94.061391001999979,94.375452407682786,93.236979812082623,93.276237487792969,4769100
2000-09-13,92.962207266961371,93.806247577873393,92.746289978123414,93.521629333496094,7691600
2000-09-14,94.139930249505241,94.179187935180593,93.060343893432929,93.992713928222656,3397100
2000-09-15,93.313803440903968,93.353159747711601,91.936332702636719,91.936332702636719,4085700
2000-09-18,92.172477967745792,92.546362912533837,90.804846196021131,91.090179443359375,5109300
2000-09-19,91.385338755701326,92.13310853880138,91.119683701178943,91.916648864746094,6588200
2000-09-20,91.739540043327665,91.955999704519556,90.145609810914635,91.237747192382812,6508100
2000-09-21,90.972126528405326,91.660862074261743,89.811115179675951,89.850471496582031,5972300
2000-09-22,89.811076130808544,91.503397021967515,89.683168156476768,91.483718872070312,7791300
2000-09-25,91.89698624239017,91.975698864439337,90.499837201017641,90.834365844726562,9726300
2000-09-26,90.913063436059915,91.306626481237657,89.67333984375,89.67333984375,5302400
2000-09-27,90.40143825195419,90.657254250490425,89.496243180210641,90.145622253417969,7186200
2000-09-28,90.165352821350098,92.143008421207298,89.978410252209372,91.306686401367188,7036400
2000-09-29,91.601799258571589,91.916649696409863,90.440788269042969,90.440788269042969,9333600
2000-10-02,90.854015820238246,91.247578808413408,90.135763366818551,90.578521728515625,5517800
2000-10-03,91.011479235531993,91.778927384761346,89.594651883108568,89.732398986816406,9347200
2000-10-04,89.968508746531683,90.834347413383696,89.260095291834588,90.480140686035156,6148900
2000-10-05,90.303082282996868,91.208277703571696,90.244047799046342,90.795036315917969,4566900
2000-10-06,90.598197088550037,91.08031173422107,88.00068144656727,88.827163696289062,10014900
2000-10-09,88.984601569175709,88.984601569175709,87.764556169509888,88.158119201660156,4508000
2000-10-10,88.217167993269342,88.945259721074606,86.701950073242188,86.701950073242188,6104700
2000-10-11,86.662574067817559,87.2922748784829,85.0883220411542,85.973838806152344,10346000
2000-10-12,86.446167463204119,86.642949087295179,83.612512076292802,83.828971862792969,12336900
2000-10-13,83.710878066288672,86.682279708980161,83.671521753140439,86.623245239257812,11778800
2000-10-16,86.52488399145021,87.046355318667281,86.072286235752387,87.016838073730469,5659000
2000-10-17,87.174217793848612,87.252930405852084,84.635736056736533,84.852195739746094,7831700
2000-10-18,83.51411207117404,85.718066018386921,81.959537411979227,84.537376403808594,10897300
2000-10-19,86.170622915042884,87.813748517556263,85.914806952974942,87.725196838378906,8767300
2000-10-20,87.134876175386864,88.905910243992295,87.134876175386864,88.099105834960938,7373500
2000-10-23,88.118790782396601,88.807526306600238,87.48908973169614,88.49267578125,5290000
2000-10-24,88.768128888036472,89.378151498439735,87.528405518507256,87.902290344238281,5750700
2000-10-25,87.371032379024456,87.882664550613342,85.718066901583455,85.836135864257812,9137600
2000-10-26,86.347752191293267,86.682280857485608,84.399614664643764,86.072257995605469,9345800
2000-10-27,86.820041580320023,87.705558776855469,86.032915183399624,87.705558776855469,9762900
2000-10-30,87.174239206345902,88.846882622269021,86.997135785836392,88.49267578125,10154100
2000-10-31,88.797684958338394,90.480167410180584,88.197501159728006,90.017730712890625,7752400
2000-11-01,89.574952818579149,90.204653717128025,88.925573766950606,89.712699890136719,6753600
2000-11-02,90.145623761252978,90.617899458757904,89.742221602967518,89.86029052734375,11395100
2000-11-03,90.342373583086669,90.51947690747086,89.653638432703744,89.909454345703125,5187100
2000-11-06,90.145644287626737,90.863897074463324,90.066931653452869,90.539207458496094,4042500
2000-11-07,90.135791956030815,90.676941236413057,89.771746076500946,90.519515991210938,5231300
2000-11-08,90.716313438025409,90.716313438025409,88.512359619140625,88.512359619140625,6123300
2000-11-09,88.158155397441988,88.925603625232213,86.426477344992236,88.177833557128906,10635300
2000-11-10,87.528437803779738,87.823610143495728,85.973863481275558,86.03289794921875,8569500
2000-11-13,85.40320977245733,86.25920968607528,83.760083501489547,85.363853454589844,17285300
2000-11-14,86.564204988025494,87.921997700954279,86.26903265912793,87.607147216796875,7668900
2000-11-15,87.567816963657052,88.227035361023908,86.741334196809049,87.882667541503906,8837700
2000-11-16,87.262789422539399,88.079432958684478,86.465824043891786,86.505180358886719,6684100
2000-11-17,86.465827902635212,87.528448454920664,85.481919983852379,86.042747497558594,6551100
2000-11-20,85.481885176302384,85.875448183559755,84.576690259610416,84.812828063964844,5458500
2000-11-21,84.930945617450348,85.757428406128042,84.074945586319885,85.245796203613281,7684300
2000-11-22,84.596432353300855,84.93096116232762,83.199282621483135,83.209121704101562,5736900
2000-11-24,84.143821813554638,84.989982790632013,84.143821813554638,84.911270141601562,3411600
2000-11-27,85.934528982669434,86.072276109502198,85.206437026553388,85.659034729003906,5992000
2000-11-28,85.088338708364844,86.01321195519489,84.153626384440855,84.183143615722656,5336100
2000-11-29,84.616063316756168,85.580292875481987,83.917488840536436,84.025718688964844,6914100
2000-11-30,83.435385037392209,84.065086056542341,81.70370723472935,83.297637939453125,11201600
2000-12-01,83.868316098607423,84.419304566641443,82.490844928522364,83.258293151855469,7587200
2000-12-04,83.041824294332315,84.301226368938302,82.805686405343693,83.966697692871094,6996600
2000-12-05,84.930944122044394,87.056185541224366,84.635771702713839,86.721656799316406,8883400
2000-12-06,86.760978564140672,87.115185326253282,85.029301060478986,85.334312438964844,12888000
2000-12-07,84.930938535185931,85.56063965500195,84.163490295410156,84.163490295410156,6529100
2000-12-08,86.308413185883097,87.82363156602743,84.301240786211395,84.360275268554688,10276300
2000-12-11,86.505171147201153,87.882642025341312,86.091929883759121,87.29229736328125,6405600
2000-12-12,87.01676384042986,87.410326770508703,86.505132031327378,86.918373107910156,5022900
2000-12-13,87.685866614317334,87.784257398220291,85.659016465916366,85.727890014648438,6070500
2000-12-14,85.560615445535916,85.954178534061839,84.399604334384449,84.6357421875,7678400
2000-12-15,84.086078706603431,84.086078706603431,82.467520384081965,82.72412109375,9065300
2000-12-18,83.414958985294774,84.303192102743481,83.227443104944484,83.8294677734375,7235400
2000-12-19,83.671543337264154,85.250624126832719,82.1220703125,82.1220703125,9616600
2000-12-20,81.243687182133741,81.441072233596657,79.644868265284174,79.743560791015625,9994300
2000-12-21,79.585678235619469,81.391752034865291,79.289600563611955,80.2962646484375,14331500
2000-12-22,81.480610864316077,82.812960969292178,81.381918263947483,82.704399108886719,10182900
2000-12-26,82.645134303645804,83.592582702636719,82.289841154024202,83.592582702636719,4665300
2000-12-27,83.217572619531623,84.470968222316316,82.901756404656737,84.204498291015625,4854100
2000-12-28,83.888658103220763,84.559767368046522,83.750488548697803,84.461074829101562,8358700
2000-12-29,84.678279664074594,84.816449351172153,82.862335205078125,82.862335205078125,8774600
2001-01-02,83.375464826692138,83.474157375019189,80.572596454203918,81.362136840820312,8737500
2001-01-03,81.046328982600457,85.90200285734953,80.631820237195043,85.270370483398438,19431600
2001-01-04,85.230902930121673,85.566457666067038,84.007115069615068,84.3525390625,9219000
2001-01-05,84.303190614269383,84.401883181132263,81.599014282226562,81.599014282226562,12911400
2001-01-08,82.033289542635416,82.230674743652344,80.651593135516919,82.230674743652344,6625300
2001-01-09,82.773452016965862,83.05966044769103,81.74704936884801,82.013519287109375,5702400
2001-01-10,81.480608201184808,83.454460144042969,81.362177084613307,83.454460144042969,8746100
2001-01-11,82.803076381719407,84.313072887846104,82.803076381719407,83.533401489257812,7245100
2001-01-12,83.809712608655289,84.46108343203862,82.921479667678028,83.375465393066406,7244000
2001-01-16,83.375484490781574,84.125548034969484,83.069537518810193,83.908424377441406,8542200
2001-01-17,85.171714365559083,85.300014746411037,83.78014869631879,84.293350219726562,7851400
2001-01-18,84.283476346832074,85.714518978013643,83.967660042019588,85.132232666015625,8107000
2001-01-19,86.02043962917837,86.02043962917837,84.559789667599858,84.648612976074219,7782500
2001-01-22,84.796680357656683,85.763867819836662,84.362432925657515,85.211189270019531,7050900
2001-01-23,84.93480709025954,86.316502766838241,84.737421993605437,85.882255554199219,8463100
2001-01-24,86.059954299716964,86.731064035081729,85.803353518548079,86.138908386230469,6199900
2001-01-25,86.059960738396114,86.691593477760492,85.68492879939852,85.921791076660156,10818300
2001-01-26,85.369088436993522,85.980982481281799,84.92497179194558,85.823074340820312,7136800
2001-01-29,85.586191098116686,86.470472612217861,85.504075801112421,86.280990600585938,6705900
2001-01-30,86.091499443717453,87.114740864168581,85.769360746208235,87.038948059082031,7069100
2001-01-31,86.786293681399115,87.607417783643029,86.280995438122446,86.546279907226562,9706900
2001-02-01,86.596854673488721,87.13373673313653,86.059962975889931,87.121101379394531,8239100
2001-02-02,86.786304630665853,87.158975143327197,85.112482303257565,85.144065856933594,8276600
2001-02-05,85.144076187408061,85.864136964028049,85.112492629900004,85.769386291503906,4352900
2001-02-06,85.459848523731438,86.344129851367001,85.409316785303176,85.516693115234375,7106700
2001-02-07,85.093533165345818,85.523038649197403,84.436629952699832,85.0745849609375,5748700
2001-02-08,85.144040706372238,85.523014324697996,84.070267664199037,84.082893371582031,5943300
2001-02-09,84.228185163485193,84.228185163485193,82.908066110604807,83.2744140625,9913000
2001-02-12,83.185995814087065,84.322936207394108,83.185995814087065,84.228195190429688,5804400
2001-02-13,84.449294190648075,84.746162345196254,83.375520475747507,83.539741516113281,6587600
2001-02-14,83.786029005756035,83.786029005756035,82.529086773036241,83.413368225097656,8400100
2001-02-15,83.906076992774061,84.335592196678647,83.369195035329767,84.221893310546875,5929800
2001-02-16,82.743866820721152,82.927036025657614,81.67009337735486,82.364883422851562,6434900
2001-02-20,82.769121088049303,82.832288195158,80.912129577190399,81.095298767089844,5760000
2001-02-21,80.785824939297399,81.379556412487901,79.269905464625083,79.345703125,10910800
2001-02-22,79.806826407520603,79.926838216317094,77.703487418386075,79.465744018554688,21281600
2001-02-23,79.00457722053676,79.295127529607626,76.932823838311535,78.928779602050781,20173000
2001-02-26,79.459369185244171,80.608940124511719,78.638245020493017,80.608940124511719,11503700
2001-02-27,80.091020337094022,80.747914039187279,79.276213656701458,79.863632202148438,11415000
2001-02-28,80.059373925529485,80.116218505151679,77.86129195302577,78.290802001953125,14825800
2001-03-01,78.354028594712005,78.701423645019531,76.90127163822757,78.701423645019531,14672000
2001-03-02,77.375020908157794,79.364665266734193,77.248696271000185,78.076133728027344,12564300
2001-03-05,78.41717981744182,78.815106577800933,78.202422250679447,78.789840698242188,5293200
2001-03-06,79.806738548420569,80.691024714566367,79.263534395744088,79.636199951171875,6917000
2001-03-07,80.154195397269291,80.242623595050603,79.434134461635537,80.204727172851562,6371700
2001-03-08,79.964669754797413,80.36891415016342,79.674119396813921,80.293121337890625,6055000
2001-03-09,79.648861801234844,79.648861801234844,77.760281868490111,77.918190002441406,10020300
2001-03-12,77.273911151417181,77.374974655911601,74.374720536600734,74.583160400390625,13972900
2001-03-13,75.416908457732873,76.073806722723972,74.235754151598982,75.808517456054688,12888000
2001-03-14,73.932567882617604,75.347422985584402,73.111443906830985,74.311546325683594,19883400
2001-03-15,74.816852547869686,75.075824133538262,74.128375575385547,74.330497741699219,10370300
2001-03-16,74.182324082804115,74.353326771381859,72.712991091520067,72.83966064453125,58514600
2001-03-19,73.31465020802608,74.536983437675019,72.719315473103677,74.321647644042969,10067800
2001-03-20,74.669972610695197,75.024637596454966,72.269639609047033,72.326637268066406,15083900
2001-03-21,72.313959583233512,72.997960358780603,70.869961167265544,71.09796142578125,19004600
2001-03-22,70.945964801836823,71.313299123601908,68.425302016091919,70.375968933105469,28624800
2001-03-23,71.724980628282751,72.617982706433764,70.616647594291635,72.503982543945312,12861700
2001-03-26,73.276631234042114,73.637630875726074,72.687631310036949,73.428634643554688,9943800
2001-03-27,73.225971418735199,75.144969851021216,73.010635661952264,74.929634094238281,12880700
2001-03-28,74.036665824081922,74.068329590805007,72.769999188364352,72.858665466308594,10953300
2001-03-29,72.64330992994438,73.783311525783063,71.021978622039086,73.137313842773438,12060300
2001-03-30,73.181656511671576,73.903656005859375,72.516654688733269,73.903656005859375,9183600
2001-04-02,73.656640628561576,74.340636696534247,72.073307896494029,72.326637268066406,10561000
2001-04-03,72.187311301691437,72.294976772659567,69.704641793575647,69.913642883300781,12836000
2001-04-04,70.027646433397436,70.996645382984539,69.223315456299503,70.204978942871094,14884300
2001-04-05,71.756657078983494,73.143653570576618,71.249988560882031,72.864990234375,21522800
2001-04-06,72.193680153711668,72.453349193091327,70.971346375839815,71.756683349609375,14937800
2001-04-09,72.199946349158822,72.826944530298661,71.427279483538868,72.554611206054688,9034300
2001-04-10,73.118316047037908,74.574984340610698,72.940983524053152,73.878318786621094,17873600
2001-04-11,75.227276922658561,75.360276244459229,73.555278545812754,73.928947448730469,12722300
2001-04-12,73.656647944339241,75.328647088914209,73.44131215877735,75.271644592285156,9233200
2001-04-16,74.916966557729097,75.296965418769929,74.042968694140441,74.479965209960938,7350000
2001-04-17,74.296286008760802,75.784622290601774,74.112618875428367,75.531288146972656,10924700
2001-04-18,76.671338739046348,79.800007235619333,76.437008476913761,78.533340454101562,32481600
2001-04-19,78.691603042334123,79.698599908813421,78.267271211752742,79.578269958496094,13809900
2001-04-20,79.103332768941968,79.419999429480612,78.318000803752085,78.849998474121094,7626700
2001-04-23,78.311649883042548,78.46364849564479,77.209651485766003,77.418647766113281,8451800
2001-04-24,77.595986085090985,78.311655735476705,76.696654048057582,77.000656127929688,10044700
2001-04-25,76.899296574284051,78.324295914601876,76.601629272306042,78.00762939453125,8249000
2001-04-26,78.362337494060952,79.306002832283838,78.21666869755407,78.356002807617188,10590400
2001-04-27,79.115970046858919,79.698635341802358,78.659969439703829,79.660636901855469,7938700
2001-04-30,80.084982833730606,80.604315875000196,78.957650487946523,80.217987060546875,10766900
2001-05-01,79.210979278036547,80.52831342963141,78.913311915402758,80.464981079101562,10578000
2001-05-02,80.692974470240245,80.870306969259872,79.799972459100886,80.319305419921875,9572900
2001-05-03,79.882302132929809,79.894971500815885,78.672638425005715,79.299636840820312,9926200
2001-05-04,78.311647383665729,80.654978178293661,78.178647997889968,80.648643493652344,12145300
2001-05-07,80.344610573985364,80.673941549753465,79.94561259396788,79.951942443847656,7185200
2001-05-08,80.344645320110075,80.496643926048705,79.521310276707752,79.913978576660156,6952600
2001-05-09,79.324935863600388,80.148270464024918,79.204601081337088,79.578269958496094,9507400
2001-05-10,80.59799698708197,80.749995625902486,79.654326892528488,79.812660217285156,6872400
2001-05-11,79.799951608363514,80.110283400562011,78.786619855916541,79.261619567871094,7734400
2001-05-14,79.103308716509844,79.445309185735667,78.824640593744732,79.419975280761719,7914000
2001-05-15,79.514936290494234,80.116600527686657,79.071600423979831,79.787269592285156,9782200
2001-05-16,79.065319688453656,81.826653012801643,78.925990433916127,81.668319702148438,14909000
2001-05-17,81.699994411608543,82.38399552448989,81.421326217779196,81.794990539550781,11824600
2001-05-18,81.756983004400951,82.168655395507812,81.129989301848937,82.168655395507812,6683100
2001-05-21,82.231957048356719,83.498623089140636,81.794955718063079,83.378288269042969,11531500
2001-05-22,83.492346222547965,83.657009433343688,83.011016300598186,83.270675659179688,8342700
2001-05-23,82.998262035336197,82.998262035336197,81.858261108398438,81.858261108398438,12330800
2001-05-24,81.997625275903204,82.333290996855723,81.414960068515896,82.098960876464844,7902800
2001-05-25,82.111617500414681,82.143286082389849,81.003289610491848,81.129959106445312,7425000
2001-05-29,81.205985377440555,81.288321787611821,80.369985729213965,80.483985900878906,9003900
2001-05-30,80.173616044234052,80.490282520115116,79.166618970266796,79.356620788574219,10041800
2001-05-31,79.438971827800174,80.281306020027046,79.331306359245858,79.768302917480469,9874200
2001-06-01,79.926650805160364,80.496651672216927,79.242654596641501,80.262321472167969,8848300
2001-06-04,80.306647834199566,80.705645991526893,79.850647178997704,80.648643493652344,5623500
2001-06-05,80.74364114796991,81.845639465207057,80.604307083225876,81.573310852050781,9115400
2001-06-06,81.592326028393344,81.592326028393344,80.661325351865884,80.895660400390625,12064900
2001-06-07,80.464943960927386,81.288278633860159,80.433275384296735,81.186943054199219,7355300
2001-06-08,80.876596713731033,80.98426696212502,79.888599090896889,80.433265686035156,8170600
2001-06-11,80.249614722614396,80.426947169333118,79.426284815427934,79.86328125,7012200
2001-06-12,79.077986008165212,80.268650718836781,78.558652962537849,79.723983764648438,9364400
2001-06-13,79.907641339139985,80.167310246606405,78.944977089686574,79.03997802734375,7629400
2001-06-14,78.647298322000054,78.723300027481628,77.108298817618945,77.266632080078125,12603000
2001-06-15,76.794097906436392,77.740446747434362,76.470178025566781,77.391120910644531,16821100
2001-06-18,77.264089933186952,77.765846620560453,76.794091899652273,77.016387939453125,11368300
2001-06-19,77.727723688059015,78.051643495338908,76.781375062057208,77.352996826171875,7732300
2001-06-20,76.971940911797205,78.032614216470307,76.91477629497949,77.759506225585938,8787200
2001-06-21,77.626150130167275,78.953579093317344,77.581690902829536,78.642364501953125,12259100
2001-06-22,78.432753675051444,78.496266152371859,77.588028519876232,78.026268005371094,12212000
2001-06-25,78.299355933604986,78.400979747802211,77.168817651956701,77.308547973632812,8406800
2001-06-26,76.787753691648845,77.734102637225391,76.57815816641309,77.200592041015625,8005800
2001-06-27,77.232333318413851,77.638818900693096,76.794093927147685,77.156120300292969,10105100
2001-06-28,77.486386293447808,78.718548412997279,77.44192708530376,77.581657409667969,10269300
2001-06-29,77.994514847791024,78.76302697494414,77.651541652536565,77.867485046386719,9824200
2001-07-02,77.994493211675675,78.959895206083161,77.880168844971749,78.839218139648438,8522200
2001-07-03,78.743977390979651,78.8201904296875,78.153302112535485,78.8201904296875,3303100
2001-07-05,78.166001531940367,78.534380699301778,77.270464420324899,77.283164978027344,5517900
2001-07-06,77.048147351316587,77.162471729484736,75.612747192382812,75.612747192382812,11665900
2001-07-09,75.892180877004577,76.559073696069319,75.707991385589651,76.025558471679688,8339300
2001-07-10,76.400298914931682,76.622594931550722,75.079218522324666,75.110977172851562,8630700
2001-07-11,75.009357999941159,75.511114665975811,74.367871016062693,75.18719482421875,15328600
2001-07-12,75.898567928869042,77.149783589701599,75.777890830913194,76.971946716308594,12002800
2001-07-13,76.749657996865309,77.689659278901502,76.609932463878494,77.638847351074219,10433800
2001-07-16,77.340340142091961,77.66426015339718,76.400343622980358,76.667098999023438,6915300
2001-07-17,76.343153222222696,77.454638426306502,76.108156594601468,77.384773254394531,7469800
2001-07-18,76.57182963580307,77.257776200903848,76.254262320000052,76.857643127441406,7709300
2001-07-19,77.600687895589786,78.108797135890285,76.698798597460808,77.53082275390625,10082900
2001-07-20,76.946542710491372,77.448299527844512,76.800459648956561,77.067214965820312,6705800
2001-07-23,77.359361528357923,77.410168590848485,75.549224853515625,75.549224853515625,8065200
2001-07-24,75.580999427342064,75.708024378859406,74.151946917161226,74.818840026855469,12269000
2001-07-25,74.895004230459534,75.885816619945231,74.602843155895854,75.644462585449219,12088500
2001-07-26,75.619084113819625,76.755975030758052,75.301516981010792,76.438407897949219,12898200
2001-07-27,76.743288592153448,77.073556338913832,76.158966123282326,76.730583190917969,8478800
2001-07-30,76.971944935146922,77.073563926580832,76.406675666789113,76.755996704101562,8547700
2001-07-31,76.851274146625329,77.918300295546629,76.724249185486087,77.073570251464844,11918100
2001-08-01,77.467333109510292,77.930978445476626,77.200577860404437,77.556251525878906,11940800
2001-08-02,78.267625460914715,78.280326018630873,77.416542723183767,77.87384033203125,11070100
2001-08-03,77.715035585228634,77.715035585228634,76.787740061869556,77.448280334472656,10816300
2001-08-06,77.073550127699932,77.175173946630849,76.279632213641023,76.406661987304688,8550100
2001-08-07,76.387617713419075,76.978292942220833,76.158973770819898,76.705184936523438,8865100
2001-08-08,76.292398652681698,76.952939467136716,75.219019223480515,75.28253173828125,15183800
2001-08-09,75.390428761207119,75.561917711430624,74.856918350932787,75.504753112792969,14118500
2001-08-10,75.453975596687272,76.11451116921917,74.526675023208853,75.765190124511719,11173300
2001-08-13,75.962062294860431,76.120845871917282,75.460305609877949,75.784225463867188,7431600
2001-08-14,76.305032868689068,76.438410487504527,75.453955249860016,75.752464294433594,13178100
2001-08-15,75.72707602954064,75.968425355133235,74.996670506330062,75.098289489746094,8520600
2001-08-16,74.81883272409496,75.422208453446203,74.310723276237511,75.358695983886719,10734700
2001-08-17,74.72356130729122,74.863291647194984,73.681941304342402,74.151939392089844,11604600
2001-08-20,74.183695378421532,74.882342207093004,74.024911788010272,74.837882995605469,10417400
2001-08-21,74.81885552787675,75.288853760694991,73.548586366763004,73.561286926269531,14480800
2001-08-22,74.151963972592327,74.583855691056968,73.535882640078853,74.323448181152344,11752300
2001-08-23,74.28531226459215,74.640985946476334,73.986798347714853,74.056663513183594,8744100
2001-08-24,74.444104843778263,75.663561768147119,74.145590890838875,75.593696594238281,11687700
2001-08-27,75.5619293110135,75.708007488098673,75.11098453433587,75.142738342285156,7425100
2001-08-28,75.12366376064945,75.257041345826835,74.043937683105469,74.043937683105469,12046600
2001-08-29,74.393322806782123,74.425081478838564,73.148459424119352,73.383460998535156,16180000
2001-08-30,72.94518936479858,73.510458627967864,71.160463141467986,71.973434448242188,17692600
2001-08-31,72.024251856510745,72.894383003201995,71.852762831286853,72.500602722167969,15985400
2001-09-04,72.310057168840089,73.783568919501761,72.005195342188074,72.036949157714844,24473400
2001-09-05,72.21478271484375,72.526002074278125,71.103297462926776,72.21478271484375,21477100
2001-09-06,71.547915121400621,71.960753588976516,70.353858947753906,70.353858947753906,21653000
2001-09-07,69.877498453854386,70.658716053335013,68.994661849922011,69.051826477050781,33133900
2001-09-10,68.403968168363363,70.087075180051102,68.403968168363363,69.896537780761719,23408700
2001-09-17,64.148561789681807,67.578287844604773,63.513427514536446,66.2445068359375,32388700
2001-09-18,66.263560700324405,66.879641728210657,65.647479672438166,66.085723876953125,22029200
2001-09-19,66.117493117051851,66.371547857894939,62.598847797456592,64.751953125,42771800
2001-09-20,63.767504988463564,64.663042116784041,62.598854984684372,62.694126129150391,36210900
2001-09-21,60.105158830472639,63.107866156830553,59.799153104812625,62.017711639404297,49782100
2001-09-24,63.573279070811466,64.491306306566884,63.152514966465212,64.198043823242188,25549600
2001-09-25,64.229921439355948,65.026818727685423,63.688032256066911,64.867439270019531,25466200
2001-09-26,65.249917544930184,65.281795366648154,64.025885067374503,64.637901306152344,18587500
2001-09-27,64.548662961060089,65.211681909954592,63.75176588746676,65.198928833007812,20536800
2001-09-28,65.651568881964366,69.884685633716302,65.345558273845867,66.582344055175781,21687200
2001-10-01,66.238059660212613,66.505815804228178,65.555916228246232,66.47393798828125,20457400
2001-10-02,66.301810980344669,67.309089660644531,66.078680858473646,67.309089660644531,19833100
2001-10-03,66.684349244796209,68.775406484871141,66.524969822670073,68.437522888183594,32045800
2001-10-04,69.03676188019584,69.470273919626891,68.054984471370446,68.494873046875,32674100
2001-10-05,68.373778793528302,68.609662112388889,67.270870944213257,68.361030578613281,29796100
2001-10-08,67.748985596859853,68.405632736705783,67.493982476621014,67.914741516113281,12970300
2001-10-09,67.965733124562377,68.054985175026417,67.32183916289577,67.551345825195312,15976300
2001-10-10,67.44936594549894,69.202539395403122,67.270856926764111,69.055908203125,19987400
2001-10-11,69.457557535984307,70.318210397254347,69.457557535984307,70.126953125,23006300
2001-10-12,69.585036350869188,70.056797940700775,68.405629944353961,69.80816650390625,31360500
2001-10-15,69.253538810090575,69.776303075262135,68.89015395337222,69.680679321289062,16873000
2001-10-16,69.999419422987586,70.515807011873832,69.457525688029833,70.12054443359375,15877100
2001-10-17,70.809054276486435,70.860056833548953,68.628746032714844,68.628746032714844,28542300
2001-10-18,68.737132285174511,68.953890750606845,68.054988798099743,68.482124328613281,16510000
2001-10-19,68.214392669981805,68.794536101180412,67.58325152024706,68.437522888183594,21912500
2001-10-22,68.405635319797483,69.852798023677963,68.348256210866111,69.789047241210938,17540600
2001-10-23,70.101443255558976,70.305448717866085,69.094164157472846,69.432052612304688,22062500
2001-10-24,69.47666858504877,69.776297764481768,68.992153858343599,69.247161865234375,16065200
2001-10-25,68.501254292879992,70.509435415966763,68.048617445839398,70.490310668945312,27467900
2001-10-26,70.095056987581685,71.268091880933653,69.916552840823897,70.330940246582031,18623300
2001-10-29,70.228951335652582,70.47758284660064,68.501274108886719,68.501274108886719,18727500
2001-10-30,68.437521510797154,68.660651724508185,67.296364287676369,67.678878784179688,26178600
2001-10-31,68.150662927293226,68.762679513659393,67.449394226074219,67.449394226074219,28124200
2001-11-01,67.959394069897584,69.495814247454604,67.385627097700464,69.177055358886719,29806800
2001-11-02,69.132385676236524,69.73164870108539,68.769000967173866,69.648773193359375,17575900
2001-11-05,70.203431804894194,70.821819720260734,70.095050128790774,70.560440063476562,15929500
2001-11-06,70.350076828042745,71.707992634313527,70.031317979828799,71.656990051269531,23245800
2001-11-07,71.255375368453201,72.116028446603551,71.172499790325148,71.561386108398438,19716000
2001-11-08,71.956594405756974,72.72798991593713,71.338201717595737,71.784461975097656,22563500
2001-11-09,71.561350751392482,72.01398766468526,71.044963050739483,71.860984802246094,15895800
2001-11-12,70.764439325644062,71.816344126232153,70.126921854241857,71.42108154296875,26068800
2001-11-13,72.31998883256766,73.027633666992188,72.154232915924908,73.027633666992188,15296200
2001-11-14,73.422924156430227,73.569555391129796,72.492148748320531,73.097793579101562,17571300
2001-11-15,72.912900089962505,73.429287863369495,72.632390749408586,73.231658935546875,19470200
2001-11-16,73.365545858462838,73.378294073709284,72.29451581440226,72.906532287597656,18134900
2001-11-19,73.263500571312079,73.856391965109353,72.963866606378673,73.805389404296875,13625400
2001-11-20,73.550434839412418,73.82456770474856,73.08504467681847,73.187049865722656,16209700
2001-11-21,72.995764528681178,73.104141352354887,72.364623472370099,72.702507019042969,11470200
2001-11-23,72.702510727006825,73.79266528491614,72.677009438275945,73.748039245605469,6717100
2001-11-26,73.792663932114777,74.168796990284463,73.359151759384133,73.907417297363281,13726000
2001-11-27,73.709775817675549,74.525797447390133,72.734369947538738,73.588645935058594,19261400
2001-11-28,73.148758714046096,73.422891441568154,72.198858973323368,72.256233215332031,20195500
2001-11-29,72.460263112897579,73.263531901780908,72.039499102066713,73.231658935546875,16354700
2001-11-30,72.93198477183401,73.257119977577432,72.689725069414038,72.708854675292969,13680300
2001-12-03,72.453871875911986,72.72800462205818,72.045861025444097,72.275367736816406,15220400
2001-12-04,72.625988964155781,73.505766185017279,72.262604201065415,73.4993896484375,17239900
2001-12-05,73.703439323053558,75.227106601551242,73.671561484875696,74.844596862792969,25204000
2001-12-06,74.806327819824219,75.188842347472885,74.544948080730165,74.806327819824219,17972900
2001-12-07,74.525825334893085,74.64695039896236,73.760801122859789,74.309066772460938,18857800
2001-12-10,73.856425181414593,74.200685325919039,72.900148623526945,72.919273376464844,13862700
2001-12-11,73.250759263733983,73.773523401629788,72.613241785135543,72.772621154785156,20833300
2001-12-12,73.02763936411138,73.174265680990828,72.109612509699673,72.855506896972656,16171500
2001-12-13,72.326349633789036,72.48572898940678,71.427452597318293,71.440200805664062,19026700
2001-12-14,71.612349096862317,72.351866941531185,71.401967133514404,72.122360229492188,16721900
2001-12-17,72.033134511420386,72.9065356441874,71.975760244358042,72.8682861328125,13925900
2001-12-18,73.078630422290388,73.410142251268056,72.893749760720667,73.301765441894531,13663700
2001-12-19,72.734393243546592,73.901051820887048,72.677018984271214,73.81817626953125,20143400
2001-12-20,73.633281494709166,73.824538716868076,73.027641730994603,73.091392517089844,14867900
2001-12-21,73.585899386797408,73.611488392940259,73.054938490692109,73.534721374511719,14037700
2001-12-24,73.457929094216084,73.592267660889092,73.317192058481922,73.393959045410156,5728800
2001-12-26,73.342795659168033,74.340742284950821,73.342795659168033,73.796989440917969,10304800
2001-12-27,73.758597563820388,74.257570803540105,73.726610097437472,74.244773864746094,9407300
2001-12-28,74.391937536356068,74.686203792177395,74.155242885093614,74.2064208984375,10593800
2001-12-31,74.302390691991107,74.455919876707242,73.07414745305239,73.118927001953125,14619500
2002-01-02,73.637061644455756,74.046475893939459,72.805436204852882,73.905738830566406,18651900
2002-01-03,73.982529769838081,74.814150597911507,73.912161215383591,74.743782043457031,15743000
2002-01-04,74.954849016007699,75.473017638664018,74.558231783561865,75.242721557617188,20140700
2002-01-07,75.29391833688517,75.479434953856199,74.564648811194076,74.711784362792969,13106500
2002-01-08,74.711779414547181,74.884499077885792,74.187217073255525,74.539054870605469,12683700
2002-01-09,74.641452942324506,75.345133814179079,73.784237971420822,73.931373596191406,16610300
2002-01-10,74.008119766535415,74.430326218292876,73.75863302672316,74.257606506347656,12823400
2002-01-11,74.340735005034276,74.385514531790633,73.374771064315638,73.528305053710938,13708400
2002-01-14,73.34280947364438,73.464351149291119,72.901407668822031,73.067733764648438,12301100
2002-01-15,73.278856169587669,73.816210767469741,72.863043275166604,73.662681579589844,20219900
2002-01-16,73.118892575247131,73.182862632042657,72.088958554851075,72.172119140625,17067000
2002-01-17,72.773473093510532,73.0805314225112,72.543176906457958,72.715896606445312,17283400
2002-01-18,72.287259342839093,72.831012087439163,72.076153785803143,72.383216857910156,17028000
2002-01-22,72.767068435945646,72.882216519683809,71.660367137761881,71.884269714355469,11689300
2002-01-23,72.050595132078996,72.639132528081973,71.660371318898299,72.434425354003906,12438900
2002-01-24,72.696690999540351,73.086914742222788,72.491983862444911,72.658309936523438,12142800
2002-01-25,72.364046326386756,73.042137827213324,72.312868320127279,72.639122009277344,12810700
2002-01-28,72.863006601073494,73.048523179996323,72.236088338485914,72.837417602539062,10589200
2002-01-29,72.831045848354648,73.010164023196694,70.400148663120277,70.547279357910156,27720800
2002-01-30,70.617633767578482,72.536765051880323,69.344611382227171,71.564407348632812,34711800
2002-01-31,71.743541822064202,72.479209957996346,71.404495998873955,72.402442932128906,19909200
2002-02-01,72.344854296146551,72.479197789009888,71.75632183845498,72.063385009765625,15838500
2002-02-04,71.794700150883656,71.794700150883656,70.009907553899367,70.272186279296875,24243400
2002-02-05,69.984331917275142,70.681614041914855,69.427782007435013,69.837196350097656,33614000
2002-02-06,70.144234357410639,70.201805940889543,69.12709245719698,69.536506652832031,29486000
2002-02-07,69.54933229914694,70.278601941174728,69.088739918791646,69.101531982421875,23445400
2002-02-08,69.491743555225952,70.847931449239894,69.280642818631222,70.42572021484375,19277800
2002-02-11,70.400124916663302,71.417262015259226,70.25298939089906,71.289321899414062,18792400
2002-02-12,70.982276708660791,71.462059585109515,70.387345746640236,71.065437316894531,13942500
2002-02-13,71.31489235166012,71.992983574371181,71.231726905447502,71.820259094238281,16781100
2002-02-14,71.973831522871606,72.268097774563799,71.385294138883282,71.685958862304688,20453800
2002-02-15,71.74352119900432,71.801092791402368,70.822336675811883,70.937484741210938,18366800
2002-02-19,70.464102472880697,70.553661539623064,69.478947858111539,69.574905395507812,15988100
2002-02-20,69.760447741663214,70.745597839355469,68.973601501386526,70.745597839355469,29242800
2002-02-21,70.323373608355922,70.771168994322338,69.255058272833423,69.280647277832031,26288600
2002-02-22,69.312620898308353,70.329762972727167,69.00556263929353,70.137847900390625,26572900
2002-02-25,70.201818750307027,71.526019098566906,70.176229748335459,71.295722961425781,17458700
2002-02-26,71.391685933616486,71.673160096128981,70.732784944647179,71.148597717285156,22346500
2002-02-27,71.621930668598395,72.197670641939212,70.783912134435639,71.423622131347656,28597900
2002-02-28,71.538839474378364,72.127372070705505,71.027069028508421,71.103836059570312,23755400
2002-03-01,71.468460413892842,72.83104207093092,71.334121789728854,72.760673522949219,26273600
2002-03-04,72.863007508595956,74.199999754606267,72.703079926215622,74.046470642089844,27184600
2002-03-05,73.777808970109746,74.462298971232414,73.54751281266627,73.809791564941406,22718900
2002-03-06,73.630634542315306,74.942042253137714,73.611444019427324,74.6861572265625,20143200
2002-03-07,75.076419387103641,75.165978460352818,73.931337087013944,74.526268005371094,19330800
2002-03-08,75.089200701579728,75.42185282369725,74.513465278981187,74.839714050292969,19930100
2002-03-11,74.77575137466269,75.421860272096183,74.481485164099723,74.999649047851562,15621800
2002-03-12,74.270367026757029,75.006034869400423,74.168015913675788,74.954856872558594,17153600
2002-03-13,74.609421418287724,74.686188422505666,73.97610949544945,74.23199462890625,17175300
2002-03-14,74.231979397708059,74.481466009472015,73.969695847565347,74.129623413085938,11168100
2002-03-15,74.399741475942719,75.028450866379615,74.354833662340084,74.835990905761719,21220100
2002-03-18,75.124648956311816,75.419758010039686,74.483106258316695,74.848785400390625,17548900
2002-03-19,75.252969886573013,75.535245380836699,74.945027199232769,75.349197387695312,17912000
2002-03-20,74.739780407960751,74.791105037018795,73.89936040912589,73.931434631347656,17114500
2002-03-21,73.969887257507523,74.354811960982957,73.212866553019808,73.963470458984375,25846800
2002-03-22,74.098179112105342,74.380459455941576,73.584943013236241,73.803070068359375,15235400
2002-03-25,73.835154068968535,74.008373355533664,72.686796833157914,72.885673522949219,17499600
2002-03-26,72.827947745155228,73.790262093711945,72.795873536953678,73.309104919433594,19947600
2002-03-27,73.155137893448625,73.783852104445671,72.981923459828209,73.501571655273438,19020300
2002-03-28,73.758148993386385,74.271380105243352,73.4566232066975,73.469451904296875,17532900
2002-04-01,73.28344941333782,73.841588617457788,72.815120931264261,73.501571655273438,17711000
2002-04-02,73.123036256754531,73.745328540111998,72.988307987759981,73.097373962402344,15669500
2002-04-03,73.142296221430925,73.270602823988767,71.955443016729859,72.584152221679688,25658500
2002-04-04,72.237730741853994,72.750967028076715,72.000362997507764,72.282638549804688,23549000
2002-04-05,72.616250305646517,72.898525883993372,71.968290535774486,72.295478820800781,19404900
2002-04-08,71.416548019686218,72.51358567747144,71.358811514079136,72.449432373046875,16470100
2002-04-09,72.609824516965219,72.609824516965219,71.807895904123043,71.942619323730469,15122700
2002-04-10,71.916968237644326,72.84079170999388,71.910551437257283,72.757392883300781,17199300
2002-04-11,72.423785343927875,72.526434568318919,70.890498040323834,70.948234558105469,25453700
2002-04-12,71.224079532809682,71.628254629515538,70.595370329507659,71.480697631835938,14950600
2002-04-15,71.608985444860281,71.762954295519506,70.69799124988792,70.93536376953125,17394900
2002-04-16,71.660335851815844,72.69963705210796,71.641090349055858,72.622650146484375,15040900
2002-04-17,72.744537304335921,72.924168504224511,72.237717907745605,72.468673706054688,12920100
2002-04-18,72.430191022540029,72.789453463575541,71.307490999720358,72.154327392578125,25204800
2002-04-19,72.622644272851687,72.648306572650668,72.21205726523425,72.417350769042969,10499200
2002-04-22,72.096623946451643,72.128703064683222,71.108646818870881,71.211296081542969,13922900
2002-04-23,71.269014913174829,71.519221205124595,70.678796483216232,70.903335571289062,16967000
2002-04-24,70.928985981523979,71.730914657670311,70.184798715243971,70.191215515136719,18902700
2002-04-25,70.062880443300642,70.40289730457954,69.748525878383901,70.229682922363281,25451500
2002-04-26,70.434998185358936,70.576138411716371,68.831140875995402,68.895294189453125,19769800
2002-04-29,69.241733379165723,69.453443735284651,68.407725555137205,68.555282592773438,17724400
2002-04-30,68.657932065808481,69.697233523574482,68.414147479481315,69.196830749511719,19473500
2002-05-01,69.267389058589103,70.088563203607777,68.516785025525223,70.043655395507812,24575600
2002-05-02,69.992337961488175,70.511991102287084,69.145501425820271,69.774215698242188,15666800
2002-05-03,69.671552953838244,69.77420215986119,68.773391979471654,69.017181396484375,18185500
2002-05-06,69.055683105822311,69.280222160574041,67.560886849842674,67.663536071777344,23630400
2002-05-07,68.067697964444761,68.20883817988296,67.297848473342953,67.426155090332031,21910000
2002-05-08,68.677147221963878,70.159109276063191,68.510344751353102,69.9345703125,27917400
2002-05-09,69.703633147786135,69.992325478733093,69.017182479136068,69.126243591308594,18085600
2002-05-10,69.267369460413292,69.318694053601433,67.746911425647497,67.823898315429688,18958900
2002-05-13,68.144685086971847,69.254551521731202,67.8688214544473,69.203231811523438,14677700
2002-05-14,70.325921258440616,70.807078343117624,69.928162973057766,70.710845947265625,34201200
2002-05-15,70.248979961981576,71.153558217742699,70.114256478171953,70.435028076171875,29535300
2002-05-16,70.377261361218316,70.877668985785533,70.139893596504834,70.800682067871094,28092000
2002-05-17,70.993133443929224,71.37164137236914,70.633866123086392,71.147102355957031,27823700
2002-05-20,70.980310228425566,71.012389333141002,70.242534871227889,70.37725830078125,13833800
2002-05-21,70.640280239450433,70.877652844691013,69.49191800531348,69.735702514648438,16877200
2002-05-22,69.42776732450632,70.005156862721066,69.286627115766777,69.889678955078125,15844200
2002-05-23,70.094979294092127,70.800675511916779,69.594576610445273,70.633872985839844,13879800
2002-05-24,70.556907845627165,70.698043207282083,69.677992091959382,69.729316711425781,11877000
2002-05-28,69.960245277648966,70.011564982484529,68.933772867606379,69.350776672363281,24236900
2002-05-29,69.042848463272165,69.299461706873686,68.728488919067715,68.837554931640625,14773300
2002-05-30,68.35641864940925,68.972299432532125,67.939414659234316,68.645111083984375,18217900
2002-05-31,68.901694630480534,69.645881700156025,68.548844148360956,68.786216735839844,19826300
2002-06-03,68.702817035270442,69.030005238195443,66.803850908841142,66.95782470703125,26056300
2002-06-04,66.816680740413972,67.490297714845894,66.431756055798161,67.124618530273438,25856200
2002-06-05,67.329913457097931,67.791825046317442,66.944988764276005,67.753334045410156,19695900
2002-06-06,67.708433755556797,67.746924760733037,66.175146717977995,66.3740234375,22998500
2002-06-07,65.296222431666607,66.669123569670347,65.25773143168351,66.297027587890625,24011600
2002-06-10,66.232908867047357,67.015592239194859,66.091768600648891,66.553680419921875,18759900
2002-06-11,66.803867338460009,67.066902304121058,65.264168134553671,65.411720275878906,19990700
2002-06-12,65.251319486793022,65.957015608275128,64.654684469763481,65.809463500976562,31266000
2002-06-13,65.520772792390972,66.078916861915559,65.013953328138854,65.148681640625,21043900
2002-06-14,64.353145127801952,65.15507348357491,63.191954434909036,65.05242919921875,39267500
2002-06-17,65.386020042666573,66.938551946322832,65.341112256844497,66.797416687011719,17647200
2002-06-18,66.553680887659823,67.38127208724265,66.483110753964624,67.342781066894531,21628500
2002-06-19,66.399702779557003,66.996337985823374,65.591357201322126,65.770988464355469,21540700
2002-06-20,65.604148429268704,66.110967676665837,64.770141081484724,64.930526733398438,25691000
2002-06-21,64.681404212170264,64.977546208373141,63.529022691809331,63.915294647216797,31190700
2002-06-24,63.483951544631644,64.823032110883659,62.608399244521785,64.25006103515625,37169700
2002-06-25,64.571962910724494,64.951795617489992,62.795105980000088,62.807979583740234,33355000
2002-06-26,61.288642448383179,63.187820826279214,61.282208102001327,62.910991668701172,37913600
2002-06-27,63.413148018003312,64.050497064426906,62.170636393364703,64.011871337890625,31616400
2002-06-28,63.889560965300028,64.700735743937287,63.657796742832247,63.709300994873047,28184200
2002-07-01,63.850939222170659,64.250089832856048,62.376663069457024,62.466793060302734,20270200
2002-07-02,62.357346570302973,62.576232274834069,61.011826222377429,61.140586853027344,34213900
2002-07-03,60.915256594861901,61.700674270844104,60.335846086583715,61.488227844238281,30565800
2002-07-05,62.30581756523619,64.076235011666796,62.228566129252471,63.934600830078125,19013500
2002-07-08,63.722160215572345,64.185683608414678,62.807977209712561,63.136310577392578,19118600
2002-07-09,62.917406601988084,63.310112783190824,61.166302367029097,61.546134948730469,28620400
2002-07-10,61.803643474726968,61.848708434958802,59.25424377079996,59.305747985839844,50522500
2002-07-11,59.074029679865113,60.097650960038791,58.146972738035302,59.78863525390625,59476500
2002-07-12,60.084759159212304,60.445279011111168,58.919499074957024,59.131950378417969,39018600
2002-07-15,58.996741799285338,59.486022136438628,56.582536395304174,59.447391510009766,77317200
2002-07-16,58.661969660057238,59.473139077352073,57.857234586914124,58.301445007324219,53282400
2002-07-17,59.524632482027918,60.065416906981383,57.779967749958324,58.417316436767578,48880600
2002-07-18,58.391574788672095,58.649090993741751,56.492401985745374,56.524593353271484,32656700
2002-07-19,55.855061250851655,56.36365447858951,54.271342991779825,54.535293579101562,77572600
2002-07-22,54.142609790993362,55.307870271266488,52.436569349085993,52.919410705566406,78134000
2002-07-23,53.144716549931871,53.588927056893269,51.342107670180354,51.470863342285156,74484100
2002-07-24,50.299176884517344,54.799260528242627,50.009474121266109,54.541744232177734,107022800
2002-07-25,54.252033403540693,55.269220012424782,52.533119963178855,54.078212738037109,87176600
2002-07-26,54.496690776503705,55.32073916885156,53.949471601433565,55.108287811279297,41206800
2002-07-29,56.33143520585385,58.159790288056683,56.202679604353584,57.792831420898438,53492900
2002-07-30,57.503158215060331,58.842238765747837,57.116886301669595,58.546096801757812,47532200
2002-07-31,58.25640981743264,58.938828848241066,57.458113592105605,58.687751770019531,44669900
2002-08-01,58.50748748205298,58.810068813125852,56.865830024282744,57.155532836914062,66571900
2002-08-02,56.975267101328541,57.239222673771529,55.121158482519711,55.8743896484375,51772900
2002-08-05,55.681262091029431,55.964530582944803,53.788527373522101,53.930156707763672,47191300
2002-08-06,54.870080759164566,56.588994397397251,54.792824392428287,55.745628356933594,64730000
2002-08-07,56.569693399083611,56.975278358161191,55.217733712059427,56.717761993408203,43289400
2002-08-08,56.923745200476766,58.64909758306262,56.524599703901579,58.552528381347656,48339800
2002-08-09,58.005310071554185,59.189882795891364,57.52246896955171,58.771419525146484,41879200
2002-08-12,57.934490608678466,58.758538603107304,57.65122718041448,58.340080261230469,25841700
2002-08-13,58.037494508033532,59.009615852517783,57.071812419419707,57.277824401855469,49690500
2002-08-14,57.31002254875176,59.634098309053087,56.666234358346166,59.370147705078125,57423600
2002-08-15,59.769303600844189,60.509661130496937,59.357279480495961,60.194206237792969,45551500
2002-08-16,59.756422632394994,60.567597168247815,59.228516486268568,60.013938903808594,36517300
2002-08-19,60.168453313817182,61.642729095159417,59.936689135248059,61.417404174804688,33669900
2002-08-20,61.04401441294501,61.417412854712452,60.271470316343574,60.767185211181641,30508300
2002-08-21,61.19852656864515,61.66205502400301,60.23928318346708,61.642742156982422,39628900
2002-08-22,61.475326565578342,62.544017208694889,61.204936732397137,62.241436004638672,38399800
2002-08-23,61.810106544388411,61.900236499578291,60.612660097763722,60.902362823486328,33716400
2002-08-26,61.101979807181699,61.571942745569274,60.194235502408752,61.327304840087891,33830100
2002-08-27,61.610520404931854,61.964605831511605,60.194188522039845,60.619091033935547,35335700
2002-08-28,60.052555004177812,60.187749919874143,59.099751337828344,59.292884826660156,38970600
2002-08-29,58.758529071090521,59.904475846139157,58.462387178115939,59.318626403808594,42965700
2002-08-30,59.022520945795215,60.123398524815904,58.842260978944914,59.086898803710938,30366700
2002-09-03,58.41091386992462,58.584734547537494,56.749938898446601,56.833629608154297,76586400
2002-09-04,57.046063707623517,58.101875794497822,56.691978289342885,57.644786834716797,51099500
2002-09-05,56.96883361323686,57.573996275382591,56.33148447841856,57.155532836914062,67250900
2002-09-06,57.779986190795903,58.307892274844932,57.516030692914505,57.940933227539062,38622200
2002-09-09,57.361516726839582,58.810039901313885,57.168383250604286,58.365829467773438,33998400
2002-09-10,58.674872838470037,59.086897010686414,58.301474397487837,59.035392761230469,41416600
2002-09-11,59.531132492686652,60.084791080366735,58.649140344471348,58.668453216552734,27711200
2002-09-12,58.423775789188184,58.481714366232481,57.290707247087674,57.586849212646484,43601700
2002-09-13,57.097567893539427,57.87655090148828,56.81429955911679,57.728477478027344,41131000
2002-09-16,57.496726456842623,57.870124816894531,56.949507432195233,57.870124816894531,28167600
2002-09-17,58.513920766570898,58.707059229748019,56.492425808635012,56.543930053710938,47609700
2002-09-18,56.016013292315691,56.97525634591036,55.546045739833588,55.977382659912109,54719400
2002-09-19,55.359330055088734,55.880801687396691,54.528842926025391,54.528842926025391,48510500
2002-09-20,54.915582162495639,55.096650183002254,54.352978660740597,54.546977996826172,46325600
2002-09-23,54.094316176117431,54.359450122561761,53.473509325466253,54.100784301757812,46893800
2002-09-24,53.311850235554616,54.094325830729574,52.930309694424167,53.227779388427734,69507000
2002-09-25,53.913239925053027,54.818580027586087,53.053161893913092,54.546977996826172,59294400
2002-09-26,54.980252760208209,55.594596371877607,54.611648566700126,55.439395904541016,53638000
2002-09-27,54.967292255505335,55.374695116079351,53.512275695800781,53.512275695800781,64648300
2002-09-30,53.027284296571985,53.544625629055965,52.315943664705948,52.891483306884766,73096400
2002-10-01,53.305341292336465,55.465230216845356,52.684534806242922,55.432899475097656,67198100
2002-10-02,54.766832870174994,55.310036763463849,53.4152813921419,53.770954132080078,56749100
2002-10-03,53.764520436487182,54.708664665385939,52.994976161166655,53.227779388427734,55547000
2002-10-04,53.544634156431115,53.622231915048907,51.462342115475082,52.251285552978516,68483700
2002-10-07,51.772748301721684,52.509956686235924,50.796273558736786,51.171340942382812,53188000
2002-10-08,51.611091187880234,52.581102955202788,50.569944829588557,51.973232269287109,79531000
2002-10-09,51.145466625645234,51.539938332598801,50.298324894515396,50.505260467529297,79956400
2002-10-10,50.401813938074142,52.425903420391705,49.83920532651031,52.141365051269531,76749000
2002-10-11,53.091965467851239,54.792722240247222,52.910897431337744,54.424118041992188,82308300
2002-10-14,53.803298183737326,54.87031173369828,53.69983286436085,54.728042602539062,40631900
2002-10-15,56.254180817964183,57.372929226362068,56.163646835057072,57.359992980957031,82320300
2002-10-16,56.525798143543668,56.77800070448383,55.562249965866691,55.969657897949219,62977800
2002-10-17,57.469948233816986,57.748018387020942,56.810337668666456,57.081939697265625,68534100
2002-10-18,56.681010329226218,57.625154330903413,56.215403986758787,57.321216583251953,47448700
2002-10-21,56.984958664184106,58.524042196636167,56.629285716014465,58.310638427734375,45859100
2002-10-22,57.586307156528804,58.207113447981676,57.243565878596534,57.890239715576172,40966800
2002-10-23,57.405261425170735,58.375272638351078,56.700388978451123,58.330005645751953,54905800
2002-10-24,58.685695606328771,58.782697742838018,56.972007640444076,57.140144348144531,54987400
2002-10-25,57.043125484377697,58.452875311549086,56.868525636847387,58.330005645751953,43672100
2002-10-28,58.944369255259907,59.034903271505705,57.457016244820885,57.948490142822266,39416100
2002-10-29,57.605722180831911,57.870855960247489,56.26063905159485,57.275917053222656,59508200
2002-10-30,57.34705621935413,58.174798232259356,57.056054863912365,57.832061767578125,41688600
2002-10-31,57.9808468513572,58.394718199567393,57.030234402465283,57.243633270263672,41620600
2002-11-01,57.13364651222458,58.730932070409978,56.939647273824939,58.375259399414062,51878900
2002-11-04,59.364714059491483,60.101922507690745,58.782706091509347,58.931438446044922,49080600
2002-11-05,58.743883719006988,59.539295179669459,58.743883719006988,59.397026062011719,37270800
2002-11-06,59.804436571047376,60.185972008825715,58.711555514134893,60.166572570800781,65013100
2002-11-07,59.506956032669038,59.636293829256076,58.342945465780502,58.692150115966797,51572000
2002-11-08,58.543406155181493,59.21594781894435,57.890263925244085,57.974334716796875,37905400
2002-11-11,57.88380503561892,57.916135783151972,56.777992821850262,57.075462341308594,33505100
2002-11-12,57.334137904009573,58.155411980973291,57.146601790809079,57.52813720703125,37724500
2002-11-13,57.114256151326295,58.03253218660474,56.551647909791669,57.586330413818359,63891500
2002-11-14,58.245941252915053,58.847348417609147,58.039005719565061,58.672748565673828,31896800
2002-11-15,58.200665760655212,59.203012533359122,58.168330083962218,59.106010437011719,39152100
2002-11-18,59.591065237916773,59.591065237916773,58.427048987134341,58.511119842529297,28934800
2002-11-19,58.213588520587919,58.911997591227916,58.04545684092821,58.433460235595703,32806600
2002-11-20,58.187722258052922,59.765603288677347,58.168317895864014,59.733272552490234,36688400
2002-11-21,59.882060278047554,60.910275342628942,59.772126792435394,60.845603942871094,55128200
2002-11-22,60.451149720985001,60.962018363514261,60.315343699948357,60.412345886230469,32513800
2002-11-25,60.418775153968767,60.955515963602451,59.991967782337269,60.45111083984375,33846400
2002-11-26,60.185975298149501,60.431709749450356,59.248299561655976,59.300029754638672,42284700
2002-11-27,59.830281838795045,61.2077007436868,59.772083541607159,60.968429565429688,37764000
2002-11-29,61.304724932230542,61.401722129165947,60.638646266296462,60.774452209472656,19385700
2002-12-02,61.738002360097951,62.113074675554778,60.282985040164185,60.871456146240234,49911900
2002-12-03,60.30240571142356,60.399407886982615,59.72039759180479,60.056671142578125,34407700
2002-12-04,59.345303052812703,60.231248690310331,59.125436141544924,59.785041809082031,64040800
2002-12-05,59.96613670135968,60.011403725159141,58.912053965587738,59.125457763671875,36724900
2002-12-06,58.278263860895414,59.603942628061738,58.187729893722342,59.513408660888672,49824100
2002-12-09,58.892616662385095,59.144819194833715,57.864407096822632,57.877338409423828,36789600
2002-12-10,58.213589438674703,58.911998520329306,58.045457756363383,58.653327941894531,33319900
2002-12-11,58.472278837546874,59.248290822625698,58.304147101119092,58.705081939697266,39201000
2002-12-12,58.976682303456521,59.16421840471839,58.330008133753125,58.698612213134766,34465600
2002-12-13,58.142496772961209,58.511100977911013,57.728620624326808,57.773887634277344,36862200
2002-12-16,58.084273834348188,59.35822274045038,57.980808532542433,59.267688751220703,37098400
2002-12-17,59.08661663094864,59.325882899827008,58.67920877424087,58.750343322753906,32353900
2002-12-18,58.407633886706158,58.459369024818393,57.767427587203862,58.071365356445312,35612600
2002-12-19,57.780327793423403,58.653336810630393,57.295322235671556,57.657463073730469,39264200
2002-12-20,57.966776263056182,58.499654519467228,57.90179207724519,58.480159759521484,31176900
2002-12-23,58.220273356431065,58.79214663387944,58.03831548014486,58.499710083007812,22599300
2002-12-24,58.22021397264156,58.39567671579109,57.999266764794257,58.064250946044922,10937000
2002-12-26,58.291735017178901,58.883102844838362,57.732861779734407,58.090282440185547,17485600
2002-12-27,57.8108753037423,58.025327809379057,56.784107208251953,56.784107208251953,22205700
2002-12-30,57.050523757023235,57.492423439910155,56.680108210925283,57.258476257324219,29968000
2002-12-31,57.180511041936398,57.466447683260817,56.608642717267891,57.336479187011719,34036600
2003-01-02,57.739364732358581,59.331505535212031,57.537912144748255,59.182037353515625,44516300
2003-01-03,59.078040237745341,59.383466474466353,58.811598571570201,59.363971710205078,32222600
2003-01-06,59.292520170181241,60.754687788620899,59.247030709260066,60.410266876220703,40984500
2003-01-07,60.37126163195957,60.676692915020475,59.916362183025726,60.260787963867188,38640400
2003-01-08,59.916328118565758,60.046301440643241,59.169002588015196,59.389949798583984,38702200
2003-01-09,59.669399793065914,60.553198751981128,59.402963098762463,60.312751770019531,34804900
2003-01-10,59.753925140347356,60.852177263483767,59.656451248454992,60.475261688232422,37768900
2003-01-13,60.787206207594132,60.995158818725848,60.072369416702692,60.455780029296875,31649900
2003-01-14,60.234779500710708,60.975610335296416,60.052821745967123,60.650684356689453,30733000
2003-01-15,60.787168150908137,60.806662921312167,59.727910975803823,60.046337127685547,33511800
2003-01-16,60.111312410120178,60.390748979643085,59.42896579957106,59.799381256103516,44812100
2003-01-17,59.13002046990534,59.981329794007131,58.584147277024478,58.915573120117188,35618300
2003-01-21,59.052052481493234,59.084542106407902,57.804332884911616,57.999290466308594,36826200
2003-01-22,57.687376599634504,58.356728518584461,57.186992595930754,57.297466278076172,42286500
2003-01-23,57.674382591821711,58.083787691826501,57.154498850056022,57.648387908935547,55919800
2003-01-24,57.570400430221788,57.628889702725559,55.99775939414809,56.134227752685547,68633900
2003-01-27,55.711811573080006,56.407152982704233,54.912491468420306,55.367385864257812,57884400
2003-01-28,55.646847708590059,56.147236729481769,55.321921575847668,55.776821136474609,46929100
2003-01-29,55.510383371077552,56.654124829873176,55.087978376149316,56.199230194091797,53712200
2003-01-30,56.400667270570061,56.459151582764953,54.847521067891421,54.867015838623047,49845900
2003-01-31,54.685062071966257,56.023755979478004,54.685062071966257,55.926277160644531,55317000
2003-02-03,55.978238659897016,56.413638214908175,55.835270457839329,56.036727905273438,39696000
2003-02-04,55.438889359210258,55.724825912545043,54.782542209751838,55.484378814697266,43633400
2003-02-05,55.724829246774185,56.238213108261725,54.899519088420227,55.139961242675781,55270600
2003-02-06,54.828035730033008,55.165956716134872,54.360141320061828,54.880020141601562,53638000
2003-02-07,55.178934425079348,55.230918815815656,53.918219987651774,54.210651397705078,43165000
2003-02-10,54.2366308862252,54.672030404343502,53.710252512320253,54.594051361083984,45455900
2003-02-11,54.828010240395258,55.159431161730701,53.827237652768765,54.217147827148438,46861000
2003-02-12,54.041698406345731,54.340629751891029,53.34635195899633,53.352851867675781,35873600
2003-02-13,53.38532855388825,53.716754373731618,52.637997961603624,53.515296936035156,57934100
2003-02-14,53.528318843372901,54.717544409011886,53.170898207976094,54.685054779052734,59580900
2003-02-18,54.932014048537837,55.757329244846744,54.841035123304039,55.6468505859375,39492700
2003-02-19,55.445371887824102,55.542850678445824,54.769525219618018,55.354393005371094,31432000
2003-02-20,55.373862027271187,55.510330287503344,54.620036643420917,54.801994323730469,29280100
2003-02-21,54.834509427373412,55.71830853518312,54.236646783260156,55.354393005371094,60955800
2003-02-24,55.191938348058095,55.237427796159338,54.321133967005373,54.457607269287109,30628600
2003-02-25,53.905253666551943,54.906026940239002,53.430864199207591,54.893032073974609,56770600
2003-02-26,54.60057282408286,54.93199879280774,53.989715204014843,54.09368896484375,37787200
2003-02-27,54.392601199083025,55.074947666639048,54.04168554157151,54.808506011962891,51126000
2003-02-28,54.893010588466389,55.386899598866108,54.691558013346558,55.172447204589844,43666800
2003-03-03,55.40639940747657,55.744320366594643,54.40562643450324,54.646068572998047,42923100
2003-03-04,54.555058236934492,54.594052717508887,53.7102538467866,53.775238037109375,31440500
2003-03-05,53.684244795821073,54.288607024054599,53.521781884553718,54.230117797851562,43974700
2003-03-06,53.853222040282255,54.275621756368238,53.593280321015243,53.775238037109375,41217700
2003-03-07,53.034432922417459,54.581079212675213,52.917459340264969,54.145679473876953,63538000
2003-03-10,53.67780713363409,53.846770145507321,52.703028535718289,52.845996856689453,41014100
2003-03-11,52.949977340497412,53.287898417241671,52.300124920774955,52.326114654541016,48102700
2003-03-12,52.235132652855981,52.7030271609271,51.585280271197249,52.677032470703125,62459800
2003-03-13,53.404849306254967,54.52909569507537,52.98244442173938,54.496601104736328,72117800
2003-03-14,54.717562827895591,55.087978448368794,54.16518935287128,54.672073364257812,63951800
2003-03-17,54.236652573887724,56.504634885141961,54.080689467027774,56.394161224365234,88217500
2003-03-18,56.634603238722647,56.76457165655782,56.069230209387229,56.725582122802734,50792300
2003-03-19,56.719103386037347,57.290976537120613,56.329193029012785,57.161003112792969,49630800
2003-03-20,56.751598583440391,57.570408854481343,56.1147411924293,57.284477233886719,67321600
2003-03-21,57.939535426518063,58.644201644502886,57.371882800116943,58.507183074951172,71165300
2003-03-24,57.43065896108714,57.50895749637673,56.341030479331302,56.562873840332031,65398900
2003-03-25,56.595472795459933,57.587233950286731,56.399733999249804,57.104400634765625,61040100
2003-03-26,57.130498202471529,57.319715850315376,56.634622619816064,56.817314147949219,45740800
2003-03-27,56.373602818244137,57.195719238655542,56.10608680905915,56.862957000732422,53120200
2003-03-28,56.419289973759597,56.947791031828231,56.275745247378133,56.575881958007812,32583000
2003-03-31,55.688497610831021,56.49756169177418,55.068651052795957,55.290489196777344,61119500
2003-04-01,55.623260154015519,56.367078132031168,55.401421975084105,56.138713836669922,53574000
2003-04-02,57.117437292301361,57.919975595965575,57.091337797666078,57.495872497558594,50431200
2003-04-03,57.985190174613614,58.063483631068017,57.189173514217458,57.221794128417969,48755500
2003-04-04,57.698141517521741,57.80253452561815,57.169640402478166,57.561122894287109,36250100
2003-04-07,58.944329205452725,59.277091382030811,57.397973459761559,57.450172424316406,69776200
2003-04-08,57.61329913702032,57.84166341890171,57.228337937876262,57.541526794433594,39712700
2003-04-09,57.652457391174252,58.135285537573509,56.615023763486313,56.78466796875,55647300
2003-04-10,56.823797268660883,57.176132827727457,55.923387491913488,57.09783935546875,41812400
2003-04-11,57.521955360314401,57.874285991093977,56.673739452814104,56.862957000732422,47730100
2003-04-14,57.071758243647821,58.070040160036314,56.765095437338871,58.03741455078125,36711700
2003-04-15,57.965657531965441,58.578983306884759,57.691620262394409,58.578983306884766,49709800
2003-04-16,58.663791148046101,58.761658017787418,57.437139948952691,57.580684661865234,51788000
2003-04-17,57.613316950423886,58.53982659650525,57.541544585645937,58.435428619384766,37403100
2003-04-21,58.631155382172317,58.826899043682062,58.109175603458397,58.494136810302734,32052700
2003-04-22,58.135287912398702,59.740369365700779,57.998269310308558,59.596824645996094,59763600
2003-04-23,59.779522144997543,60.25582420188438,59.531579450975471,60.144905090332031,44227100
2003-04-24,59.720786187340487,60.079647927693117,59.34887719186974,59.609867095947266,49692400
2003-04-25,59.570722827314249,59.681641923315283,58.735554103977897,58.872577667236328,43917200
2003-04-28,59.009593878741896,60.151420354860164,58.918248158889902,59.890430450439453,46432900
2003-04-29,60.118774567508659,60.549408511929343,59.635946642100656,60.099201202392578,52017100
2003-04-30,59.968734741210938,60.399363894068266,59.642498573482804,59.968734741210938,48709100
2003-05-01,59.975270312520955,60.503776416435933,59.048760567935773,59.962223052978516,50240400
2003-05-02,59.74035256123971,60.986576842696813,59.694679706723718,60.816932678222656,50201500
2003-05-05,60.98659429309479,61.188859138402393,60.353695286587396,60.699504852294922,35437800
2003-05-06,60.70606291027763,61.58037397204756,60.679963403930074,61.273715972900391,44401000
2003-05-07,60.953983474934063,61.423764500077127,60.66037282320486,60.934410095214844,41413100
2003-05-08,60.36674449381573,60.895250524902124,60.21015251103465,60.321071624755859,40570700
2003-05-09,60.569008638438945,61.201907605983827,60.425463926875906,61.156234741210938,33608100
2003-05-12,61.006171724424142,62.063178844766625,60.862626994479776,61.906581878662109,35662300
2003-05-13,61.678216692262644,62.102324758285818,61.502051330237052,61.795661926269531,39253600
2003-05-14,62.043598976132131,62.141470833066158,61.273686312440375,61.665168762207031,32195100
2003-05-15,61.913084505428145,62.200173856388261,61.495502710195794,62.056629180908203,43879200
2003-05-16,61.9131098196099,62.278492795339069,61.502053971914592,61.900062561035156,38905000
2003-05-19,61.43027332297742,61.606438668819685,60.242773833983193,60.451564788818359,41606000
2003-05-20,60.56246989041157,60.699488456153908,59.759926887671718,60.327579498291016,55404600
2003-05-21,60.099229119164818,60.601630643060098,59.968736639131222,60.451564788818359,49333800
2003-05-22,60.647310848723613,61.365034509678154,60.471145481560903,61.051845550537109,38421800
2003-05-23,61.025721903113457,61.319337369470816,60.771258152384341,61.175792694091797,26155900
2003-05-27,60.875677622446176,62.532953157196395,60.725606778386265,62.245868682861328,43719200
2003-05-28,62.539476630111743,62.944011297798156,62.265439425212499,62.422031402587891,37727100
2003-05-29,62.559043986698001,63.1723695578712,62.03706911967226,62.258907318115234,50844200
2003-05-30,62.572105288121961,63.348544073155999,62.350262079562626,63.257198333740234,52529500
2003-06-02,63.635637531895085,64.235910993822358,63.074510824189666,63.518192291259766,50305500
2003-06-03,63.387681000523301,63.837883474520837,63.191937331502956,63.779163360595703,38254500
2003-06-04,63.720464261689386,64.823139358792773,63.661739150428417,64.699172973632812,49360700
2003-06-05,64.320744953864448,65.018890380859375,64.118475079035875,65.018890380859375,46262400
2003-06-06,65.508230065277388,66.160702466369855,64.679587328227115,64.764411926269531,60356800
2003-06-09,64.444691142977305,64.660008210930542,63.792218799823679,64.10540771484375,37808500
2003-06-10,64.242434975962084,64.764414912088526,64.066269609851929,64.757888793945312,29965900
2003-06-11,64.699190004218906,65.501728571599344,64.405574326566295,65.443008422851562,37610200
2003-06-12,65.736617070673475,65.834488960169438,64.999324795349906,65.645271301269531,36442000
2003-06-13,65.645234275661991,65.736579993544595,64.56212793795649,64.960136413574219,48628300
2003-06-16,65.221146612578792,66.356447301033029,65.116753607349693,66.330352783203125,36326300
2003-06-17,66.597863903703157,66.669636272659972,66.049789425818304,66.330352783203125,36801800
2003-06-18,66.088907402840661,66.643507757673248,65.899689874162689,66.271598815917969,35521000
2003-06-19,66.317291457997584,66.376016559991569,65.142839197809295,65.260284423828125,43551700
2003-06-20,65.738342832535366,65.810374487869993,65.103157324195422,65.116256713867188,41545000
2003-06-23,65.122792070132803,65.260310662190903,64.120903729969626,64.448318481445312,34237500
2003-06-24,64.31734050558957,64.887038851088619,64.186371636085767,64.513786315917969,36213600
2003-06-25,64.520319148264619,65.116216107899234,63.865489959716797,63.865489959716797,47743400
2003-06-26,64.02921480161622,64.815013040761755,63.492254919711655,64.6971435546875,33477300
2003-06-27,64.664368564895796,64.952494945053232,63.898219776876218,63.950607299804688,54208800
2003-06-30,64.317340230210178,64.612011442416886,63.826218212564648,63.930988311767578,33349000
2003-07-01,63.682151603109801,64.72987751975478,63.1451917585823,64.520332336425781,51322800
2003-07-02,64.677476720006055,65.345405289699187,64.546512880746732,65.332305908203125,34662100
2003-07-03,64.873901139895835,65.384666899996958,64.107752499744151,64.657806396484375,30792800
2003-07-07,65.25373176565256,66.072268278026655,65.25373176565256,65.941299438476562,31391100
2003-07-08,65.810322016260002,66.327637584856959,65.594227222551893,66.2359619140625,30952500
2003-07-09,66.085394462214083,66.399714832424962,65.502596584655805,65.862754821777344,36528500
2003-07-10,65.378162487521493,65.509131360263922,64.585819542248544,65.024559020996094,49777700
2003-07-11,65.08347944381174,65.777596857423603,65.08347944381174,65.640083312988281,39976300
2003-07-14,66.268695315684312,66.727078630643476,65.777573547052413,65.960929870605469,42114900
2003-07-15,66.386585131047482,66.438972668153795,65.45017913806177,65.816886901855469,42573600
2003-07-16,66.013316573320139,66.052609714542655,64.978690445513919,65.430519104003906,39894200
2003-07-17,64.92633437336869,65.404357025591864,64.278054682568637,64.500694274902344,52253500
2003-07-18,64.841201243480768,65.351972342569738,64.47449839937218,65.162071228027344,35698100
2003-07-21,65.122769846545111,65.148963617238678,64.075043998557007,64.356620788574219,34786000
2003-07-22,64.625107330867024,65.096585241650544,64.120885955631394,64.939422607421875,49968300
2003-07-23,64.965608302522696,65.122765921260495,64.356616909469338,64.985252380371094,37275400
2003-07-24,65.476384639984261,65.705573910956971,64.415564301210168,64.494140625,40896200
2003-07-25,64.605463089625445,65.672833082358665,64.19946711280636,65.633544921875,43241100
2003-07-28,65.725184259949444,66.124630323682894,65.266800992150365,65.391220092773438,34382800
2003-07-29,65.57458371735251,65.653165005549212,64.618533859398269,65.090011596679688,53472100
2003-07-30,65.22099042197307,65.319215805833608,64.78225603613997,64.932868957519531,28363300
2003-07-31,65.469848052054772,66.078839616606473,64.939432821024567,65.08349609375,54937200
2003-08-01,64.95253213273979,65.175171738731336,64.33044118268009,64.507247924804688,49321000
2003-08-04,64.37627904249905,64.828112943537448,63.518454096193253,64.507247924804688,55214100
2003-08-05,64.441739717728268,64.67092892341465,63.086238567061642,63.138626098632812,61415600
2003-08-06,63.315420484546216,64.212533057886631,63.138613848784175,63.505321502685547,50096900
2003-08-07,63.629769227819104,64.219116665047537,63.361291781718826,64.17327880859375,43427400
2003-08-08,64.382814559267786,64.533427491768066,64.016111761459683,64.356620788574219,27357300
2003-08-11,64.3435168598551,64.854282822762087,64.068484806331952,64.598899841308594,34631400
2003-08-12,64.638196129725102,65.214444084214222,64.448295043416564,65.188255310058594,43285600
2003-08-13,65.365044493823405,65.384688568653061,64.520314304499536,64.854278564453125,36152000
2003-08-14,64.893576242765647,65.319216245056381,64.467936240474913,65.031089782714844,35525100
2003-08-15,65.06386614377999,65.345443057285223,64.906708446646604,65.234123229980469,12567000
2003-08-18,65.437075559468482,65.875809880213893,65.312656425306429,65.797233581542969,22873800
2003-08-19,65.934754147924892,66.098461448921071,65.482920398471336,66.046073913574219,37437700
2003-08-20,65.672802587212345,66.065698997461382,65.587676613708879,65.777572631835938,21295300
2003-08-21,66.170485564366757,66.478251058773523,65.744845630808754,65.987129211425781,46494200
2003-08-22,66.628869899051409,66.674707742387199,65.306117137111443,65.332305908203125,52040300
2003-08-25,65.293017163851076,66.026427646526813,65.011440415640308,65.437080383300781,23473000
2003-08-26,65.15553104807654,65.738328865815305,64.716796510399448,65.554977416992188,45065800
2003-08-27,65.515675608248273,65.718671099189649,65.201355335739507,65.574607849121094,18919500
2003-08-28,65.744859513525384,66.137756075177862,65.260287254019033,65.980598449707031,27402400
2003-08-29,65.882370957945554,66.452074201529982,65.797244954355065,66.425880432128906,28706600
2003-09-02,66.556809946495306,67.36879639522185,66.170463288034838,67.316413879394531,49419100
2003-09-03,67.467056394976453,67.9057907906314,67.303349083527536,67.683151245117188,44912400
2003-09-04,67.51291895687315,67.807595222924078,67.290279329857015,67.715919494628906,28381000
2003-09-05,67.408098789308781,67.807544878573452,67.054490530158944,67.336067199707031,31637300
2003-09-08,67.47362501887487,68.023679341627883,67.40159338194978,67.892715454101562,32632800
2003-09-09,67.689714510358286,67.748646756241357,67.237880641448157,67.447425842285156,35053200
2003-09-10,67.1396173859642,67.316424015842586,66.497887755902624,66.766365051269531,45904900
2003-09-11,66.858062146321316,67.2902518281781,66.687805150806483,66.962837219238281,38396300
2003-09-12,66.733669150711037,67.211691833592525,66.366961275183925,67.087272644042969,42524800
2003-09-15,67.133116489725282,67.205148132628892,66.759863883748622,66.851539611816406,21312800
2003-09-16,66.943191055265899,67.866497625800164,66.903897906171679,67.82720947265625,37892600
2003-09-17,67.761714931653927,67.964710346357208,67.480138229348057,67.69622802734375,31885800
2003-09-18,67.709354498438387,68.560629639639544,67.558741552590902,68.495147705078125,30243600
2003-09-19,68.541156222760762,68.758080628479732,67.969270990575396,68.146751403808594,34331600
2003-09-22,67.60774529472755,67.680053445989074,67.068724085861135,67.410545349121094,36677400
2003-09-23,67.436849346949089,67.896992683817771,67.28566319057758,67.666923522949219,32489200
2003-09-24,67.785227506795067,67.85096081884015,66.437672041784822,66.463966369628906,41694700
2003-09-25,66.661189539697219,66.970136692258777,65.865799696638334,65.918388366699219,52673100
2003-09-26,66.02355595781043,66.168172271558049,65.635720842293509,65.701454162597656,42914700
2003-09-29,65.931457070594647,66.385020001231922,65.596210979590651,66.3455810546875,36771600
2003-09-30,66.049850288958254,66.233905591862197,65.2413159053378,65.701454162597656,70764500
2003-10-01,65.892056482897047,67.167303421946528,65.865762162850501,67.101570129394531,65797600
2003-10-02,67.003001810783616,67.417126278410137,66.805796817553087,67.344818115234375,44591500
2003-10-03,68.14674749802893,68.547727128601778,67.758917535907457,67.962692260742188,48806900
2003-10-06,68.021863658439884,68.357105016046802,67.837803384593556,68.271652221679688,20226500
2003-10-07,67.877225918959624,68.567432920927317,67.647156918303722,68.534568786621094,42602900
2003-10-08,68.58057943030704,68.620018395710559,67.975825223523245,68.363655090332031,30920800
2003-10-09,68.942126628842104,69.165625839184784,68.25191954203828,68.547721862792969,40066500
2003-10-10,68.541152637220776,68.758077031591952,68.304513770332065,68.738357543945312,22682800
2003-10-13,68.830425417313791,69.211685785219146,68.698958746030868,68.955322265625,23825600
2003-10-14,68.88953177601914,69.303655960602498,68.600299320998971,69.198478698730469,38484400
2003-10-15,69.586324985555791,69.606044471606111,68.784365785318258,69.014434814453125,39021700
2003-10-16,68.810672328454174,69.500884553595057,68.790952838900935,69.290534973144531,32772200
2003-10-17,69.32995305467611,69.435125305635339,68.350513586096369,68.534568786621094,32790300
2003-10-20,68.659474894511206,69.047309875488281,68.32423357271594,69.047309875488281,27657000
2003-10-21,68.902737033473642,69.205114404636944,68.574065323713683,68.929031372070312,26729100
2003-10-22,68.383375889167851,68.488553152438627,67.8312103023801,68.061279296875,33914500
2003-10-23,67.634024174225104,68.330806183437176,67.601155016567063,67.9364013671875,45830500
2003-10-24,67.59456307766564,68.087570190429688,67.16728924357794,68.087570190429688,51723600
2003-10-27,68.192738099162369,68.481970525108736,67.883786192379191,68.120429992675781,32460200
2003-10-28,68.350527894742271,69.119618007278433,68.245350606636919,69.047309875488281,34956200
2003-10-29,68.869807400853531,69.303656084157254,68.278202854716284,69.139320373535156,30955400
2003-10-30,69.540306507958363,69.658628431440007,68.889538436373513,69.283943176269531,39123100
2003-10-31,69.283949235592885,69.507443435532892,69.165627301763237,69.218215942382812,25761600
2003-11-03,69.514007306626439,70.079322566311376,69.487712990463422,69.671768188476562,37589300
2003-11-04,69.67178545172257,69.855840695340831,69.402277420747026,69.520599365234375,31421600
2003-11-05,69.343142520576507,69.658669507629682,68.95531238527019,69.573211669921875,33558800
2003-11-06,69.41541543606769,69.967586129245632,69.086743956715921,69.941291809082031,28392300
2003-11-07,70.099074989285825,70.151663646323343,69.395718000582804,69.422012329101562,31723200
2003-11-10,69.507430760487736,69.573164041710996,69.027573293942822,69.139320373535156,25530800
2003-11-11,69.080192534467002,69.237958508916137,68.889567425152634,69.119636535644531,26558600
2003-11-12,69.17224042185174,69.987344742093086,69.126226589623556,69.895317077636719,28000000
2003-11-13,69.68494708030795,70.033338139110768,69.533755952742325,69.915016174316406,29714800
2003-11-14,69.941283428585692,70.302819003475491,69.211632430642609,69.323379516601562,49158500
2003-11-17,68.961846193354987,69.113032252205599,68.38995606368897,68.974990844726562,44382100
2003-11-18,69.178757211528691,69.316798602390207,68.166448663416546,68.258476257324219,41155000
2003-11-19,68.383376405273609,69.027574609849182,68.311068290011221,68.836944580078125,29827000
2003-11-20,68.363663791443031,69.178767609335793,68.199328061175137,68.219047546386719,53578700
2003-11-21,68.521451365447504,68.580614859244648,68.113901805395713,68.501731872558594,30016000
2003-11-24,68.817254443230851,69.533756053485291,68.810679607641049,69.408859252929688,28906400
2003-11-25,69.500862656108936,69.954425818319024,69.316802442967784,69.671768188476562,37580000
2003-11-26,69.954449227863236,69.974168717802428,69.277386659259378,69.921585083007812,33053600
2003-11-28,69.862404518904896,70.112198037413833,69.809815881836855,69.974151611328125,10507500
2003-12-01,70.237125616633662,70.782721720539485,70.204261463045142,70.730133056640625,38699000
2003-12-02,70.585537503100142,70.841901046109442,70.38176263946005,70.55267333984375,35352000
2003-12-03,70.762953501716211,71.045611106635633,70.381693473661628,70.44085693359375,39078600
2003-12-04,70.447475257098063,70.809016052488914,70.296289117302621,70.730133056640625,36089500
2003-12-05,70.414622356059127,70.861616040368801,70.085950676864712,70.237136840820312,28824400
2003-12-08,70.164799846028302,70.756409628567454,70.12536086556895,70.710395812988281,32482900
2003-12-09,70.927338395029793,70.947057890308173,70.033351164782005,70.164817810058594,43596100
2003-12-10,70.184500057392896,70.32254648134041,69.652053906929297,70.158210754394531,36915400
2003-12-11,70.125372999343242,71.058799142676719,70.118798163085785,70.947052001953125,45304000
2003-12-12,70.973343500940686,71.124529622917407,70.592083255305667,71.085090637207031,34142200
2003-12-15,71.762161763783311,71.801605769272967,70.651255075923373,70.730133056640625,38693400
2003-12-16,70.782716767197229,71.321737996612484,70.677539446759781,71.098243713378906,32894200
2003-12-17,71.032514174292842,71.321746826171875,70.861608530120051,71.321746826171875,23198800
2003-12-18,71.354574855225493,72.130239689290093,71.249397582410026,72.123664855957031,29353100
2003-12-19,72.187077947481242,72.233309176076759,71.711553859741144,71.922897338867188,41465100
2003-12-22,71.85026550382409,72.424858093261719,71.843659601280507,72.424858093261719,27611300
2003-12-23,72.305979925736338,72.616386814084606,72.239930975320462,72.471092224121094,24741200
2003-12-24,72.332373309194764,72.570135355740035,72.27293531697147,72.398422241210938,8055800
2003-12-26,72.457884589710801,72.702252619365737,72.405047441867396,72.451278686523438,8308400
2003-12-29,72.715440286393019,73.488164475023495,72.504096789361782,73.415519714355469,22483700
2003-12-30,73.369290784319162,73.488171828221084,73.210784405392261,73.428733825683594,19559500
2003-12-31,73.455133281243107,73.653264943638334,73.204159454519939,73.494758605957031,31501800
2004-01-02,73.798579250167577,74.095784361323481,73.131529303148255,73.461753845214844,38072300
2004-01-05,73.765565553181901,74.313734506114301,73.699516608573177,74.260902404785156,27959800
2004-01-06,74.07596714622828,74.45242289951409,73.970292880619326,74.333541870117188,20472800
2004-01-07,74.227890493241887,74.670390279568309,73.897665869626138,74.58453369140625,30170400
2004-01-08,74.795834439981377,74.901508677693727,74.478816765669322,74.881690979003906,36438400
2004-01-09,74.518473975454924,74.960973667965007,74.148619049016915,74.227874755859375,54084300
2004-01-12,74.333516735099394,74.795828893747242,74.208029846827287,74.776016235351562,31564100
2004-01-13,74.690170811189546,74.782638301734337,73.811777519858211,74.340133666992188,54239700
2004-01-14,74.472221966651333,75.066627005102845,74.412778943393477,74.960952758789062,30112800
2004-01-15,75.00721082221807,75.330829499412374,74.353367565364636,75.145904541015625,38408700
2004-01-16,75.317620655746737,75.495939706759927,75.046834089258581,75.443107604980469,31922700
2004-01-20,75.641220550989061,75.720476242228756,75.17230238184554,75.423271179199219,29863000
2004-01-21,75.37707880976555,76.149808340929226,75.106297209718576,76.017715454101562,30725000
2004-01-22,76.044092156865446,76.202598494946784,75.674242355067094,75.819541931152344,29888500
2004-01-23,75.951635786053984,76.196003732560413,75.25816231334656,75.575180053710938,44245300
2004-01-26,75.548778154364783,76.565870453914386,75.542172251967926,76.5262451171875,30460600
2004-01-27,76.446975674885067,76.942312450316294,75.720482745351191,75.74029541015625,35322800
2004-01-28,75.938437868892876,76.13656957072773,74.591121133344046,74.875114440917969,52621300
2004-01-29,75.000608900474475,75.192139771501701,74.340159706102355,74.947776794433594,60117100
2004-01-30,74.974190328040294,75.106283190211215,74.690196972907188,74.947776794433594,30984400
2004-02-02,75.093076335678887,75.740318805922186,74.710019607195918,75.271400451660156,38832400
2004-02-03,75.119485969983643,75.383666641476367,74.921354245484494,75.145904541015625,25093500
2004-02-04,74.756255509348733,75.112898724701083,74.492074789958679,74.531700134277344,39332600
2004-02-05,74.743005000636913,74.987372921335691,74.48543031827964,74.749610900878906,37226800
2004-02-06,74.908124867346331,75.753498786739272,74.762825280170802,75.588386535644531,37216000
2004-02-09,75.733689592816404,75.865782423040102,75.482720773630774,75.608207702636719,24851300
2004-02-10,75.476151794700186,76.04413864545073,75.462945024630301,75.852607727050781,27908100
2004-02-11,75.85256895513686,76.869661050809228,75.403463419889661,76.658317565917969,42965700
2004-02-12,76.592271518500723,76.790403195676689,76.33469681099379,76.380928039550781,27814700
2004-02-13,76.493217613126646,76.744186467164653,75.786537249477632,76.037506103515625,44739900
2004-02-17,76.513006522329889,76.896068105989414,76.460169399309535,76.724349975585938,23984300
2004-02-18,76.744188457317478,77.008369122476509,76.182807693121433,76.387550354003906,28618000
2004-02-19,76.83006989770324,76.869695244113402,75.991296447280178,76.10357666015625,51146200
2004-02-20,76.268671907128549,76.321504010900085,75.502548455927794,75.872398376464844,46728800
2004-02-23,76.096925584201273,76.12334414573516,75.403452200706454,75.680839538574219,36357000
2004-02-24,75.46951138917025,75.945035515558402,74.65055597084978,75.54876708984375,43953000
2004-02-25,75.594997164040208,75.991265583683813,75.502534700750914,75.86578369140625,31213600
2004-02-26,75.694060812058609,76.143166336690683,75.515736759093485,75.912010192871094,29683000
2004-02-27,76.077116271773576,76.440360171497943,75.707261432842984,75.964836120605469,39312000
2004-03-01,76.235620610681906,76.836626520097681,76.116739601075153,76.717750549316406,33130800
2004-03-02,76.572482788836723,77.252744666872232,76.10356445581057,76.2686767578125,38556400
2004-03-03,76.116749451981434,76.526229657804649,75.898800066358149,76.4073486328125,31346200
2004-03-04,76.427149758845943,76.678118534239715,76.295056951671299,76.60546875,21060000
2004-03-05,76.229014369974067,77.239500427705124,76.136551922784648,76.863044738769531,55905600
2004-03-08,76.836680809575526,77.021610874269442,75.892243004455452,75.925262451171875,39281600
2004-03-09,76.017667257365275,76.090317039351959,75.449680801192258,75.62139892578125,39746100
2004-03-10,75.766708200029171,75.799727625911572,74.340135976906666,74.353347778320312,67671800
2004-03-11,74.234434499487648,74.809021640635137,73.375849178448917,73.389060974121094,89134800
2004-03-12,73.79196715006087,74.439204332205591,73.692898794761945,74.353347778320312,54012200
2004-03-15,74.148597557767374,74.201434680348029,73.243785767994197,73.441917419433594,57677200
2004-03-16,73.82499047345614,74.009915392403258,73.204166783711258,73.831596374511719,59832600
2004-03-17,74.089156194390398,74.80244220021639,74.036319074219918,74.657142639160156,41607300
2004-03-18,74.432595876646204,74.809051582799839,73.924052393845074,74.676963806152344,60014300
2004-03-19,74.501310539937748,74.607350160346229,73.593321955839158,73.606575012207031,48636200
2004-03-22,73.261979065655183,73.281861189073311,72.307596689655242,72.672119140625,62752100
2004-03-23,73.069765136482602,73.169180794224872,72.479905305432951,72.546180725097656,54080200
2004-03-24,72.625724713443446,72.996871162166201,72.141904472937441,72.605842590332031,51584300
2004-03-25,72.957099151339278,73.765672448423672,72.764896887565882,73.566841125488281,49873600
2004-03-26,73.540330026432699,74.090425638202106,73.434290362176654,73.586723327636719,37409500
2004-03-29,73.984390379343907,74.720059290014291,73.951255192240865,74.620643615722656,44113600
2004-03-30,74.428416272848452,74.938742444900555,74.375393927144827,74.872467041015625,39059900
2004-03-31,74.885728953011807,75.157464714503575,74.481442368078547,74.958633422851562,48517600
2004-04-01,74.938785323911048,75.468998971350345,74.925532258146504,75.409347534179688,45103800
2004-04-02,76.091962533085834,76.111844651706491,75.488849690136291,75.979293823242188,50987700
2004-04-05,75.859990309694425,76.469732164834767,75.846737250447731,76.396827697753906,30251800
2004-04-06,76.105233283601081,76.337199800165976,75.966053373662149,76.151626586914062,28420900
2004-04-07,76.184748236359525,76.204635411238371,75.628028695510153,75.972663879394531,45890500
2004-04-08,76.48962947534288,76.48962947534288,75.382809263200144,75.80035400390625,46929700
2004-04-12,75.939563107436726,76.270945381367071,75.932934046140289,76.098625183105469,23085200
2004-04-13,76.390208648127427,76.416719824828945,74.905613091782513,75.031539916992188,56210300
2004-04-14,74.633885433667558,75.316531828074858,74.594121195233001,75.150840759277344,62322300
2004-04-15,75.190613099369017,75.409326547305341,74.468202388688667,74.865859985351562,61602500
2004-04-16,75.144234944644268,75.588290989311403,74.879133197757966,75.442481994628906,47059200
2004-04-19,75.256908749211817,75.548521682085095,75.071330447303026,75.442481994628906,28277600
2004-04-20,75.608163487891858,75.767225527069456,74.083803354925791,74.176589965820312,53299400
2004-04-21,74.362175410836144,74.859248789401875,74.143466967201064,74.673675537109375,50177300
2004-04-22,74.547727037235973,75.999177344725211,74.521215859755742,75.720817565917969,62071500
2004-04-23,75.83348066569657,75.932896309767514,75.4159410283862,75.793716430664062,29395700
2004-04-26,75.886537371808473,76.178155378039577,75.290048293832101,75.687705993652344,35515200
2004-04-27,75.707551108714242,76.297410797923845,75.528601956510897,75.753944396972656,43485500
2004-04-28,75.482228917823207,75.561762457526569,74.56098690634407,74.7730712890625,50165800
2004-04-29,74.706787885009376,75.104445428054717,73.67287726179346,74.116928100585938,69687600
2004-04-30,74.342288632065731,74.481468562574619,73.500579988562009,73.54034423828125,48681400
2004-05-03,73.812077444200611,74.421819514955814,73.798819323776016,74.329032897949219,33758000
2004-05-04,74.395297876596345,75.064691282216515,74.004269339371632,74.269371032714844,51185100
2004-05-05,74.501331976644011,74.865849281262982,74.335640913683577,74.746551513671875,34405000
2004-05-06,74.24283280935812,74.620608146908438,73.566815647185024,74.103652954101562,54997000
2004-05-07,73.712632495712469,74.382025729579681,72.877548217773438,72.877548217773438,60950000
2004-05-10,72.532925844443113,72.738381157197495,71.81713919444104,72.128639221191406,75279400
2004-05-11,72.54617057306001,72.937204090394673,72.46001304520172,72.738372802734375,48300600
2004-05-12,72.619115784019684,73.261998244118914,71.618339839231425,73.202346801757812,90830500
2004-05-13,72.745035558035255,73.440935274225026,72.658872933774603,72.897468566894531,57393700
2004-05-14,72.870943972397853,73.394528456721545,72.420263976808556,72.930595397949219,54123100
2004-05-17,72.168414383499282,72.572701067940429,71.850290306343297,72.307594299316406,55020400
2004-05-18,72.566074407073359,72.864321427818936,72.460034730012922,72.672119140625,30193100
2004-05-19,73.235436789657939,73.686116602930781,72.34070622026762,72.420234680175781,54804100
2004-05-20,72.539570762639613,72.817935688897208,72.267839953532473,72.652244567871094,38082900
2004-05-21,72.88421247113925,73.268617092572327,72.55283022297111,72.778167724609375,47480400
2004-05-24,73.255343219100638,73.407781245336025,72.691994529648596,73.083023071289062,40961500
2004-05-25,72.837829575765667,74.216381138860655,72.638998175831603,74.130218505859375,48668000
2004-05-26,74.00427238125566,74.421812116275447,73.904856713920211,74.388671875,35977000
2004-05-27,74.587515145854965,74.912268325062584,74.269385970769747,74.806228637695312,45306900
2004-05-28,74.713433512241721,74.812844127681373,74.468208862344611,74.799591064453125,23367200
2004-06-01,74.534504167261602,74.799611010941533,74.143475491615362,74.7001953125,41044700
2004-06-02,74.912255458506195,75.210502457015352,74.534479972253934,74.978530883789062,39774200
2004-06-03,74.766444373785134,75.018298061822051,74.27600017277797,74.289253234863281,38688300
2004-06-04,74.879119873046875,75.276777479105007,74.700170663601696,74.879119873046875,32739500
2004-06-07,75.177380025989393,76.091993247146988,75.170750964943409,76.019088745117188,31643800
2004-06-08,75.800376515536556,76.164893951015969,75.667820583687131,76.125129699707031,32846500
2004-06-09,75.893161077340466,76.019082888561016,75.369576537869094,75.415969848632812,36737600
2004-06-10,75.581646416986899,75.787101745605469,75.508741934607912,75.787101745605469,21711000
2004-06-14,75.435827403075493,75.455709521713786,74.806203382576541,75.038169860839844,34633000
2004-06-15,75.48884616302233,75.853363452512582,75.230368520050973,75.568374633789062,37445000
2004-06-16,75.555145263671875,75.687696127502832,75.3563139114341,75.555145263671875,26633400
2004-06-17,75.455735059376551,75.601544054059033,75.111099754529334,75.442481994628906,28402400
2004-06-18,75.345341854873126,75.977269300684654,75.285477768663057,75.584808349609375,31799800
2004-06-21,75.664643029247131,75.924064256494376,75.252227323776523,75.298789978027344,25284000
2004-06-22,75.252238418682438,75.751126248473369,74.946254492071262,75.677955627441406,37334000
2004-06-23,75.571494714168267,76.389667543345226,75.445108230414448,76.329803466796875,35580000
2004-06-24,76.20345019984768,76.449570018928071,76.003898116088692,76.090370178222656,35272100
2004-06-25,76.103685110119045,76.456231731194933,75.618098676877779,75.724525451660156,32837900
2004-06-28,76.176841940014057,76.236711117370263,75.438492635582705,75.465095520019531,40824500
2004-06-29,75.518311588279161,75.944028789401798,75.445140968559699,75.777732849121094,28418100
2004-06-30,75.877480254880368,76.35641317811654,75.598104407975029,76.183464050292969,52230600
2004-07-01,75.997266736029715,76.09704534410875,74.886410750961716,75.125877380371094,57734700
2004-07-02,75.272177910431438,75.358649950644178,74.899671646938501,75.085922241210938,34615100
2004-07-06,74.74669673084064,74.799907571684017,74.254457122184292,74.427406311035156,38698200
2004-07-07,74.374176281230461,74.879717235423712,74.334266889434289,74.646903991699219,29839800
2004-07-08,74.374181717264022,74.713426797171294,73.968419287851972,74.128067016601562,45291100
2004-07-09,74.314315370696519,74.460656580136458,74.088150299303422,74.320968627929688,27412900
2004-07-12,74.181283605997905,74.527181970173956,73.835390316770713,74.354232788085938,35691300
2004-07-13,74.447319044841663,74.513836364611933,74.234460576609123,74.40740966796875,26752000
2004-07-14,74.008322716745568,74.759978296417358,73.915197426341905,74.181266784667969,54089400
2004-07-15,74.327615950842386,74.440701022705596,73.635824380091819,73.702346801757812,38403500
2004-07-16,74.214529581032536,74.281046922038342,73.462873985266114,73.642471313476562,40871200
2004-07-19,73.669094349188896,73.808782316387621,73.163553319125256,73.329849243164062,39592800
2004-07-20,73.522716312418424,74.434019346858079,73.336465782739381,74.261070251464844,46679800
2004-07-21,74.380864415285089,74.540507132274172,72.804376725797724,72.890853881835938,56241100
2004-07-22,72.7445149149343,73.429653550127711,72.352053757669253,73.090408325195312,72477100
2004-07-23,72.917432451900694,72.977296543532105,72.298811463633868,72.478408813476562,49610500
2004-07-26,72.631435301219085,72.791078024225357,71.979552813604926,72.338752746582031,49679100
2004-07-27,72.538253599557933,73.243346397067455,72.48503770825053,73.017181396484375,51295100
2004-07-28,72.870838904582087,73.416289055186937,72.232258414899391,73.236686706542969,65862300
2004-07-29,73.529399856100838,73.748911674337634,73.170200083062895,73.549354553222656,52200500
2004-07-30,73.383049655138294,73.768857335396604,73.236708460905987,73.72894287109375,41581700
2004-08-02,73.296590572990695,74.074854252637437,73.203465264739734,73.881950378417969,38263100
2004-08-03,73.788823795486792,73.87529584452642,73.276634608954424,73.309890747070312,40948800
2004-08-04,73.097063034428956,73.669121630967965,72.930767048806004,73.303268432617188,40763200
2004-08-05,73.363092467536006,73.422956549534405,72.01941888883259,72.10589599609375,50772000
2004-08-06,71.593763444569831,71.813275417362846,70.921931152012277,71.074920654296875,74729000
2004-08-09,71.187938278280939,71.4939271642981,71.088164809957433,71.174636840820312,37476300
2004-08-10,71.3808743625912,72.112580627240575,71.347618216438832,72.092620849609375,55870600
2004-08-11,71.626983384190154,72.059353818457211,71.241175607462679,71.946273803710938,52933200
2004-08-12,71.626972943068012,71.806570288840931,70.928528106838002,71.161346435546875,50015900
2004-08-13,71.241186724909966,71.407482681352306,70.901941552781622,71.301055908203125,41634700
2004-08-16,71.267790197492658,72.265565873292857,71.241182237144045,72.039405822753906,45731900
2004-08-17,72.338766174021643,72.691312912118875,72.192424869539408,72.445198059082031,40701600
2004-08-18,72.185711263458984,73.283265054610638,72.165756570429437,73.190139770507812,43165400
2004-08-19,73.043789360368891,73.183477268875635,72.624725634848645,72.977272033691406,39881600
2004-08-20,72.910759994099635,73.589244895324768,72.844242662598674,73.489471435546875,44870900
2004-08-23,73.5360868724499,73.682423076839484,73.203494901203996,73.303268432617188,33745100
2004-08-24,73.595911355751326,73.655780517307065,73.07041571519774,73.403007507324219,30453100
2004-08-25,73.389712076291772,74.014981245709393,73.103682908650754,73.901901245117188,38551400
2004-08-26,73.808775941694378,74.041589200251394,73.73560533544098,73.901901245117188,26629500
2004-08-27,73.968408702405839,74.254437831796963,73.868635229901273,74.13470458984375,24902900
2004-08-30,73.981721537632524,74.061540322457247,73.469527318582394,73.522743225097656,26726500
2004-08-31,73.609238668424027,73.941830554527627,73.236732305022386,73.9085693359375,44125300
2004-09-01,73.802136102360649,74.261114520497799,73.489503998286096,74.048255920410156,52778300
2004-09-02,73.99504932621079,74.966217128677656,73.99504932621079,74.886398315429688,42736600
2004-09-03,74.720094171801236,75.046032798419503,74.507235568200628,74.580406188964844,30480500
2004-09-07,74.859773257634899,75.252229199682375,74.713432033498947,75.0726318359375,37338800
2004-09-08,74.913006278162342,75.205683718321552,74.706795835721778,74.886398315429688,32963100
2004-09-09,74.879741731790091,75.085947090126368,74.520541863270623,74.819877624511719,34314800
2004-09-10,74.846465790505917,75.345353552838063,74.553788420902876,75.205665588378906,27900600
2004-09-13,75.371935496972824,75.65796458499419,75.17238350587813,75.451759338378906,44398100
2004-09-14,75.365330775921279,75.624752066402934,75.292160147841841,75.60479736328125,28048900
2004-09-15,75.365306655867784,75.405216049338449,74.952890981860349,75.03271484375,38295000
2004-09-16,75.065976740409198,75.411875093526305,75.0327206016144,75.258880615234375,23911700
2004-09-17,75.445210498025048,75.719073388052195,75.271546568617808,75.578804016113281,33683000
2004-09-20,75.258237563760375,75.471982246859596,74.997736390485528,75.124649047851562,37149400
2004-09-21,75.311650131471296,75.792576783602797,75.17138070727853,75.451919555664062,40920800
2004-09-22,75.14466952582579,75.158026335913362,74.456679144650082,74.510116577148438,49042100
2004-09-23,74.543453331425127,74.610247522202712,74.109283447265625,74.109283447265625,44068700
2004-09-24,74.256259642549793,74.630316414388886,74.229540937699014,74.449966430664062,34981100
2004-09-27,74.209513224985628,74.276307448115134,73.862180207068675,73.975730895996094,39355100
2004-09-28,74.08261090857259,74.483381371437844,73.748634673506061,74.329750061035156,41662900
2004-09-29,74.282995782108713,74.710484967912009,74.142726370773858,74.703804016113281,33325700
2004-09-30,74.510067872674497,74.797287514515773,74.316361128542411,74.650337219238281,43536700
2004-10-01,74.984372678537156,75.912826538085938,74.950973004595213,75.912826538085938,62824300
2004-10-04,76.213380077364761,76.440486579845498,76.0129973827828,76.039710998535156,33082400
2004-10-05,76.046358041522296,76.253426691820479,75.839294487295049,76.079757690429688,36910600
2004-10-06,75.992945148901583,76.600784301757812,75.932831876767267,76.600784301757812,42297800
2004-10-07,76.400432087995213,76.41379399651349,75.719122539736333,75.77923583984375,39388800
2004-10-08,75.578833532003344,75.992960859627388,75.044469443107857,75.151344299316406,51872600
2004-10-11,75.331659819546516,75.491966945159135,75.238146904933174,75.458572387695312,20229100
2004-10-12,74.944262579594024,75.36507588305345,74.770598612396654,75.164688110351562,41754700
2004-10-13,75.478627948413148,75.525384416750668,74.35646761223984,74.50341796875,54212600
2004-10-14,74.596930997152384,74.763919112287837,73.862184309770953,73.902259826660156,64082200
2004-10-15,74.156063508214061,74.636989988694069,73.855487005949911,74.316375732421875,63482200
2004-10-18,74.069293851460984,74.743927681660466,73.942381174551642,74.596977233886719,43535100
2004-10-19,74.824033522875112,74.964308026261293,73.868861285965238,73.96905517578125,55851900
2004-10-20,73.72863056740816,74.022531439472147,73.307822124651139,73.8221435546875,57118500
2004-10-21,74.002470543010418,74.356484612228215,73.615056804741357,74.303047180175781,53218300
2004-10-22,74.269647640425873,74.309723163748146,73.381269502242034,73.468101501464844,48752400
2004-10-25,73.307803792057683,73.554948108676882,73.04062171118612,73.381278991699219,43990900
2004-10-26,73.561602554429172,74.54349348558992,73.394614439499065,74.50341796875,54337400
2004-10-27,74.39651679447276,75.545395433887762,74.222852885590797,75.398445129394531,73896000
2004-10-28,75.331679115021728,75.852681228766102,75.137972286257522,75.625579833984375,54413300
2004-10-29,75.558788437315243,75.906121494136229,75.4118380723272,75.612220764160156,48820200
2004-11-01,75.852677095936301,76.039702962877726,75.612213810990852,75.819282531738281,36720900
2004-11-02,75.926159339175399,76.527317607497181,75.625582753051077,75.84600830078125,56210000
2004-11-03,76.834572544691738,77.054998084960602,76.30688947680855,76.801177978515625,76960200
2004-11-04,76.6676275198122,77.93005800212002,76.600833253842509,77.849906921386719,55350300
2004-11-05,78.183837167523848,78.577926671226635,77.809780326096146,78.33746337890625,63287200
2004-11-08,78.137090733476342,78.304078869249992,77.963421645371184,78.223922729492188,33863800
2004-11-09,78.203875532565604,78.484414343758147,77.990130948408492,78.070281982421875,44658100
2004-11-10,78.190484346747283,78.517784599969033,77.990101740685375,78.13037109375,45265400
2004-11-11,78.270691288714914,78.898568406911991,78.217253853958937,78.724899291992188,37863200
2004-11-12,78.798348550185196,79.486338733939277,78.604641735019158,79.3460693359375,55583700
2004-11-15,79.38695949969474,79.567838930649742,79.206080068739752,79.541046142578125,35297900
2004-11-16,79.293150106899319,79.326648750599801,78.871094796620483,78.971580505371094,40028700
2004-11-17,79.299843778761613,79.81568911194168,79.098862156851212,79.440528869628906,54494000
2004-11-18,79.407074839861323,79.587959423436729,79.2060982162171,79.547760009765625,31854300
2004-11-19,79.52092614136734,79.534327643589549,78.475833859758112,78.663414001464844,54276500
2004-11-22,78.495941014185547,79.132379560355488,78.402150931369121,79.038589477539062,37560200
2004-11-23,79.005100669545698,79.226179511368315,78.629940291551051,79.159187316894531,41968800
2004-11-24,79.232863645087292,79.447241702972889,79.0854828831215,79.346755981445312,29724800
2004-11-26,79.393644823232165,79.708513689238046,79.252959712901472,79.286453247070312,15487700
2004-11-29,79.581248958719129,79.728634864780759,78.703639386850384,78.924713134765625,61460800
2004-11-30,79.051994948511123,79.212777235920981,78.810818961807968,78.978302001953125,53685200
2004-12-01,79.159187493532286,80.056894146073176,79.118988087816874,79.876014709472656,49898300
2004-12-02,79.788898928163931,80.30474942234332,79.728607502472428,79.942985534667969,60163500
2004-12-03,79.929598587988806,80.485643467219617,79.782212705669664,79.889404296875,49067900
2004-12-06,79.862594604492188,80.150665574342014,79.614717919820023,79.862594604492188,33030500
2004-12-07,80.050185622763408,80.137280067378526,79.078786117077911,79.118980407714844,52047200
2004-12-08,79.19267593353797,79.601334938943353,79.058691552922909,79.58123779296875,43895100
2004-12-09,79.145767555495027,80.030077607633345,78.871098088154838,79.862594604492188,60922800
2004-12-10,79.668310965605485,80.097067029996538,79.621415930786938,79.942985534667969,47828600
2004-12-13,80.23105817101802,80.65981424436788,79.956383596216256,80.639717102050781,38541000
2004-12-14,80.512430231959968,81.034976388888623,80.512430231959968,80.921089172363281,41500700
2004-12-15,80.86082677616065,81.135501473241504,80.599553587374288,80.981414794921875,46699200
2004-12-16,80.874210207633723,81.222572677757725,80.418656139824378,80.934501647949219,51641800
2004-12-17,80.408120622401228,80.751401332278888,80.206194720070542,80.394660949707031,70761900
2004-12-20,80.603306898985466,80.966779629841284,80.212909691549356,80.414840698242188,47187400
2004-12-21,80.502371594873395,81.094700031205306,80.408138459151644,81.03411865234375,33094200
2004-12-22,81.027393240945869,81.498564095545831,80.973549398257731,81.229324340820312,31500700
2004-12-23,81.357177345956813,81.633144245822407,81.215827694515582,81.289863586425781,25646100
2004-12-27,81.579295495875797,81.686993403139084,81.034088962482258,81.121589660644531,29944100
2004-12-28,81.202399296288164,81.666837741629308,81.175474807467694,81.565872192382812,23422900
2004-12-29,81.498583533061691,81.713974361148843,81.41107763909595,81.687049865722656,22650600
2004-12-30,81.713919724913254,81.828344902474868,81.471604563418651,81.532180786132812,21076900
2004-12-31,81.646624754729032,81.888939956751784,81.310076433621859,81.357192993164062,28648800
2005-01-03,81.821639469226696,81.956261900719412,80.704301532100857,80.973541259765625,55748000
2005-01-04,81.081238630347386,81.135087605973411,79.721585375376719,79.984092712402344,69167600
2005-01-05,79.923494210847196,80.266774937778834,79.425404131303154,79.432136535644531,65667300
2005-01-06,79.721573330729498,80.199471362735522,79.600415721536407,79.83599853515625,47814700
2005-01-07,80.078305633219784,80.253312192156685,79.512901802546608,79.721565246582031,55847700
2005-01-10,79.654241674902508,80.408111644596218,79.654241674902508,80.098487854003906,56563300
2005-01-11,79.856186037167049,79.923494675012037,79.418672188194819,79.546562194824219,63099700
2005-01-12,79.694664433838241,79.990823542317969,79.10233594623638,79.809089660644531,72720500
2005-01-13,79.856157517767386,79.916738864916113,79.088828022670754,79.169601440429688,55537500
2005-01-14,79.40520313643421,79.782135572103627,79.263853473058177,79.586936950683594,42032500
2005-01-18,79.459044888576244,80.515806201588617,79.391731129466095,80.414840698242188,57391700
2005-01-19,80.387917238748997,80.448493460331974,79.566738666275981,79.573471069335938,54378900
2005-01-20,79.351382160780247,79.560040527632694,78.947525103673087,79.088874816894531,72049300
2005-01-21,79.284077292242387,79.425427012211998,78.516747306509444,78.604248046875,63160400
2005-01-24,78.81286945901978,78.981143589867784,78.328244275845421,78.44940185546875,58441900
2005-01-25,78.691751783723262,79.068684360063884,78.563861744470032,78.671554565429688,68245000
2005-01-26,78.967695982382637,79.156162216072289,78.779229748692998,78.907119750976562,57195100
2005-01-27,78.88020627194048,79.257138791894505,78.738856576957716,79.041748046875,55878800
2005-01-28,79.082132206778525,79.122521502002485,78.489808941804995,79.041748046875,60738900
2005-01-31,79.391733893284851,79.593664907007394,79.230192163498216,79.533088684082031,52532700
2005-02-01,79.593671875862171,80.152343278799435,79.492706360160824,80.037918090820312,49841200
2005-02-02,80.138893226043038,80.495633663259184,80.031200422034587,80.280242919921875,52468900
2005-02-03,80.138879983395498,80.206193752012879,79.809064085512404,80.071571350097656,48837100
2005-02-04,80.098518432922532,81.061047053117548,80.085058756592701,80.926429748535156,50024600
2005-02-07,80.939867923215516,81.121601749656321,80.744669288700791,80.818710327148438,45412000
2005-02-08,80.886062260130132,81.209151067699366,80.818753589688896,80.912986755371094,39263500
2005-02-09,81.054297113880224,81.101413673824055,80.266775268253383,80.307159423828125,55279400
2005-02-10,80.542751932109852,80.785062014636651,80.273512230577637,80.596595764160156,45858600
2005-02-11,80.569650523185857,81.471602520649412,80.408108798012847,81.289863586425781,53133000
2005-02-14,81.236056746901781,81.350481973680729,81.094707031118148,81.229324340820312,32432100
2005-02-15,81.31006283419525,81.734111799151307,81.229289401924063,81.532180786132812,43852700
2005-02-16,81.397600906529092,81.754341409376082,81.222594290583302,81.586067199707031,55523000
2005-02-17,81.599526542089123,81.666835194380326,80.919697342709739,80.926429748535156,58124000
2005-02-18,80.933153111121655,81.094700031205306,80.7043026773176,81.03411865234375,47723300
2005-02-22,80.704289480193935,81.08795436584272,79.815802106306222,79.829261779785156,80697600
2005-02-23,80.051397281397001,80.482178793791974,79.842738930639626,80.401405334472656,68292600
2005-02-24,80.260069631469491,80.987015486178379,80.085068142067485,80.93316650390625,68563600
2005-02-25,80.95332868145212,81.895664981796102,80.892752450266158,81.734123229980469,60899900
2005-02-28,81.545653669824119,81.646619186334263,80.798516037096249,81.195640563964844,69381300
2005-03-01,81.323515287078422,81.794680761876222,81.296590812044471,81.5994873046875,47294400
2005-03-02,81.28314561739235,82.070667394935711,81.209104581693111,81.559112548828125,64226500
2005-03-03,81.888968223184762,82.050510035187656,81.24279070452998,81.592803955078125,61230800
2005-03-04,82.151440235053386,82.676454749585162,81.976433685102975,82.609146118164062,56168500
2005-03-07,82.562058283241981,82.959182941496607,82.387051672412596,82.649559020996094,43442400
2005-03-08,82.568785756801603,82.790908940093573,82.191853180539738,82.339935302734375,44362000
2005-03-09,82.097603828882669,82.31299456355606,81.417774736345933,81.424507141113281,73263600
2005-03-10,81.57931483564893,81.781245891979381,81.040840577634526,81.606239318847656,65149000
2005-03-11,81.653366440035526,81.929338577021213,80.879309273081176,81.03411865234375,57976500
2005-03-14,81.182131607315156,81.552336564667556,80.960008632903723,81.538871765136719,36336400
2005-03-15,81.727392340517198,81.754316822205411,80.82544531290101,80.865829467773438,62438500
2005-03-16,80.569660003796315,80.879288955180229,80.031185811417899,80.179267883300781,74874200
2005-03-17,80.307178676694605,80.596610510115156,80.085060632462984,80.340835571289062,62584200
2005-03-18,80.487482207026957,80.771292088453748,79.838771697125907,80.102310180664062,60232000
2005-03-21,80.21714132160929,80.264442942833199,79.575190011357719,79.804939270019531,61244300
2005-03-22,79.987419127137798,80.365832224967235,78.99407958984375,78.99407958984375,92472400
2005-03-23,79.027871669888995,79.548194888505577,78.892725594023361,79.061660766601562,70817300
2005-03-24,79.372494426533123,79.730636138466537,79.102197141236914,79.156257629394531,51932500
2005-03-28,79.345465306248101,79.69685332875757,79.271133422851562,79.271133422851562,46765500
2005-03-29,79.156274247075999,79.669838681404812,78.554865367668341,78.744071960449219,71160300
2005-03-30,78.912978640894664,79.872528960704713,78.906219792025269,79.859016418457031,62002100
2005-03-31,79.865803199606248,80.048250938960393,79.649566359578813,79.710380554199219,64575400
2005-04-01,80.163082161244418,80.406349118791951,79.000812998560846,79.352195739746094,95255300
2005-04-04,79.304895191586624,79.642765397700913,78.885934280028422,79.487342834472656,71581200
2005-04-05,79.588735171867839,79.994178542179213,79.514403285836664,79.865791320800781,46853900
2005-04-06,80.041444920040732,80.379315105698126,79.858997288201294,80.142807006835938,53268200
2005-04-07,80.014433806724441,80.588812191488756,79.953614481836723,80.575294494628906,46734600
2005-04-08,80.528034673983001,80.555064926245066,79.737419128417969,79.737419128417969,63772900
2005-04-11,79.933338439136733,80.021182841649136,79.62249845083457,79.798187255859375,44945000
2005-04-12,79.663085540822877,80.453701069687497,79.108978269888695,80.210433959960938,86144800
2005-04-13,80.115780082182013,80.277961489948538,79.149471105072791,79.264350891113281,65949000
2005-04-14,79.331928970650765,79.39950198379421,78.23046875,78.23046875,96119800
2005-04-15,78.21022847894038,78.521068587465834,77.102014124895717,77.13580322265625,128677300
2005-04-18,77.115512016597904,77.683131593617603,77.00739105593253,77.372291564941406,100035200
2005-04-19,77.77776051083103,78.068329244097058,77.595312773893241,77.98724365234375,64930100
2005-04-20,77.966942885352495,78.135878023030884,76.730341595720063,76.899276733398438,107735900
2005-04-21,77.568242660456008,78.527792810013111,77.291186616370965,78.392646789550781,86952200
2005-04-22,78.210219213445768,78.723783536707941,77.216879660678998,78.095344543457031,88845800
2005-04-25,78.291295485252675,78.723768996916633,78.196692226794369,78.608894348144531,52284100
2005-04-26,78.358878318608703,78.906226547595679,77.811530089621726,77.845314025878906,72626000
2005-04-27,77.615563128931228,78.433208608887568,77.331753323754597,78.149398803710938,84131900
2005-04-28,77.89261312551109,78.169669233455792,77.169570922851562,77.169570922851562,72481500
2005-04-29,77.757483718332935,78.298078351483639,77.014169964370112,78.216987609863281,103993800
2005-05-02,78.433216203585246,78.662970702993107,78.061556787848431,78.656211853027344,56026400
2005-05-03,78.43319444312759,78.960271173401082,78.176414926081421,78.791336059570312,86000300
2005-05-04,78.825127244009536,79.568440733564657,78.575101412904075,79.399505615234375,81055700
2005-05-05,79.51436426381504,79.737359812472519,78.885925543819184,79.372459411621094,96906700
2005-05-06,79.690068792582494,79.730611568460986,79.102172764892785,79.122444152832031,67415400
2005-05-09,79.203543426783838,79.791439518060741,79.095427627583888,79.615745544433594,43750500
2005-05-10,79.304900249153192,79.399503500459176,78.649431182611337,78.791336059570312,74613500
2005-05-11,79.014345618928971,79.331944513969006,78.284544560814595,79.223823547363281,91647400
2005-05-12,79.277885911229717,79.460333602340469,78.352119445800781,78.352119445800781,95086800
2005-05-13,78.588601154527282,78.804837850367434,77.574990676122326,78.196670532226562,85267000
2005-05-16,78.183172125106623,78.953515866284704,78.156147042513325,78.926490783691406,49207000
2005-05-17,78.662944820862933,79.534645426430203,78.494009715746898,79.453559875488281,61071800
2005-05-18,79.79820347123075,80.46719036454131,79.744148142425999,80.271224975585938,77944900
2005-05-19,80.42663987256239,80.690183436274708,80.210403097727493,80.609092712402344,61768100
2005-05-20,80.642867867227494,80.676656954034968,80.237424602992007,80.494209289550781,46345500
2005-05-23,80.55502131218816,81.115887143102114,80.541508771119808,80.940193176269531,51047900
2005-05-24,80.710456665570234,80.973995079790043,80.54827521413381,80.750999450683594,50654100
2005-05-25,80.649614729450562,81.001002620257594,80.298231994133602,80.690162658691406,47608800
2005-05-26,80.946963783523671,81.230773586603448,80.83208912353777,81.122657775878906,43256200
2005-05-27,81.129389658430881,81.257781982421875,80.953700868800098,81.257781982421875,24596100
2005-05-31,81.142923447316107,81.203737619906406,80.683419684277695,80.737480163574219,43377200
2005-06-01,80.764529629923487,81.710567681250225,80.717227985131785,81.4267578125,69611000
2005-06-02,81.244282979713603,81.656479943672636,81.15643341477093,81.602424621582031,39704500
2005-06-03,81.460513275437549,81.690262553705494,80.906406312890198,81.190216064453125,60999400
2005-06-06,81.055063553202146,81.223998662863252,80.784771502136707,81.115882873535156,36046400
2005-06-07,81.352398380270785,81.933535622693697,81.095618846254723,81.176704406738281,66501300
2005-06-08,81.379405457681003,81.487521226052067,80.865841380322564,81.028022766113281,46881200
2005-06-09,80.913171550508963,81.480796290116686,80.710452479963593,81.413223266601562,56653300
2005-06-10,81.467281299357978,81.528100631386536,80.818570972171315,81.224014282226562,36465300
2005-06-13,81.048292918497424,81.818636445080827,80.960443380323781,81.480766296386719,49383200
2005-06-14,81.392964896704697,81.899770419487396,81.345663254131338,81.670021057128906,33857100
2005-06-15,81.872708082697159,81.92676339569546,81.244269314117886,81.825401306152344,53195600
2005-06-16,81.80515001022367,82.197080769785003,81.710546744880077,82.034904479980469,46564500
2005-06-17,82.460968698024047,82.705217495439328,82.243859231021347,82.338844299316406,51529400
2005-06-20,82.148887811378714,82.664519645993664,82.053902727302329,82.365997314453125,41019400
2005-06-21,82.433820608798925,82.535591792958172,82.114939980705444,82.413467407226562,39879800
2005-06-22,82.555955107960486,82.732358170360072,82.142089370964172,82.4813232421875,46310100
2005-06-23,82.311737277106474,82.501707488261829,81.300821409858244,81.321174621582031,62185600
2005-06-24,81.33471506247021,81.422919186115053,80.629107954803104,80.724098205566406,58572500
2005-06-27,80.717314981057797,81.015842469424697,80.568051236874354,80.839439392089844,48183800
2005-06-28,81.009047763538419,81.578958170471125,80.988694559904815,81.517898559570312,41174200
2005-06-29,81.667177400278888,81.687530607678809,81.253311595484149,81.300804138183594,42316500
2005-06-30,81.565417159298818,81.63326291852492,80.703759970598597,80.859809875488281,62288800
2005-07-01,81.042957979486701,81.280425795848984,80.880127194341782,81.097236633300781,49737500
2005-07-05,80.907297440964641,81.85715354052094,80.866591023196278,81.74859619140625,51549000
2005-07-06,81.680734584299444,81.857137654226008,81.015839067058096,81.063331604003906,52363600
2005-07-07,80.255986027291087,81.382240295410156,80.23563281405707,81.382240295410156,103268800
2005-07-08,81.395776123294908,82.31170654296875,81.226159187196117,82.31170654296875,64491200
2005-07-11,82.318495089493439,82.840912990462812,82.304922835479658,82.73236083984375,49688300
2005-07-12,82.766296549564501,83.200515585573811,82.528833823043669,82.949485778808594,51871100
2005-07-13,82.956261994982881,83.125878958000285,82.766291824611216,83.0648193359375,41182300
2005-07-14,83.437987848078649,83.750082472998756,83.105534837279393,83.390495300292969,63638800
2005-07-15,83.309059148004394,83.478676092639233,83.017317796180535,83.342979431152344,56075900
2005-07-18,83.112315040183859,83.200514000840457,82.807006565657943,83.010543823242188,56598400
2005-07-19,83.254802626726118,83.526190845582789,83.051265344808428,83.465126037597656,59165700
2005-07-20,83.173328996988374,83.946786715286962,82.976577975575807,83.750030517578125,69477000
2005-07-21,83.824672614590568,83.865379013478233,83.091926376831339,83.261543273925781,101110900
2005-07-22,83.370102848953124,83.83146105734329,83.20048593669641,83.817893981933594,52607100
2005-07-25,83.729708070139978,84.09607610243927,83.349762607725097,83.5804443359375,57301600
2005-07-26,83.607586136582725,83.811123363171689,83.417610811615376,83.682212829589844,42758800
2005-07-27,83.790777276841752,84.0553793172963,83.485468822870743,83.987533569335938,43181600
2005-07-28,84.10288068581076,84.564239067182967,83.885771163770855,84.516746520996094,47880700
2005-07-29,84.4081676787128,84.557426222212655,83.790759597058951,83.953590393066406,62358100
2005-08-01,84.014694944492192,84.157172605476674,83.75687378778683,83.892570495605469,40418200
2005-08-02,84.041829365058646,84.537108084770736,83.953625216066214,84.394630432128906,45147400
2005-08-03,84.299611480183273,84.632059202854421,84.211412542906601,84.618492126464844,36837200
2005-08-04,84.286045308663091,84.340318791101836,83.838254138533259,83.940025329589844,50855600
2005-08-05,83.756866601259517,84.116458963900001,83.227662426924013,83.370140075683594,53595500
2005-08-08,83.553337708773157,83.729740843359409,83.030914434579302,83.214103698730469,47616000
2005-08-09,83.492229914599491,83.851816951926082,83.363324577026162,83.71612548828125,47170000
2005-08-10,84.00786273232805,84.469220933232137,83.329395094310115,83.6754150390625,72863700
2005-08-11,83.634737002257054,84.150374063307979,83.458339072562794,84.007896423339844,58570200
2005-08-12,83.838291556847182,83.919709581290121,83.281947997237395,83.492271423339844,54776900
2005-08-15,83.600816712530943,84.041821889365309,83.336214641690191,84.007896423339844,36208500
2005-08-16,83.750044795175867,83.804318270871661,82.834109365760568,82.91552734375,71942100
2005-08-17,82.901971491212066,83.363329743011192,82.79341417253093,82.90875244140625,62275100
2005-08-18,82.807007707742386,83.153022603297615,82.664524896279417,82.901992797851562,53388600
2005-08-19,83.200562730409729,83.329473359123867,82.908821165000234,83.092010498046875,39842100
2005-08-22,83.166642422428524,83.607647836601302,82.691711523972401,83.092010498046875,69912000
2005-08-23,83.112308540359621,83.186940415193632,82.196378012113357,82.935905456542969,55168600
2005-08-24,82.73235547668267,83.268345596920028,82.155653773341342,82.196365356445312,79104600
2005-08-25,82.332087958156876,82.549197503703923,82.23710285549879,82.494918823242188,35631100
2005-08-26,82.420260278216119,82.427041228430198,81.877484035812572,81.9317626953125,61956800
2005-08-29,81.694306227935456,82.623803754971163,81.673947846855128,82.562744140625,56179200
2005-08-30,82.264216262351837,82.298141721020556,81.680733572077898,82.128524780273438,74160200
2005-08-31,82.223533045915474,83.220881767040041,81.918219360671387,83.166603088378906,102945200
2005-09-01,83.12584483718345,83.553282721367424,82.189561449112901,83.105491638183594,74578700
2005-09-02,83.349765605846727,83.370118811006776,82.800208361331826,82.956253051757812,47653400
2005-09-06,83.220873477788246,83.994326454620293,83.214087349556607,83.926475524902344,57251300
2005-09-07,83.878979120123915,84.218213047906787,83.763640826989487,84.068954467773438,41749700
2005-09-08,83.899336453925002,84.130013037307052,83.661868566409623,83.790779113769531,39068700
2005-09-09,84.014630649365671,84.632033374476123,83.994277452843903,84.53704833984375,43093900
2005-09-12,84.435315532251792,84.584579276269992,84.313191121354933,84.367469787597656,33017600
2005-09-13,84.218220971976919,84.414977289759605,83.804355127037368,83.899345397949219,58427500
2005-09-14,83.953619459078396,84.075743892439732,83.465121725633054,83.594032287597656,57694600
2005-09-15,83.851828877323797,83.892540463245268,83.383689637762146,83.553306579589844,73156900
2005-09-16,84.011168973913485,84.310961979466327,83.718185783298367,84.147438049316406,75424100
2005-09-19,84.126991008538653,84.181500713367868,83.561464517181491,83.868072509765625,53355300
2005-09-20,83.943047645564718,84.222406069232221,83.036848218585945,83.159492492675781,84480300
2005-09-21,82.982342837123198,83.036852561421355,82.294171863275892,82.38275146484375,94469100
2005-09-22,82.409999441641276,82.893766736967422,82.062511652604172,82.675727844238281,84597200
2005-09-23,82.607591661526641,83.050474056571773,82.375933140067062,82.743865966796875,59368100
2005-09-26,83.139057021830553,83.288956173904893,82.498585915240767,82.839263916015625,70415400
2005-09-27,82.798364466224456,83.118602562392709,82.457686525336172,82.818809509277344,66150800
2005-09-28,83.077750662706009,83.207209987014593,82.580358415363463,82.900596618652344,58620500
2005-09-29,82.818836218192516,83.711411047707003,82.498598018748069,83.575141906738281,66607700
2005-09-30,83.547846715658238,83.834014892578125,82.948250308780004,83.834014892578125,47824200
2005-10-03,83.779529287254064,84.038442683959076,83.432036287684909,83.53424072265625,50994800
2005-10-04,83.663730826837053,83.827254864003905,82.553122060311665,82.594001770019531,60776300
2005-10-05,82.614387827968145,82.655267511055939,81.46970991652158,81.510589599609375,106052100
2005-10-06,81.612762518395868,81.939815451913049,80.515779726559288,81.217575073242188,140941800
2005-10-07,81.558313565192407,81.796792331007254,81.169940841485158,81.496994018554688,75661400
2005-10-10,81.544688378299668,81.565128227090227,80.604418945596365,80.808822631835938,52677000
2005-10-11,81.074512542115968,81.347055859276651,80.618005474912366,80.692955017089844,75629800
2005-10-12,80.665740254195413,81.169942262601808,79.998014253558239,80.059333801269531,100510400
2005-10-13,80.032067043465375,80.454509592148696,79.636879355826125,80.011627197265625,99052900
2005-10-14,80.481733331880235,80.951865207679859,80.100170623142091,80.856475830078125,88651000
2005-10-17,80.945099954773696,81.265332928252676,80.706621181153537,81.156318664550781,68109300
2005-10-18,81.040494959319489,81.054119793844137,80.263749433053476,80.277374267578125,74996900
2005-10-19,80.059347556186054,81.62646877917301,79.800434090809162,81.612838745117188,116563800
2005-10-20,81.415207800730911,81.633241461422642,79.9230420471945,80.175140380859375,131966700
2005-10-21,80.597605886422599,80.931468887552242,80.066149011631012,80.48858642578125,96579500
2005-10-24,80.69979962697289,81.824032775295308,80.67935978039732,81.735458374023438,71308400
2005-10-25,81.571922302246094,81.926225053107629,81.040465576787525,81.571922302246094,76594500
2005-10-26,81.428839721256821,82.130635420472444,81.210806055497287,81.333450317382812,80855800
2005-10-27,81.217607080281923,81.333441513876167,80.352287524991738,80.468116760253906,66623100
2005-10-28,80.693005092656293,81.728664102566952,80.468156326589721,81.62646484375,72322000
2005-10-31,81.960299648694331,82.648470544872168,81.851280212402344,81.851280212402344,77698900
2005-11-01,82.157897611559235,82.375931296779569,81.912609065894742,82.096572875976562,66365100
2005-11-02,81.878542120823752,82.955085754394531,81.851287259404245,82.955085754394531,74012300
2005-11-03,83.227620200522978,83.575113148254559,82.955076814034143,83.309379577636719,84897600
2005-11-04,83.39794168421426,83.438821364201345,82.818790358293455,83.200347900390625,59156000
2005-11-07,83.377516782986319,83.547855744561033,83.023208831844698,83.282127380371094,46765400
2005-11-08,83.077718547148422,83.411581456301718,82.982329144533196,83.282127380371094,42152800
2005-11-09,83.179917534334308,83.772693754988993,83.03001842619976,83.391136169433594,57666800
2005-11-10,83.357088535467128,84.161088804019954,82.955091000357527,84.038444519042969,79048100
2005-11-11,84.045279850703565,84.379142907827131,83.418433441886094,84.324638366699219,34867000
2005-11-14,84.345051057125403,84.501760009696142,84.065692631093711,84.27691650390625,45092200
2005-11-15,84.181545574466909,84.549473282307204,83.711408216854693,83.970321655273438,69592500
2005-11-16,84.058903742087949,84.181548047749502,83.793175279543689,84.140663146972656,51133000
2005-11-17,84.270078190090615,84.930994090086088,83.902145466433396,84.924179077148438,55717500
2005-11-18,85.210339063118454,85.360238143370964,84.712952331369266,85.258033752441406,72437200
2005-11-21,85.271712169173327,85.789544231645976,85.155882886274,85.687339782714844,50021200
2005-11-22,85.551052552108942,86.205153648975966,85.455663133711667,86.055259704589844,66438800
2005-11-23,86.021193611969096,86.811569054415855,85.993938748608826,86.552650451660156,50854700
2005-11-25,86.518566469151594,86.682090414497793,86.402732026129399,86.620765686035156,15270000
2005-11-28,86.702549177499549,86.716174009946315,85.878109058629462,86.007568359375,54498500
2005-11-29,86.293725618939575,86.518574313133726,85.912162780761719,85.912162780761719,51738900
2005-11-30,85.959854153639242,86.205137470388976,85.367072709135229,85.448837280273438,56007200
2005-12-01,85.864494232924415,86.552665355855268,85.837244563205459,86.321006774902344,65468200
2005-12-02,86.375490582151372,86.586714459287634,86.191526764860612,86.430000305175781,46699400
2005-12-05,86.32777682421623,86.34822186458878,85.973474099407838,86.246017456054688,59273400
2005-12-06,86.566275312605413,87.036407382075282,86.280101863580271,86.409561157226562,57935200
2005-12-07,86.375466406741168,86.443606140616879,85.632791132148967,85.90533447265625,66816500
2005-12-08,86.000767398176578,86.409580016724433,85.496565341912046,85.850868225097656,62608600
2005-12-09,85.959877207172937,86.382314608849171,85.728213459317786,86.075706481933594,50744500
2005-12-12,86.334578861702084,86.436783254874996,85.823562094168935,86.157424926757812,48389900
2005-12-13,86.137001936238732,87.009136558352353,86.048427550607073,86.743408203125,88630900
2005-12-14,86.66164628601156,87.274862350321555,86.627576416513335,87.084083557128906,64375000
2005-12-15,87.104538943714402,87.213558386897944,86.654846736415209,86.832000732421875,55900300
2005-12-16,87.182689794567665,87.237488465896476,86.552520751953125,86.552520751953125,46238300
2005-12-19,86.805962182042578,86.901857245574632,86.093595120169397,86.107292175292969,48733000
2005-12-20,86.210039467861975,86.710062987465676,85.949753610115451,86.189491271972656,46603200
2005-12-21,86.456637865832519,86.826521110559568,86.1689526396747,86.326492309570312,51806900
2005-12-22,86.5182581549346,86.778549194335938,86.360718529296292,86.778549194335938,32247900
2005-12-23,86.840227514834027,86.895026199778698,86.593638658473239,86.826530456542969,27977300
2005-12-27,86.963494342126481,87.025144149595093,85.881244174464996,85.942893981933594,44499500
2005-12-28,86.127838190721818,86.299080117821333,85.963447403955172,86.134689331054688,30764300
2005-12-29,86.114115314476408,86.278506051950203,85.662034254064338,85.751083374023438,32788900
2005-12-30,85.483965343525242,85.662053170996302,85.182577903361164,85.285324096679688,44645600
2006-01-03,85.751133141027097,86.99092336872161,85.203156730238064,86.785430908203125,73256700
2006-01-04,86.895000791449945,87.326528550956354,86.785403453607159,87.196388244628906,51899600
2006-01-05,87.093673376272037,87.395055711975772,86.908729108606224,87.251213073730469,47307500
2006-01-06,87.689594396308223,88.073174752011838,87.237513069180054,87.977279663085938,62885900
2006-01-09,87.963557581824347,88.401936525652161,87.936163470488182,88.203300476074219,43527400
2006-01-10,87.943020931804924,88.347149450688519,87.853971767658436,88.292350769042969,44960800
2006-01-11,88.37455270902133,88.6622379445664,88.175906184524692,88.573188781738281,49598900
2006-01-12,88.415636565372424,88.552628022136645,87.977257632659985,88.223846435546875,40509200
2006-01-13,88.066295672373741,88.292325799040654,87.812850534967581,88.141632080078125,44856700
2006-01-17,87.812852104563035,87.963545826219104,87.545715134677664,87.901901245117188,52066600
2006-01-18,87.388168137280772,88.292319939272417,87.100482997929959,87.552558898925781,75067600
2006-01-19,87.764917309185577,88.203296231919538,87.545722621929613,87.888206481933594,81530400
2006-01-20,87.867643365287961,87.88819155725659,86.285369873046875,86.285369873046875,114957800
2006-01-23,86.449785318947249,86.867616094574018,86.394986640792027,86.5936279296875,67017400
2006-01-24,86.737464041421831,87.093650196853091,86.593621441459305,86.682670593261719,53008800
2006-01-25,87.018334968778021,87.114230070289807,86.196370236817003,86.758049011230469,87747700
2006-01-26,87.162133304140042,87.449818462404139,86.826500619498603,87.237480163574219,71294000
2006-01-27,87.443041982445351,88.128010175097842,87.299194063202862,88.045806884765625,65771200
2006-01-30,87.977279663085938,88.230714444151374,87.915635059872315,87.977279663085938,33709600
2006-01-31,87.895083218447724,88.045766536135446,87.326553398978845,87.333404541015625,72937000
2006-02-01,87.552561825922893,87.970387270345753,87.484066108438242,87.9429931640625,63561000
2006-02-02,87.744358095152151,87.771752201730123,86.853898080606541,86.922393798828125,83626900
2006-02-03,86.703218799634044,87.943008751280701,86.401831318217049,86.490875244140625,86040400
2006-02-06,86.60733443893767,86.853923276781032,86.422390197610213,86.716926574707031,45511900
2006-02-07,86.566219582097247,86.758014935681331,85.894954135164596,85.949752807617188,71208100
2006-02-08,86.203193225943508,87.744375941781428,86.031951282615893,86.730621337890625,59422200
2006-02-09,86.93612184743057,87.401900213644865,86.559392649952514,86.5867919921875,62023300
2006-02-10,86.600465882844716,87.079941178961292,85.929195242392723,86.744308471679688,64508700
2006-02-13,86.716932335440916,86.847077904584523,86.271702169430327,86.5867919921875,52308700
2006-02-14,86.620991798562002,87.696390594020414,86.449749918865521,87.504600524902344,90964400
2006-02-15,87.456685269169128,87.89506945072236,87.155297777441717,87.8128662109375,85471300
2006-02-16,87.908772692615244,88.504701838355444,87.799175326527376,88.470451354980469,61017900
2006-02-17,88.395078373640786,88.470425234107537,88.073142738171668,88.230682373046875,40342600
2006-02-21,88.436174097854561,88.634810118444847,87.874495605535571,88.011497497558594,46456300
2006-02-22,88.203307721360346,88.806072286274954,88.121104477042508,88.545791625976562,42326700
2006-02-23,88.545749131274988,88.799183754493768,87.867627562937088,88.415603637695312,43423200
2006-02-24,88.436185443823945,88.6896201633826,88.19644255380264,88.641677856445312,36777400
2006-02-27,88.634826991392259,89.073205954697812,88.552634201953381,88.675933837890625,35858600
2006-02-28,88.497847102158516,88.98417889077686,87.764936912966689,87.833427429199219,74394800
2006-03-01,88.086878189368747,88.696499216614029,88.018377217047771,88.614295959472656,48641600
2006-03-02,88.292324532718368,88.648510631682754,88.093688516085905,88.607414245605469,60642300
2006-03-03,88.134842807141098,89.09380440335228,88.121140518853963,88.196487426757812,73402500
2006-03-06,88.456724468589215,88.484118576601944,87.573115547353794,87.792304992675781,57478400
2006-03-07,87.579979970077773,87.716971434472541,87.264895421258302,87.655326843261719,61780800
2006-03-08,87.470382545576868,87.977262460375329,87.114201602911137,87.84027099609375,66692400
2006-03-09,87.867685256132205,88.141668247519135,87.251213073730469,87.251213073730469,56313600
2006-03-10,87.477239660203225,88.251251415439654,87.292300648205043,88.080009460449219,60490800
2006-03-13,88.251230679575457,88.470425347314489,88.038892377563911,88.244384765625,45479100
2006-03-14,88.16221245296903,89.20335601104081,88.093711490457707,89.169105529785156,69877300
2006-03-15,89.14855259695787,89.634884320689835,88.94307062389538,89.566383361816406,53398900
2006-03-16,89.737609976069862,90.05269970056591,89.621166727301812,89.751312255859375,65526400
2006-03-17,89.867507974405711,90.018800923319233,89.661208947103731,89.826248168945312,47286800
2006-03-20,89.840050931981281,90.018847011629973,89.544348512561129,89.681884765625,45538500
2006-03-21,89.65437206498774,90.080748094855579,89.021696900249196,89.117973327636719,87102700
2006-03-22,89.062963495583347,89.750655312996571,89.021703665473652,89.661262512207031,51605700
2006-03-23,89.578704963650864,89.668108230443451,89.1660962953937,89.475555419921875,46704200
2006-03-24,89.393018559560559,89.791880874023477,89.221095690913046,89.5443115234375,43209200
2006-03-27,89.42055416992055,89.592477101185239,89.221128186724428,89.413681030273438,32523000
2006-03-28,89.351772966946626,89.764392163146297,88.74661143742037,88.863517761230469,82079900
2006-03-29,88.994189598574422,89.743771068406275,88.911659455222122,89.420555114746094,61505700
2006-03-30,89.47554230716581,90.073830559796448,89.090436742560357,89.262359619140625,70571700
2006-03-31,89.413675488734725,89.564968498338487,88.966669599144581,89.283012390136719,62925600
2006-04-03,89.448041231879927,89.998186054368503,89.049178890237812,89.214218139648438,61624700
2006-04-04,89.214263923550163,89.901955797917594,88.959821287904688,89.785049438476562,54809300
2006-04-05,89.819417555747066,90.280169757085901,89.661251395488804,90.094490051269531,50607200
2006-04-06,89.984476070305973,90.232045537607704,89.530596964695448,89.998222351074219,57906200
2006-04-07,90.128874360536344,90.362687024900893,88.952927405833975,89.083580017089844,80180900
2006-04-10,89.221153259277344,89.454965993100075,88.891053583278989,89.221153259277344,41496500
2006-04-11,89.29676452474591,89.441173894287047,88.19645369264714,88.464653015136719,72799400
2006-04-12,88.554045585904532,88.801614968542538,88.444012417323094,88.629692077636719,43033700
2006-04-13,88.430264363388602,88.884143358514905,88.237711546063778,88.512794494628906,51051800
2006-04-17,88.595299853983292,88.925388845720789,88.038271401257532,88.4783935546875,64167700
2006-04-18,88.664054544858999,90.04632108964374,88.664054544858999,89.881271362304688,92531800
2006-04-19,89.915678802307966,90.135745156257016,89.564959855710626,90.053215026855469,87269000
2006-04-20,90.087591066330177,90.679006206041208,89.812518649723216,90.176994323730469,86005500
2006-04-21,90.562101805565533,90.630864664490844,89.826266811016765,90.190742492675781,72342600
2006-04-24,90.011961917482395,90.135751874140226,89.661242944745723,90.025718688964844,52546400
2006-04-25,90.115102392258677,90.170118979304121,89.344891160304485,89.654350280761719,84359800
2006-04-26,89.7437535206966,90.183875723593204,89.60621729979286,89.674980163574219,67262400
2006-04-27,89.331158406413024,90.520872746104729,89.117975632637012,90.108253479003906,124478600
2006-04-28,89.943191829361993,90.603380471117873,89.888185728112944,90.41082763671875,55854400
2006-05-01,90.410815210087833,90.637754696582476,89.619974069885544,89.674980163574219,64990300
2006-05-02,90.094492534294474,90.403962216965155,89.908823316704115,90.348945617675781,49063500
2006-05-03,90.190720725715209,90.307637495017659,89.709338856055382,90.011924743652344,60821300
2006-05-04,90.142621740152563,90.513970609958264,90.066975239758946,90.335174560546875,42921400
2006-05-05,90.809688124798384,91.325456882992981,90.672151887948274,91.132904052734375,62588200
2006-05-08,91.126014843399531,91.304821384369916,91.022865295410156,91.022865295410156,30016700
2006-05-09,91.064131547495748,91.304827834262866,90.988485042512579,91.201667785644531,29864000
2006-05-10,91.057219413765395,91.291031967824281,90.699616953044966,91.153495788574219,64378200
2006-05-11,91.126012269003851,91.153525809918136,89.757512668745406,90.053215026855469,80626900
2006-05-12,89.647477162301087,89.895046557390089,88.842879251597111,88.877265930175781,91726500
2006-05-15,88.567795145670559,89.221110550007097,88.444015696432629,89.056060791015625,84029300
2006-05-16,89.234843592023751,89.399893326536443,88.719074976678343,88.925384521484375,62137600
2006-05-17,88.485286999295923,88.780999877541788,87.178671761019885,87.233688354492188,144789500
2006-05-18,87.577531916015801,87.85260962955212,86.72479572605711,86.793563842773438,87906300
2006-05-19,87.247442986843723,87.67380845912156,86.511613118875729,87.405609130859375,124309400
2006-05-22,86.841710716909105,87.45375593611405,86.305312007643792,86.738555908203125,110852800
2006-05-23,87.460623179775553,87.770082319796145,86.078361511230469,86.078361511230469,92006500
2006-05-24,86.429039215743956,87.261145024694969,85.796364505136779,86.766006469726562,168405000
2006-05-25,87.281848479181406,87.838882446289062,86.944880941223147,87.838882446289062,78977900
2006-05-26,88.031397498701352,88.285850524902344,87.687556947089277,88.285850524902344,62989700
2006-05-30,88.003942418270825,88.02457233794479,86.68357509240326,86.71795654296875,72419900
2006-05-31,87.075531057698015,87.687576293945312,86.786696535944372,87.687576293945312,86926200
2006-06-01,87.598167540065845,88.670970168165297,87.522521032742432,88.52655029296875,73721700
2006-06-02,88.884142143781801,89.007921598938324,88.244593972123639,88.71221923828125,91702600
2006-06-05,88.609042866037186,88.615916002573471,87.178638219454257,87.419334411621094,86105100
2006-06-06,87.481277428474399,87.598183780859188,86.484126369496849,87.206199645996094,130498600
2006-06-07,87.274934650979219,87.783824914463082,86.504718248046046,86.5528564453125,108599400
2006-06-08,86.360312315228043,86.992987327499833,85.18436030980854,86.477218627929688,204957200
2006-06-09,86.896726173277187,87.309340156011004,86.160896242622584,86.202156066894531,94972200
2006-06-12,86.566651595586507,86.601038288108597,85.150008007776918,85.266914367675781,95815900
2006-06-13,85.094937689392026,85.851397227372729,84.276588439941406,84.276588439941406,185688800
2006-06-14,84.476044975845184,85.019322042440649,84.132199129645869,84.929924011230469,163566400
2006-06-15,85.239364305900025,86.896703436121015,85.177474585685999,86.731658935546875,134057000
2006-06-16,86.541745754911375,86.728240931447331,85.968437375037752,86.099678039550781,94253500
2006-06-19,86.617681360189152,86.672941113189211,85.339829873758447,85.422714233398438,95804400
2006-06-20,85.657590349494811,86.210172229906249,85.45727763926736,85.712844848632812,65494700
2006-06-21,85.650657225853081,86.824897999231212,85.623027349203468,86.348297119140625,75008200
2006-06-22,86.306863498179624,86.382844353675452,85.678300830731629,85.968406677246094,74566100
2006-06-23,85.878608992256659,86.548619080955689,85.671387530027445,85.95458984375,54107000
2006-06-26,86.023668596781604,86.382846520065257,85.823355906347246,86.334495544433594,37899600
2006-06-27,86.348296505119109,86.54170037043103,85.491786144651925,85.588493347167969,69780200
2006-06-28,85.781923838766033,86.182543997036916,85.408928295662761,86.168731689453125,62368100
2006-06-29,86.479579354981496,87.964653093820658,86.458858253719583,87.909393310546875,110634800
2006-06-30,88.09588191977069,88.178771583539316,87.69525644968239,87.916290283203125,54227800
2006-07-03,88.019879212659518,88.420499313514185,87.936989569451157,88.27545166015625,23914000
2006-07-05,87.923171417644127,88.03368566471265,87.391305464678737,87.771209716796875,69653400
2006-07-06,87.861015135061493,88.309991512995666,87.778130755656704,88.02679443359375,50100300
2006-07-07,87.854108969465599,88.109676158078045,87.232449793354832,87.453483581542969,81626500
2006-07-10,87.681431251465753,88.019888106508773,87.315344512561438,87.6192626953125,60964100
2006-07-11,87.45347071515495,88.006057739257812,86.990682112638538,88.006057739257812,73640800
2006-07-12,87.826445790706586,87.999128536944767,86.838700271429872,87.066642761230469,82561300
2006-07-13,86.652231092744088,86.811101595111168,85.650672912597656,85.650672912597656,102405700
2006-07-14,85.740468801669024,85.83026723754665,84.842521331921688,85.319122314453125,103242500
2006-07-17,85.319140823650756,85.719766303302663,85.063573576522316,85.194808959960938,81159000
2006-07-18,85.45033704140296,85.685188337296125,84.538572271764096,85.629928588867188,122771000
2006-07-19,85.775025421970113,87.211747998053269,85.457289610504816,86.818031311035156,133565300
2006-07-20,87.115004590631969,87.239336394233433,86.106537859135642,86.223960876464844,112259800
2006-07-21,86.444999882633752,86.47262975954871,85.526326237187163,85.616119384765625,101560000
2006-07-24,85.954600662562328,87.253173549045073,85.954600662562328,87.177192687988281,92884000
2006-07-25,87.018324394107637,87.930089424934778,86.838732795196805,87.488021850585938,95480700
2006-07-26,87.439666567214402,88.033695864885161,87.156469494526476,87.605445861816406,84525800
2006-07-27,87.985356483590024,88.199486783205657,87.17029328889484,87.522567749023438,87257100
2006-07-28,87.750513986655193,88.510317440630644,87.626182129105601,88.399803161621094,82137000
2006-07-31,88.178731720038158,88.385947880988837,88.033673556554831,88.309967041015625,49593100
2006-08-01,87.957731805379865,87.98536169309078,87.446592057383597,87.874847412109375,65225600
2006-08-02,88.12351399688481,88.731361006563858,88.102792897893451,88.468879699707031,64770900
2006-08-03,87.957713827848366,88.793503268156655,87.826478475372298,88.703704833984375,63693800
2006-08-04,89.159558688458901,89.401308214475051,88.054390143128714,88.551712036132812,96294200
2006-08-07,88.344497680664062,88.468829473888491,87.999132173913893,88.344497680664062,45377300
2006-08-08,88.475749858926704,88.731327549660278,87.688316774989389,88.006057739257812,90901300
2006-08-09,88.537892323598697,88.828008611350967,87.453450161166103,87.709022521972656,78910600
2006-08-10,87.432753440749266,88.068224857306006,87.225531980199577,87.978431701660156,69322300
2006-08-11,87.840288730911368,87.86100982451012,87.301519217899553,87.729774475097656,47482200
2006-08-14,88.158028950188694,88.524120945226727,87.667610387229175,87.798851013183594,57839000
2006-08-15,88.586266055358209,89.014515976638492,88.344511217561248,88.848747253417969,68143000
2006-08-16,89.325366522376228,89.719077837530307,89.131952084030829,89.587837219238281,71737600
2006-08-17,89.504968901300927,90.050642026076332,89.442805609818393,89.8157958984375,70992800
2006-08-18,89.926324660938292,90.271690368652344,89.511881595791465,90.271690368652344,58288400
2006-08-21,89.919377674687766,89.988455006825831,89.65690699994957,89.884849548339844,42133600
2006-08-22,89.788149430956608,90.154236111337852,89.574013912867528,89.877937316894531,60839900
2006-08-23,89.919416556837035,90.099013482167251,89.235599155697116,89.629310607910156,66592100
2006-08-24,89.788147927074263,89.864128776808386,89.380608529561499,89.553291320800781,57983000
2006-08-25,89.546387696844093,89.967734128555151,89.484224421605035,89.663810729980469,41756000
2006-08-28,89.553271668368879,90.361436228971897,89.546368152533901,90.092041015625,52681500
2006-08-29,90.133515434296967,90.3683615058643,89.663812751440943,90.1956787109375,61817800
2006-08-30,90.395993702590403,90.513416748229488,90.174965187188079,90.250946044921875,50052200
2006-08-31,90.382202693327855,90.478904662161838,90.195702274960865,90.237144470214844,37510300
2006-09-01,90.582505496097426,90.886428965309548,90.375283990750646,90.775909423828125,48794500
2006-09-05,90.838065976968608,91.072922620130569,90.62394096855509,90.948585510253906,52348300
2006-09-06,90.561774201818139,90.596312872107305,90.023004672418864,90.147331237792969,53795600
2006-09-07,89.836523278694841,90.188803034515146,89.346109891957184,89.732917785644531,86269400
2006-09-08,89.850327834244737,90.112809098226137,89.677645011040795,89.988471984863281,45096300
2006-09-11,89.698373238690593,90.271681522079021,89.435891953838947,90.078277587890625,68496600
2006-09-12,90.18184994663298,91.065984903778784,90.050609352417254,90.962379455566406,69875600
2006-09-13,90.927850609608456,91.487341169798725,90.844966242090265,91.328475952148438,62898400
2006-09-14,91.148905952702037,91.342309871332802,91.003847743867439,91.335395812988281,57805400
2006-09-15,91.79261759934387,91.848120415614403,91.355539537513224,91.5498046875,76703100
2006-09-18,91.431813452141085,91.848079093855461,91.334686213884396,91.674636840820312,64154100
2006-09-19,91.66076832216703,91.667712788120866,90.932319250192364,91.445701599121094,92089100
2006-09-20,91.75093645913401,92.111699249009561,91.619118675175258,91.931312561035156,75204100
2006-09-21,92.000728191454868,92.097855449842115,91.175141202124607,91.487335205078125,88932500
2006-09-22,91.348582950943268,91.355516831473778,90.883758889547352,91.209831237792969,65966800
2006-09-25,91.390203250123506,92.167231863367036,90.918445329651249,91.910530090332031,92299100
2006-09-26,91.924403655849545,92.687553882894591,91.855022512999582,92.673675537109375,73962700
2006-09-27,92.611240952571677,92.94424715640767,92.458610903714273,92.784683227539062,82432200
2006-09-28,92.784705839452016,92.958148156687813,92.465567317863417,92.750015258789062,58597500
2006-09-29,92.826305582518387,92.923432830862652,92.604294394259412,92.673675537109375,47966600
2006-10-02,92.645910046781452,92.847108990292398,92.236588866638613,92.3267822265625,51687400
2006-10-03,92.194984771435415,92.874875595361274,92.028476359297926,92.52105712890625,73108100
2006-10-04,92.430830826042623,93.658804786229368,92.326769721820725,93.603302001953125,80890500
2006-10-05,93.60333050077854,93.943281188195527,93.485391018060866,93.783706665039062,60505900
2006-10-06,93.624154654105368,93.728226389344002,93.242579463720205,93.665779113769531,64983600
2006-10-09,93.554747039281793,93.866940949224443,93.409050902069069,93.721244812011719,41176800
2006-10-10,93.728206157599502,93.971018981920693,93.547819423221299,93.846145629882812,56403700
2006-10-11,93.547802101216973,93.957123238538344,93.173171528396765,93.735122680664062,104071800
2006-10-12,93.971030071350413,94.623174771820814,93.936339496331883,94.546859741210938,59158600
2006-10-13,94.463615743157064,94.845190916052516,94.380356241566759,94.789688110351562,53944000
2006-10-16,94.713332709841623,95.081029378083528,94.643951585765564,94.935333251953125,42273000
2006-10-17,94.67864836853245,94.838212261103394,94.123631097677176,94.63702392578125,90500600
2006-10-18,95.074118740925115,95.303063828545675,94.421984638521167,94.761924743652344,86848600
2006-10-19,94.623153811788399,94.963104433943784,94.512148230748892,94.914535522460938,64063200
2006-10-20,94.935333251953125,95.011648254007483,94.581514925741075,94.935333251953125,48094500
2006-10-23,94.741104118331279,95.601381590764248,94.623164644752549,95.3724365234375,66219900
2006-10-24,95.240617561224312,95.691563224559616,95.198993110587338,95.656883239746094,53234900
2006-10-25,95.559756372666058,96.024580383419604,95.40018186315551,95.982955932617188,78105400
2006-10-26,96.198039231020914,96.43391821693605,95.72627067311285,96.281288146972656,66843700
2006-10-27,96.163340134244166,96.260467389608621,95.483449346692964,95.677703857421875,80238000
2006-10-30,95.50427625063179,95.87890698287336,95.323889472893043,95.60833740234375,49717800
2006-10-31,95.788671147035416,95.920478337536494,95.219775603100928,95.594406127929688,71274100
2006-11-01,95.892714122912864,95.955150767575276,94.852061034256806,94.949188232421875,83005600
2006-11-02,94.706394326611118,95.053278797117301,94.602333219888834,94.893714904785156,60693100
2006-11-03,95.233669971242435,95.316918860531544,94.08894481314492,94.727210998535156,71346400
2006-11-06,95.018605895041503,95.934375460617517,95.011661430026905,95.795623779296875,63303300
2006-11-07,95.878889828960041,96.420028893202826,95.740138122808972,96.163337707519531,63318900
2006-11-08,95.740157911051952,96.468617751503984,94.949261377838596,96.371490478515625,87517800
2006-11-09,96.440842769709462,96.531036143985148,95.670758613408509,95.865013122558594,95916300
2006-11-10,95.837242710626541,95.975994383963425,95.545861020796835,95.906623840332031,48991500
2006-11-13,95.864995508313271,96.461637272811998,95.788691080810096,96.142509460449219,59398200
2006-11-14,96.41309088784287,96.947296049048148,95.823382929336603,96.864036560058594,96704000
2006-11-15,96.829361797292506,97.439871428380286,96.801605104106812,97.141555786132812,76509600
2006-11-16,97.432951363900941,97.599449202317217,96.77387271932065,97.391326904296875,76728800
2006-11-17,97.07910146669488,97.425986003777751,96.940349769076931,97.419052124023438,56353800
2006-11-20,97.335819507195879,97.641079644671748,97.086062175268154,97.474571228027344,69174200
2006-11-21,97.467601796683212,97.592475124061792,97.328839540386298,97.571662902832031,51367900
2006-11-22,97.648036432470803,97.932484407853423,97.474594094224855,97.765975952148438,45505300
2006-11-24,97.294168384983536,97.710423433398518,97.266411696777638,97.3704833984375,30998000
2006-11-27,97.321966630793369,97.370535568138791,96.003809058784228,96.03155517578125,84545100
2006-11-28,95.906630192929697,96.544896401415741,95.816436835553205,96.447769165039062,106652900
2006-11-29,96.759936029349234,97.495329268490991,96.489366618984405,97.453704833984375,90034900
2006-11-30,97.432962778376961,97.856162477394108,96.961194146746294,97.495399475097656,83994300
2006-12-01,97.495363035836974,97.585556399220835,96.413085019532573,97.280296325683594,126080000
2006-12-04,97.301121171141546,98.203023163740056,97.287242824341817,98.022636413574219,87813200
2006-12-05,98.209937122675029,98.487451071992794,98.00180430720539,98.445816040039062,73374400
2006-12-06,98.425000753789305,98.563763017166821,98.168309621474847,98.362564086914062,53253200
2006-12-07,98.536009721414175,98.72333031456138,97.897743514992911,97.93243408203125,62857400
2006-12-08,97.911642721751292,98.445837340882193,97.668819286817595,98.112831115722656,79625500
2006-12-11,98.112837552944029,98.577661639789028,98.057334747429707,98.397285461425781,39779400
2006-12-12,98.300141143943236,98.425014495127556,97.745123771169176,98.320953369140625,77451600
2006-12-13,98.674798554936416,98.751113596723755,98.209974422623986,98.425041198730469,55520200
2006-12-14,98.418075894746849,99.37548055220779,98.404197549922316,99.292221069335938,64755200
2006-12-15,99.510569608010655,99.684978206639741,99.231520108226533,99.301277160644531,70857400
2006-12-18,99.44083006493608,99.678033916473112,98.889703421053909,99.029228210449219,48954600
2006-12-19,98.75018403658585,99.45479118088609,98.499035143904436,99.217597961425781,65023600
2006-12-20,99.259457365839268,99.524561939833873,99.07109302931363,99.161788940429688,41469600
2006-12-21,99.25244946172036,99.364062875919743,98.589698908106655,98.798980712890625,48698400
2006-12-22,98.812941342972707,98.81991385513021,98.136235086710514,98.192047119140625,62069100
2006-12-26,98.233898546365637,98.792008197567483,98.212970365887983,98.771080017089844,32696900
2006-12-27,98.973436072098337,99.482717091158037,98.945535366631276,99.419921875,39727100
2006-12-28,99.350157130922014,99.552466503882684,99.057151843327048,99.21063232421875,37288800
2006-12-29,99.105941553315375,99.440803086025923,98.666428473156657,98.798980712890625,45461200
2007-01-03,99.238525146295288,99.664082692232924,98.06650408899398,98.624603271484375,94807600
2007-01-04,98.526909076972657,99.098974427959547,98.094379130167681,98.833869934082031,69620600
2007-01-05,98.596707715836956,98.6455366065763,97.933956918248057,98.045570373535156,76645300
2007-01-08,98.240902061415056,98.652503889512232,97.84324525982197,98.4990234375,71655000
2007-01-09,98.582754489108822,98.785074506642772,97.947904378318043,98.415328979492188,75680100
2007-01-10,98.073463761364167,98.764125780091845,97.878126944057826,98.743186950683594,72428000
2007-01-11,98.771113733906859,99.496649076600946,98.71530168522888,99.175743103027344,54476800
2007-01-12,99.168716298849148,99.929145812988281,99.14081560931939,99.929145812988281,55370600
2007-01-16,99.81055062838746,100.0686719290498,99.573346861369174,99.733810424804688,44871300
2007-01-17,99.657083964655371,100.08264139865537,99.573360593256567,99.775680541992188,50241400
2007-01-18,99.880339599289329,99.943124155454512,99.280373446351689,99.440826416015625,68177300
2007-01-19,99.440791512525934,99.83147567445036,99.384990134448827,99.636138916015625,56973000
2007-01-22,99.810585572141733,99.831513758168072,99.015271922904887,99.329216003417969,60253600
2007-01-23,99.245509456655086,99.81757502528103,99.105984644448526,99.622238159179688,54064400
2007-01-24,99.740782690454438,100.44538954339393,99.698926333158752,100.42446136474609,55834700
2007-01-25,100.36173375394441,100.403590134981,99.071105231655579,99.245513916015625,73583800
2007-01-26,99.461746009321345,99.517547396191929,98.771084089910829,99.15478515625,67255600
2007-01-29,99.196636895916043,99.622194305103562,98.882703545380764,99.098968505859375,66114600
2007-01-30,99.308276503835074,99.664066270808959,99.105956535217501,99.615226745605469,70407600
2007-01-31,99.503610663763865,100.55006239822377,99.343147066705257,100.28495788574219,91868600
2007-02-01,100.56396365652624,100.91976390422946,100.39653826471569,100.88488006591797,69312400
2007-02-02,100.96864779615825,101.12212825234313,100.72448208499772,101.02445983886719,49607000
2007-02-05,100.94770897371906,101.11514508420278,100.69656013052226,101.05236053466797,45705300
2007-02-06,101.13604273286803,101.1778990865875,100.68955721810313,101.08023071289062,57081300
2007-02-07,101.24073262599966,101.40816876698472,100.85704210113056,101.30352783203125,55669700
2007-02-08,101.00354620858469,101.24073944048432,100.64775636073526,101.17098236083984,70641000
2007-02-09,101.1988582148763,101.38722250927901,100.03380988478835,100.41751098632812,79084400
2007-02-12,100.41751307709704,100.48727014106545,99.89428719457365,100.07566833496094,65657000
2007-02-13,100.2989283314284,101.08724818221172,100.29194517266647,100.91982269287109,64081800
2007-02-14,101.01746027527736,101.78485170565334,101.00350460707246,101.58254241943359,66039400
2007-02-15,101.62439964349991,101.81973641980684,101.4569635587843,101.71509552001953,38715200
2007-02-16,101.4639809270478,101.68721847021715,101.31747297289016,101.66629028320312,39841800
2007-02-20,101.54766105329703,101.99414664126344,101.15698749445845,101.88252258300781,56911800
2007-02-21,101.58254640050994,101.90346291146447,101.4011652869612,101.84066772460938,63971600
2007-02-22,101.88954156294612,102.14766297399055,101.27561967174873,101.76396179199219,79067400
2007-02-23,101.67325574369121,101.70812895260443,101.17793056544329,101.36629486083984,71966200
2007-02-26,101.73602260407944,101.81973532300754,100.98257619855913,101.27558135986328,69192800
2007-02-27,100.37565753922053,100.59889504884529,96.97119769571502,97.320014953613281,274466500
2007-02-28,97.94088619888808,99.050122263159167,97.529284486242389,98.317604064941406,177536300
2007-03-01,97.208381400250289,98.540865750342917,96.308437646426171,98.024612426757812,212828600
2007-03-02,97.703721143914734,98.12927864646889,96.734009542364589,96.740982055664062,162574000
2007-03-05,96.224755810652624,97.375859533428397,95.806181348329901,95.820137023925781,143750400
2007-03-06,96.817726412334878,97.752554197149493,96.078235458823045,97.459548950195312,143333300
2007-03-07,97.382797995556544,97.989747253529742,97.250245736400814,97.361869812011719,115144900
2007-03-08,98.045561305663696,98.478101993240031,97.717682839440712,98.185096740722656,117891600
2007-03-09,98.582712287815284,98.659452495225423,97.724624983178913,98.212966918945312,107765100
2007-03-12,97.961817479485276,98.603639825895286,97.780436374539761,98.359474182128906,80366900
2007-03-13,97.794443390825606,98.206056022486067,96.301505310486192,96.448013305664062,190605200
2007-03-14,96.573555993561698,97.222361730003783,95.401534933621861,97.166549682617188,231853800
2007-03-15,96.950293069939761,97.661883429578808,96.831696450843339,97.299110412597656,132435900
2007-03-16,97.572908255579335,97.797041812641368,96.739428957078815,97.026596069335938,121531600
2007-03-19,97.537917514742986,98.287352314732843,97.460872915559719,98.196296691894531,96161200
2007-03-20,98.112231243473914,98.791621469259724,98.028186493818737,98.735588073730469,82147400
2007-03-21,98.826686769729747,100.61270260234053,98.630575143503606,100.36055755615234,152368700
2007-03-22,100.49363094409874,100.63370914388321,100.01035207065298,100.28350830078125,118942200
2007-03-23,100.35351266877014,100.72472455923455,100.262457065996,100.43055725097656,74416800
2007-03-26,100.50761556907986,100.61267151950187,99.520046885997743,100.29749298095703,113787500
2007-03-27,100.24144194178299,100.26946398181784,99.730151927554445,100.05934143066406,99864600
2007-03-28,99.555047863313774,99.786181592219805,98.938691252897684,99.330924987792969,152907900
2007-03-29,99.835235607669375,99.884268847720193,98.889699895590837,99.436012268066406,139432700
2007-03-30,99.625108561397397,100.04534302943249,98.448428538886986,99.457008361816406,128194100
2007-04-02,99.569099426269531,99.77922205513255,99.092820755027986,99.569099426269531,79416400
2007-04-03,100.13638854513563,100.84379010841079,100.09436617129631,100.64067840576172,82417800
2007-04-04,100.6406797920646,100.82278031030241,100.26946790166775,100.75274658203125,63995200
2007-04-05,100.62673625969936,101.16604869675149,100.58471385709768,101.02597045898438,46822800
2007-04-09,101.31307106456599,101.41813770023711,100.96287032021937,101.16599273681641,50967400
2007-04-10,101.08892266726335,101.45313434202644,101.04690029849758,101.2850341796875,56620000
2007-04-11,101.4321648481547,101.46017620975312,100.53564096780153,100.87184143066406,106365700
2007-04-12,100.67572310110913,101.50219180396402,100.39555606747052,101.32009124755859,115534400
2007-04-13,101.48817060516662,101.78234863281249,101.10995850677384,101.7823486328125,84287000
2007-04-16,102.13958579822469,102.86099872676554,102.13258562833055,102.74893188476562,83064600
2007-04-17,102.9379813247897,103.23914875801914,102.71384777582989,103.02202606201172,108424100
2007-04-18,102.67884941038068,103.44928453723003,102.65783822338425,103.14811706542969,88345300
2007-04-19,102.64387964014726,103.23921472131084,102.51080159633345,103.12014770507812,102947700
2007-04-20,103.81350975542951,104.09366607666016,102.98703043942551,104.09366607666016,124114100
2007-04-23,103.91856164737825,104.17070660155423,103.63840533708414,103.70143890380859,77270800
2007-04-24,103.82051383261283,103.93958080798363,103.18315657471956,103.74346923828125,114471000
2007-04-25,104.17072845562244,104.822107510263,103.67344929743403,104.69602966308594,108418800
2007-04-26,104.70304548296355,104.92016828237728,104.42988926962354,104.81510162353516,88741600
2007-04-27,104.42290821006526,104.878175820395,104.24780774931168,104.73108673095703,108191100
2007-04-30,104.80807986776114,104.87812429256253,103.8065108542293,103.86253356933594,100874100
2007-05-01,103.95356939737376,104.68899296869137,103.42826837318641,104.12866973876953,134342700
2007-05-02,104.28975778021183,105.02518134250178,104.18470185157464,104.73801422119141,87129800
2007-05-03,105.0392409749297,105.34040856792299,104.87114072403574,105.30539703369141,86569700
2007-05-04,105.58557622049335,105.84472147851663,105.2143641043526,105.70464324951172,96409000
2007-05-07,105.67654052082257,105.90066335601857,105.62750730505417,105.72556304931641,63461400
2007-05-08,105.4665195071872,105.70465358851591,105.15134078927746,105.58558654785156,80584000
2007-05-09,105.50849174455639,107.03537271972642,105.31938032881446,105.87270355224609,102070100
2007-05-10,105.57149427851623,105.77461665832629,104.54891427509689,104.76603698730469,153617800
2007-05-11,104.88513621903067,105.71160495049494,104.86412502669039,105.66258239746094,113408900
2007-05-14,105.66259134212048,105.97076977223944,104.91315646094201,105.43145751953125,108027500
2007-05-15,105.55054813962764,106.22293856377081,105.19334707237599,105.45950317382812,180673300
2007-05-16,105.62058467290751,106.20191940037095,105.32641722418187,106.180908203125,114166500
2007-05-17,106.0267975705996,106.43303178085357,105.83768614626337,105.97076416015625,101132800
2007-05-18,106.46804876430939,106.89529418945312,106.32797057466638,106.89529418945312,99182000
2007-05-21,106.86725544155391,107.32251211305375,106.81122204259917,106.8392333984375,174664600
2007-05-22,106.95133775682932,107.27352724214997,106.7272147695782,106.75522613525391,82148800
2007-05-23,107.12643471263881,107.51165777371428,106.7132002867949,106.76923370361328,133786600
2007-05-24,106.83224923057433,107.30852784937836,105.57853513894902,105.80265808105469,187593000
2007-05-25,106.11084897973636,106.47506082675893,105.88671532394372,106.24392700195312,83309200
2007-05-29,106.41898968765469,106.81121275896918,106.07578915661593,106.62911224365234,82020000
2007-05-30,106.08281628846476,107.53964200909854,105.99876084080138,107.49761962890625,129013600
2007-05-31,107.63072377271145,107.78481299570426,107.24550071522947,107.38558959960938,114866700
2007-06-01,107.77782187658821,108.14202308217037,107.51866596854894,107.91790008544922,107771700
2007-06-04,107.5396205076913,108.13496594079253,107.49759813590093,107.93185424804688,78008800
2007-06-05,107.67978491179164,107.79184108612733,107.06342786016666,107.50468444824219,126917900
2007-06-06,107.06334267417895,107.1263762259553,106.28589680711038,106.34893035888672,164096800
2007-06-07,106.15286786536184,106.81124709842523,104.40186381456799,104.42988586425781,232414600
2007-06-08,104.76606262959713,105.89370952565943,104.42286203087235,105.78864288330078,175886000
2007-06-11,105.7116083009458,106.42602092499799,105.55051892547138,105.97076416015625,102015600
2007-06-12,105.52951429199398,106.13886030161068,104.74506787158802,104.81510162353516,233898000
2007-06-13,105.4104599707683,106.51009581265119,104.86414747839407,106.38401794433594,193208200
2007-06-14,106.50305402374542,107.24547792918082,106.48204283300888,107.06337738037109,146396500
2007-06-15,107.72174969298,108.08753113676067,107.57402675478482,107.67251586914062,154030800
2007-06-18,107.89062407286835,107.89765441284423,107.38416052767393,107.54594421386719,88537500
2007-06-19,107.30680691481412,107.89064725858461,107.17315529314612,107.81327056884766,110851700
2007-06-20,108.03128861834996,108.03128861834996,106.18833090700087,106.31494140625,177119700
2007-06-21,106.27269563701753,106.99721738345703,105.68885574490211,106.90576934814453,205262000
2007-06-22,106.58226679741138,106.75812190530485,105.40755596468426,105.89994812011719,204964700
2007-06-25,105.68190628046989,106.39235716513843,104.82373235904872,105.39350128173828,232014400
2007-06-26,105.66075694427012,105.83661200089351,104.30315032580027,104.3101806640625,198445700
2007-06-27,104.19765432421433,105.91400160403128,104.1484097503356,105.79441070556641,213638000
2007-06-28,105.78033447265625,106.50485642931768,105.28090140155595,105.78033447265625,157705000
2007-06-29,106.14609906029101,106.67366418630307,104.91511376626286,105.81549072265625,199701800
2007-07-02,106.12501799840624,106.86361146544802,106.05468240789972,106.77216339111328,103357000
2007-07-03,107.0464849167621,107.2715845412457,106.91284408973343,107.15903472900391,54048400
2007-07-05,107.20129269376741,107.31384256319531,106.65966657216998,107.04653930664062,89279000
2007-07-06,107.18719191842284,107.74288924918552,106.87064418738827,107.60923767089844,81109000
2007-07-09,107.7358909534306,107.87657291276493,107.35603785654786,107.69368743896484,72348100
2007-07-10,107.12389220699781,107.34899189585688,106.05470088494899,106.16020965576172,180362600
2007-07-11,106.04055903496672,106.95500713019432,105.8787754494019,106.91280364990234,175607600
2007-07-12,107.18016201729279,108.85430598996669,107.15906026413668,108.60107421875,133882500
2007-07-13,108.72768001712865,109.35372364957902,108.60105878284577,108.92463684082031,111794300
2007-07-16,109.02312570054943,109.40296797311524,108.73472077631186,108.91057586669922,98378700
2007-07-17,108.98087377495378,109.36775698668214,108.80501874538082,108.85426330566406,126201300
2007-07-18,108.48853149254607,108.88948629548682,107.83435563513005,108.65735626220703,237887400
2007-07-19,109.17085172753032,109.40298176410435,108.85431467160001,109.07941436767578,145212700
2007-07-20,108.952805992002,109.02315233868217,107.50376141049325,107.97505187988281,245502500
2007-07-23,108.45339928825388,108.83325248013095,107.83439636571238,108.30568695068359,121183900
2007-07-24,107.70771728048253,108.5236874376601,106.04764487565407,106.42749786376953,256732400
2007-07-25,106.93392789175454,107.19418989721218,105.68887129446485,106.64552307128906,265214500
2007-07-26,105.64673689735804,106.07582387346474,102.97373659046454,104.12031555175781,467592500
2007-07-27,104.25391008410824,104.71815924772341,102.03109972899489,102.07330322265625,422987600
2007-07-30,102.65008390401512,103.97251704762131,102.19989549626339,103.67005157470703,283017500
2007-07-31,104.3383228390193,105.13319112471412,102.02406429748585,102.50239562988281,316976700
2007-08-01,102.12257079389826,103.40983144256215,101.25736668796945,103.00184631347656,467670000
2007-08-02,103.23393278556078,103.93735290445942,102.17880260721284,103.82481384277344,294758400
2007-08-03,103.59977107867967,103.81079937676914,100.72981413136011,101.15187072753906,359398200
2007-08-06,101.44025100792645,103.28320884686735,100.25849926641064,102.84709167480469,324980000
2007-08-07,102.65715943468106,104.80962381721672,102.15772630321717,103.94441986083984,232568700
2007-08-08,104.39464539833814,105.92809703059667,103.64198026506477,105.39350128173828,274930600
2007-08-09,103.70523617436825,104.77443789649183,102.19991735769743,102.270263671875,357622100
2007-08-10,101.56685439759859,103.05107162646705,100.67350763140549,101.79195404052734,411018400
2007-08-13,103.05108461068653,103.32541812673279,102.01002546432419,102.15773773193359,181917200
2007-08-14,102.48830932277569,102.7415409952733,100.3921203708084,100.59610748291016,264134500
2007-08-15,100.39219383691977,101.61614960522796,98.915006210801153,99.210441589355469,323834000
2007-08-16,98.331151865033348,100.54693299029194,96.368613295054288,99.956062316894531,546743700
2007-08-17,102.34765134232734,102.56570991307598,99.456593545179473,101.79195404052734,388218100
2007-08-20,102.11554880854236,102.32657709717562,100.79311488422888,101.74273681640625,187320400
2007-08-21,101.71459701535909,102.67827955599452,101.39101889951955,101.94671630859375,157066400
2007-08-22,102.70638952153803,103.26209754422611,102.22806889104645,103.15657806396484,173156700
2007-08-23,103.64191578760499,103.85997430301622,102.42500201019905,103.06511688232422,203915300
2007-08-24,103.03703896841988,104.33837127685547,102.89635700534879,104.33837127685547,128901900
2007-08-27,104.00070715554142,104.33834593156386,103.21286903369818,103.36762237548828,113024300
2007-08-28,102.81195183001898,102.87525710454182,100.91271846091202,101.09560394287109,219790700
2007-08-29,101.55274999436834,103.21986282484424,101.26435592890356,103.07917022705078,207654200
2007-08-30,102.31250892287038,103.53646444903337,102.21403048283507,102.80490112304688,191817300
2007-08-31,103.85998303356686,104.45789446694934,103.28318407979992,103.81777954101562,185477500
2007-09-04,103.71928189495038,105.49893372278925,103.6841087465732,104.86585998535156,120062000
2007-09-05,104.24690103347619,104.35945087337082,103.40279870095343,103.95849609375,166261800
2007-09-06,104.07104110617179,104.53530112419422,103.48720091381202,104.19766235351562,127878400
2007-09-07,103.03702092610978,103.32542587657909,102.17884714829724,102.74862670898438,235447600
2007-09-10,103.06515559899016,103.20583752629597,101.52466327163546,102.55165100097656,192305900
2007-09-11,102.86816138055124,103.89514873677247,102.79078473864368,103.7474365234375,162081900
2007-09-12,103.60677779071717,104.41571762667903,103.38871920131596,104.01476287841797,149554600
2007-09-13,104.49311371965729,105.12618785389056,104.24691226004178,104.74634552001953,154079000
2007-09-14,104.07810494494404,104.87296283450365,103.9233515717529,104.73931121826172,121911000
2007-09-17,104.32427171294175,104.56343205896962,103.84595102088601,104.17655944824219,109870800
2007-09-18,104.69004253406933,107.27159369767801,104.19765048015819,107.24346160888672,263759500
2007-09-19,107.91175245991549,108.60110161471307,107.41936020648865,107.87657928466797,193779900
2007-09-20,107.86249872011246,107.92580399018141,106.99729449580113,107.11687469482422,175186800
2007-09-21,107.92894928911291,108.2187116861115,107.24339360869305,107.40594482421875,141457500
2007-09-24,107.72396057812958,108.00667000596859,106.97479946681464,107.20803070068359,139450200
2007-09-25,106.58608161175705,107.18682971457835,106.34578668433338,106.99600219726562,142289900
2007-09-26,107.60385087654568,107.97136786957722,106.99603887372132,107.56144714355469,135547000
2007-09-27,108.07023000039928,108.20451557395,107.56136402918463,108.19744110107422,102713300
2007-09-28,108.02784070534499,108.26813556150074,107.41295461731734,107.83701324462891,133372100
2007-10-01,107.85119541396485,109.37071967736019,107.78051535248743,109.05268096923828,148162300
2007-10-02,109.2717526759246,109.30001822442567,108.70634464755278,108.90423583984375,112978800
2007-10-03,108.70635200536051,109.13041075140715,108.14094393871896,108.68515014648438,119055900
2007-10-04,108.91838005095089,109.02438934403963,108.55086319447368,108.85477447509766,76864400
2007-10-05,109.56855579000302,110.32479108718752,109.28585725483111,110.14810180664062,134579700
2007-10-08,109.8230278441433,109.8937078952027,109.38484172350772,109.56153106689453,71280400
2007-10-09,109.97144467302704,110.60752195523132,109.56858781917293,110.5933837890625,94054300
2007-10-10,110.28237741345423,110.5650867349665,109.83712775649153,110.40959930419922,101711100
2007-10-11,110.9113835298935,111.32837840366261,109.22223453790212,109.87952423095703,233529100
2007-10-12,109.87249034644087,110.50150388770147,109.73820473916162,110.48736572265625,124546700
2007-10-15,110.44498751864779,110.50859309965055,108.79824139902405,109.55446624755859,161151900
2007-10-16,109.13041075140715,109.20815449537365,108.46605708192297,108.68515014648438,166525700
2007-10-17,109.53325622510603,109.61099996862593,107.75929907566719,109.01732635498047,216687300
2007-10-18,108.45194108251785,108.97494553831096,108.19044424675334,108.62156677246094,148367500
2007-10-19,108.19748929684771,110.59339648511526,105.77331655725862,105.78038024902344,297169900
2007-10-22,105.20787858992414,106.55071297366271,105.06652930493995,106.39522552490234,261989800
2007-10-23,107.04545064388718,107.39175477121277,106.19026968372297,107.25746917724609,180085100
2007-10-24,106.86874603042386,107.24332643136447,105.19372436708258,107.05956268310547,326694200
2007-10-25,107.17972502668538,107.63204920314784,105.92877254781421,107.31401062011719,237374500
2007-10-26,108.17628484614758,108.57206726074219,107.35644368205192,108.57206726074219,176484000
2007-10-29,108.79113504403124,109.15158813261644,108.52257463040517,108.9324951171875,106841000
2007-10-30,108.45189679529012,108.66392612506903,108.04197630018683,108.17626190185547,132981600
2007-10-31,108.82646939786353,109.73819221467235,108.02076663040351,109.29999542236328,220954400
2007-11-01,108.33882187747626,108.42364008685608,106.43057932246924,106.74155426025391,333040800
2007-11-02,107.09491787714161,107.42709462457675,105.45524677752857,106.86168670654297,331228200
2007-11-05,105.75915424698644,106.83342828442937,105.28562818454523,106.04892730712891,226841000
2007-11-06,106.62141189788781,107.50485856587898,105.94292011179571,107.47659301757812,177800500
2007-11-07,106.32456350392327,106.81222773689704,104.28203546188436,104.53646850585938,306639700
2007-11-08,104.59300321001754,104.8827654695813,102.5292734544845,104.00639343261719,374509900
2007-11-09,102.96749224393287,104.27498702575457,102.40208414010553,102.57877349853516,277745100
2007-11-12,102.6281994635782,103.61765505350394,101.56098937988281,101.56098937988281,243087800
2007-11-13,102.74129929389798,104.8191673609211,102.6352900187478,104.6566162109375,191117400
2007-11-14,105.46232009641004,105.58953122784661,103.73783064186964,104.36684417724609,230558800
2007-11-15,103.58942780151702,104.23964325581987,102.14057310743756,102.86145782470703,263111100
2007-11-16,103.40567146251458,103.51875523254373,102.17592051229869,103.03815460205078,308770600
2007-11-19,102.67766733182174,102.73420919211902,101.2005476284229,101.6033935546875,267746000
2007-11-20,101.78720144619948,102.8544012135262,100.43729225476307,102.22538757324219,414767500
2007-11-21,101.12282073032851,101.70943049614814,100.12629049739664,100.13335418701172,259012400
2007-11-23,101.11578336195728,102.0133574683701,100.85427579850175,101.86494445800781,77688400
2007-11-26,102.07695165422588,102.39500106660839,99.412484398110891,99.617439270019531,214232000
2007-11-27,100.1758030577585,101.22886473753904,99.617458643034624,100.76241302490234,293897900
2007-11-28,101.90733090752838,104.22549385446311,101.87199088772402,103.98519897460938,258596900
2007-11-29,103.62477115272007,104.40220864105375,103.25726505301921,104.02055358886719,199409900
2007-11-30,105.33513461736399,105.92174464517684,104.12658531362516,105.06657409667969,222908000
2007-12-03,104.73436210807139,104.91811511688744,104.09827409122789,104.37390899658203,146430400
2007-12-04,103.6530312451583,104.27497035409536,103.40566186920162,103.44100189208984,136533900
2007-12-05,104.55061171402218,105.44819658618685,104.47994244815615,105.17256164550781,171130000
2007-12-06,105.04535539481668,106.8687907736697,105.0029516764674,106.67796325683594,154457400
2007-12-07,107.01718824853762,107.07373012621387,106.40231285323162,106.65674591064453,148980100
2007-12-10,106.91826498513363,107.60382056675644,106.62142815354376,107.48367309570312,123914300
2007-12-11,107.52604868437089,108.05611662729719,104.47992663116939,104.53646850585938,250346400
2007-12-12,106.76278121948778,107.26458376603931,104.03469696600959,105.568359375,322435600
2007-12-13,104.8262420637746,105.58246672476635,104.10534663840325,105.34923553466797,237551300
2007-12-14,104.55061286050707,105.37752847587355,103.96401373191421,104.01348114013672,159152900
2007-12-17,103.61765221776449,103.8014051696484,102.38082737207736,102.52925109863281,177269400
2007-12-18,103.25724069585236,103.5258011231662,101.74478058062593,103.10175323486328,245569300
2007-12-19,103.14415694526757,103.8155741899422,102.43739968050269,103.10175323486328,198917200
2007-12-20,103.78024156071275,103.79437972660773,102.60702182942811,103.75197601318359,214813800
2007-12-21,104.70761109061107,105.45364701943082,104.50866962179207,105.24760437011719,146084400
2007-12-24,105.73788218308641,106.2068095624572,105.49630104895655,106.02918243408203,45601400
2007-12-26,105.617089463067,106.34891238729533,105.51051751934438,106.25655364990234,67093100
2007-12-27,105.87991317026662,105.88701434786445,104.6720516475914,104.92072296142578,122981700
2007-12-28,105.53892149788526,105.58866229382542,104.37368806134353,104.65789794921875,116398100
2007-12-31,104.51577480209225,104.87813013054314,103.77684010213842,103.8834228515625,108126800
2008-01-02,104.11078618638724,104.43762479302549,102.22794342210342,102.97396850585938,204935600
2008-01-03,102.95970664191331,103.37180254190658,102.36288258322955,102.92417907714844,125133300
2008-01-04,101.84427830316267,101.91533348454033,100.11774797897085,100.40194702148438,232330900
2008-01-07,100.75716965023068,101.05558180374422,99.542206656746657,100.31665802001953,234991000
2008-01-08,100.94901864641386,101.5316298037631,98.362768917226148,98.696708679199219,326365700
2008-01-09,98.824582056658343,100.03244381761132,97.836976101106259,99.734031677246094,301824900
2008-01-10,99.243784259126045,101.46057730663412,99.023528442694655,100.38770294189453,335701200
2008-01-11,100.02537493549499,100.82114090007802,98.760670809712067,99.577751159667969,267076600
2008-01-14,100.2953881963583,100.79274200649468,99.755394766924553,100.38064575195312,170365500
2008-01-15,99.321933475875099,100.5298060521998,97.979073452526578,98.170913696289062,239940100
2008-01-16,97.59542081843577,98.845911527299705,96.828070551122792,97.325424194335938,378802600
2008-01-17,97.915137741541585,97.964878521711626,94.447854099243997,94.803108215332031,397892600
2008-01-18,95.733879542996164,95.932820973280968,93.147630107798818,93.8297119140625,348561500
2008-01-22,90.383739433690508,94.092587354435125,89.524025238634522,92.87762451171875,435923700
2008-01-23,90.298512782618133,95.343126917238493,90.120885677054005,95.108657836914062,511913000
2008-01-24,95.549148129702075,96.245454033006212,94.71785476334496,95.911514282226562,259949300
2008-01-25,96.991472991131914,97.169100045732435,94.213394096715945,94.526008605957031,269603900
2008-01-28,94.682327672429892,96.288083292964757,93.82971992109492,96.089141845703125,217934600
2008-01-29,96.70019913848418,96.948870577601994,95.83337800916361,96.565200805664062,168968300
2008-01-30,96.330714542748808,98.433812994269815,95.634419459346219,95.85467529296875,334939200
2008-01-31,94.781841969166422,98.433855703509707,94.639742418867229,97.602561950683594,343680800
2008-02-01,98.007534251394262,99.19408202467126,97.709122012740607,99.172767639160156,206843600
2008-02-04,98.90987795912207,98.973821112402902,97.794374580456292,97.922271728515625,124694300
2008-02-05,96.586517483056383,96.806773361201778,94.973660315107125,95.300498962402344,286882500
2008-02-06,95.620234477749619,96.096273868019793,94.078432345874802,94.533157348632812,250792900
2008-02-07,93.645018196124482,95.769431575647133,93.595277399474028,95.158393859863281,297368100
2008-02-08,94.561573274706689,95.364451345689318,93.858176801154883,94.547370910644531,221643500
2008-02-11,94.568698954326322,95.371566299746831,93.815550731802276,95.030525207519531,188576300
2008-02-12,95.854672320232609,96.849379551387514,95.193893998361645,95.911514282226562,256654400
2008-02-13,96.636192081484737,97.382227672205346,96.018053572183803,96.891975402832031,181967800
2008-02-14,97.304102002372673,97.339629582928296,95.769401590931096,96.039398193359375,215207200
2008-02-15,95.563364425252075,96.074931258268279,95.144167138654268,96.018089294433594,154110300
2008-02-19,97.140701409202663,97.261486526392432,95.641528373557918,96.288093566894531,145190000
2008-02-20,95.201035237456168,97.019935213513847,95.037610481006382,96.572311401367188,220085700
2008-02-21,97.098098016545876,97.346769496389953,95.257883531400751,95.769439697265625,201051200
2008-02-22,95.897312400115922,96.522563214352061,94.39813935525207,96.359138488769531,205491000
2008-02-25,96.302318524509744,97.801491911924799,95.762335960694159,97.574134826660156,190107000
2008-02-26,97.162004727621905,98.72512073409986,96.984377662306315,98.305923461914062,212420700
2008-02-27,97.737505774976796,98.860110026415555,97.630933882100678,98.206443786621094,168395800
2008-02-28,97.510148822977442,98.021715591946901,97.0198964325905,97.24725341796875,170831100
2008-02-29,96.344926952580906,96.401758074374783,94.341288402224279,95.080223083496094,252715200
2008-03-03,94.597098897970781,95.073138280122876,93.957645600512507,94.852882385253906,189483500
2008-03-04,93.95048540738992,94.781778604469537,93.06946227962699,94.490478515625,282513100
2008-03-05,94.796037866095276,95.755228628084922,94.028687424803323,95.087348937988281,270681400
2008-03-06,94.483391566499876,94.653917463005342,92.756861585554631,93.119216918945312,247911700
2008-03-07,92.202670574961601,93.602372875991037,91.357163913360409,92.160041809082031,326434600
2008-03-10,92.25238563694802,92.316328775450529,90.653742125414283,90.945053100585938,235683600
2008-03-11,92.877642765420887,94.298659318329413,91.620040080477978,94.213401794433594,341440600
2008-03-12,94.312894955581001,95.044717787102627,93.19029031074723,93.332389831542969,229161100
2008-03-13,92.088981829758566,94.24182112623933,91.371372344763756,93.538414001464844,351504200
2008-03-14,94.334190468903714,94.362606030778579,90.788750132342301,92.088981628417969,484687800
2008-03-17,89.92905920134514,91.840323349911031,89.573804956981647,91.158241271972656,405311100
2008-03-18,92.80661400569285,94.987880238920013,92.351889013047625,94.94525146484375,334416600
2008-03-19,95.30758083296945,95.669936155064292,92.394492530416215,92.59344482421875,345971600
2008-03-20,92.859068667057699,94.901183137126324,92.294982115738918,94.308540344238281,245320700
2008-03-24,95.186763635904057,96.971827873004244,95.136787502752327,96.19354248046875,208977300
2008-03-25,96.293528548299761,96.786208138165122,95.515242970625252,96.286392211914062,192947200
2008-03-26,96.007925439005575,96.457754338533306,95.043986134701171,95.108245849609375,196934300
2008-03-27,95.822280410799877,95.993650561240102,94.508475276272193,94.808364868164062,225153200
2008-03-28,94.958293414952166,95.222479469909473,93.58021797939972,93.901527404785156,180896100
2008-03-31,93.744452466369481,94.772651471038969,93.601649470203228,94.229995727539062,166692100
2008-04-01,95.400990467163197,97.707290820462191,95.329583526929909,97.543067932128906,254547300
2008-04-02,97.857251373706006,98.299943943440383,97.093238434149654,97.607337951660156,210910800
2008-04-03,97.078982034072524,98.135737488245454,96.900475529879742,97.850120544433594,175884800
2008-04-04,97.907226749601335,98.507016778751535,97.193200858148188,97.743003845214844,204446800
2008-04-07,98.442731563894057,98.942558329896727,97.635889834965496,97.792976379394531,154245500
2008-04-08,97.243176307801789,97.764412095777956,97.07180619202083,97.693016052246094,148937300
2008-04-09,97.543061363118269,97.678728003323428,96.314936160965459,96.986122131347656,195610600
2008-04-10,96.693398588947034,97.585931079498351,96.322102022229515,97.121818542480469,192967800
2008-04-11,96.029378217553287,96.479207271070251,94.972611699840115,95.236808776855469,222973300
2008-04-14,95.101081810836988,95.350984261075524,94.644105812652597,94.915428161621094,160522000
2008-04-15,95.379561184594053,95.458104453059036,94.487028995295759,95.136795043945312,172389200
2008-04-16,96.065038070107605,97.757286831489154,96.050765396886277,97.714447021484375,189268900
2008-04-17,97.121770345712648,98.000018829935371,96.864720680188128,97.857215881347656,179665700
2008-04-18,99.206744926053176,99.649437429043147,98.721201723755783,98.878288269042969,218530600
2008-04-21,98.699782577963575,99.235301924136309,98.42846018461762,98.928276062011719,118587400
2008-04-22,98.671212722917588,98.756892320026935,97.750113473322173,98.492706298828125,162166000
2008-04-23,98.59982602902609,99.092505603843279,97.907220089814928,98.335639953613281,193309000
2008-04-24,98.592660382935094,99.77794554459831,97.85006762580079,98.764030456542969,229381300
2008-04-25,99.535202771240094,99.885079372793768,98.471311188749681,99.678016662597656,190788100
2008-04-28,99.877946477618636,100.14213257442634,99.520933527264177,99.699440002441406,105610200
2008-04-29,99.528055543695473,99.77082170016584,98.971116292889803,99.306709289550781,125514100
2008-04-30,99.456667765808191,100.3849036610287,98.721221923828125,98.721221923828125,208395900
2008-05-01,98.806859729235484,100.76328277587892,98.728316482425058,100.76328277587891,187279500
2008-05-02,101.63445193276017,101.65587183982025,100.36348660306201,101.04180908203125,181585500
2008-05-05,100.71335335112641,101.11320610386775,100.25637722011197,100.55626678466797,118504500
2008-05-06,99.977881605297483,101.53445240224995,99.742251816781575,101.42735290527344,179339800
2008-05-07,101.31309446637775,101.42019395097336,99.342387683654678,99.620857238769531,199267300
2008-05-08,99.777974489114754,100.19211078242874,99.23530787951799,99.363838195800781,178321200
2008-05-09,98.963970248245644,99.528045779431196,98.856859851956358,99.178169250488281,152588200
2008-05-12,99.428100034795591,100.36347215904118,99.056803540571053,100.29207611083984,147865900
2008-05-13,100.53488244891383,100.59914218651726,99.770869251270184,100.30638885498047,159132200
2008-05-14,100.72766061768732,101.534502649591,100.29210428915565,100.51345062255859,181910800
2008-05-15,100.70620856624241,101.84151803235333,100.55626922790648,101.77011108398438,166927000
2008-05-16,102.00571800852769,102.0128543436921,101.11318583040996,101.8629150390625,204236800
2008-05-19,101.97001021686884,103.03391245031571,101.60586102590432,102.14138031005859,165664400
2008-05-20,101.58448186443944,101.63445801884849,100.67766579563202,101.31314849853516,178552100
2008-05-21,101.25601414706865,101.47736043942407,99.249603051626437,99.599479675292969,252724800
2008-05-22,99.556638515258214,100.08502166990381,99.249612569366462,99.613761901855469,170820400
2008-05-23,99.28528233645504,99.720838478094393,98.192823814750597,98.27850341796875,181376400
2008-05-27,98.392780797186276,99.249609781735273,98.199990734731969,99.006843566894531,168322900
2008-05-28,99.370964057977389,99.963606748262308,98.535555223287119,99.463790893554688,181288100
2008-05-29,99.342416436697491,100.62765420450098,99.306712966443087,99.963615417480469,173927200
2008-05-30,100.29920347298959,100.49199348670638,99.920770676355588,100.21352386474609,117362000
2008-06-02,99.842218842944348,99.863638743168622,98.535550453424435,99.178169250488281,181069900
2008-06-03,99.463799035252535,99.69228163246359,97.98576035623617,98.599822998046875,271965700
2008-06-04,98.321379798237871,99.363862570957693,98.150020528050518,98.549873352050781,246637700
2008-06-05,98.949676440882953,100.59907395843197,98.764033693098995,100.52053070068359,237867100
2008-06-06,99.642306364895347,99.820812821695526,97.264599052896585,97.3145751953125,384276300
2008-06-09,97.721594458855648,98.178570642767852,96.686258983838968,97.550224304199219,228263900
2008-06-10,96.871899578585925,97.892962355204915,96.643416939486542,97.064689636230469,260234900
2008-06-11,97.086106593237972,97.293169319104351,95.629487594449259,95.636634826660156,283890100
2008-06-12,96.107888618249518,97.014693648990075,95.336739353912321,96.000778198242188,252791800
2008-06-13,96.514857438662574,97.478796540439305,95.979338136601754,97.214599609375,244726900
2008-06-16,96.786211399742612,97.77155971750831,96.721951684595595,97.271743774414062,185832500
2008-06-17,97.871522412109982,97.907214986257884,96.657669826345057,96.800483703613281,191707700
2008-06-18,96.172136656950386,96.764779377826684,95.472394424240022,95.857963562011719,265893000
2008-06-19,95.786564825421038,96.564861293674227,95.322452374176564,95.979354858398438,304204900
2008-06-20,95.325600944850024,95.505000228899945,94.163097088098766,94.421432495117188,289275700
2008-06-23,94.78743264875277,94.887895841160031,94.23489056534622,94.328170776367188,165096400
2008-06-24,94.041107882778704,95.03856747465143,93.42397390113824,94.141571044921875,267300600
2008-06-25,94.521943816135348,95.727502363357374,94.17750008116748,94.586524963378906,287853900
2008-06-26,93.696687891698986,94.306639047567344,91.909866612273859,92.017501831054688,297775000
2008-06-27,92.053388142627952,92.46959592393118,91.163568952295776,91.515190124511719,303423400
2008-06-30,91.77353289262426,92.505485321243071,91.350153046034663,91.838119506835938,258842600
2008-07-01,90.790415585366304,92.189733722375649,90.367035770853249,92.125152587890625,388622000
2008-07-02,92.41934872670474,92.684867165656001,90.381375082658138,90.546424865722656,288064600
2008-07-03,91.213781801195296,91.213781801195296,89.692473745053874,90.639701843261719,239352500
2008-07-07,90.984139222215404,91.378814352103774,88.924633523204236,89.7139892578125,372427300
2008-07-08,89.692474141456017,91.414708548036046,89.125571686070003,91.30706787109375,375973700
2008-07-09,91.493645635749758,91.66586743575813,89.261917841471558,89.548957824707031,336729400
2008-07-10,89.290635862622551,90.266568668007224,88.680679227965413,89.914947509765625,436475700
2008-07-11,88.960554964464066,90.345518234121187,87.898508350883048,88.867263793945312,481124600
2008-07-14,89.88627425172632,90.058496137681232,87.833944738410693,88.063575744628906,322720800
2008-07-15,87.40333996654725,88.616075495241716,86.126012368982444,86.82208251953125,502502500
2008-07-16,87.152168313126737,89.391073305635018,86.901010415288837,88.953338623046875,371642900
2008-07-17,89.800138961779808,90.603850027555637,89.046659495437851,89.843193054199219,375490600
2008-07-18,90.539255727287255,90.718655063582034,89.807308844131214,90.402915954589844,267030100
2008-07-21,90.783211382273933,90.991315199923235,89.835983421667919,90.453117370605469,222863000
2008-07-22,89.807291026733381,91.708924709148334,89.592009675957286,91.479293823242188,296904200
2008-07-23,91.77352277979044,92.677691480450221,91.529542313691735,91.974449157714844,311698400
2008-07-24,92.096392805094666,92.14662984899725,89.814439688818865,90.065597534179688,248634500
2008-07-25,90.338309901672886,90.768867121138072,89.821639048381812,90.044097900390625,219131000
2008-07-28,90.065633205973711,90.460308412191694,88.565852092814154,88.723724365234375,205201300
2008-07-29,88.967716431328455,90.68994558633679,88.723730500308065,90.618186950683594,261505600
2008-07-30,91.213786055381689,92.283009890030485,90.618179029342301,92.232772827148438,354710000
2008-07-31,91.421885720813322,92.261478618045643,90.86933280277303,91.012855529785156,277402100
2008-08-01,91.220966695029759,91.335779411016816,90.029752602022057,90.532073974609375,248690900
2008-08-04,90.445992098311919,90.517750755361291,89.527468148476942,89.692512512207031,188239600
2008-08-05,90.431590990946404,92.254288420150274,89.678117263705616,92.110771179199219,251577600
2008-08-06,91.86678559743747,92.785309027356959,91.479282498909285,92.519790649414062,209555400
2008-08-07,91.823736323837934,92.168185386021278,90.804749621911739,91.142021179199219,246312500
2008-08-08,90.833501773717387,93.237447064716378,90.689978974738736,92.835594177246094,260811700
2008-08-11,92.90730993361835,94.371203397048191,92.735082664529557,93.797134399414062,249425800
2008-08-12,93.488557616206165,93.789947111017739,92.376279822474842,92.821197509765625,213200800
2008-08-13,92.419328272700255,93.036462233925178,91.615623002142414,92.261466979980469,256393200
2008-08-14,91.737666937649067,93.488606688188099,91.673085786933157,92.95758056640625,239555300
2008-08-15,93.237433006549196,93.646468815838475,92.785354051143742,93.409660339355469,181000800
2008-08-18,93.596225759659958,93.632107820411349,91.608488800110536,92.132331848144531,172275100
2008-08-19,91.436244969796775,91.629999303138518,90.797583822533483,91.127677917480469,194673700
2008-08-20,91.414687828473745,91.816540424822179,90.661208735489424,91.551033020019531,225498200
2008-08-21,90.955436531498236,92.16817743719767,90.847795866672143,91.708915710449219,180609800
2008-08-22,92.333249061889958,93.036491394042969,91.708942875669081,93.036491394042969,167715300
2008-08-25,92.426535881771599,93.036487026553232,90.955459203730726,91.149208068847656,171936900
2008-08-26,91.149198051604344,91.759160079017505,90.833458992230618,91.414710998535156,159117200
2008-08-27,91.529528592156652,92.44805216773068,91.350129285213839,92.304534912109375,171032800
2008-08-28,92.770964636515416,93.531615912440714,92.648974427137233,93.423980712890625,167537100
2008-08-29,93.093908241532915,93.388125805366528,92.218438531865871,92.419364929199219,189195800
2008-09-02,93.309151758713426,93.797123489541846,91.507981471526492,91.845252990722656,252364900
2008-09-03,91.766319274902344,92.211231467709283,91.084604189392792,91.766319274902344,251947000
2008-09-04,91.113323477016706,91.299900294495856,88.953354227050596,89.003585815429688,340042500
2008-09-05,88.472571915660836,89.663780588655328,87.546870740198457,89.283454895019531,289503400
2008-09-08,91.881151783718309,92.024680000810349,89.283453109403823,91.127677917480469,364075300
2008-09-09,91.206639561668766,91.393216441362938,88.120973650475491,88.42236328125,377326800
2008-09-10,88.903110501869506,89.627885156537275,87.941532948503692,88.781120300292969,298916600
2008-09-11,87.632944235856982,90.230641771918044,87.259790744323411,90.065597534179688,375369400
2008-09-12,89.190185211004462,90.567970962324935,88.860091050261047,90.481857299804688,297851200
2008-09-15,87.281331553113063,90.16607490321401,86.032714157085707,86.176231384277344,483607000
2008-09-16,84.102416228187394,87.776517024219558,83.958898932765791,87.618644714355469,581744300
2008-09-17,85.853342741612082,87.439232158411073,83.241288940433407,83.679023742675781,624095600
2008-09-18,84.712381818236551,87.396194769059818,81.662592632126533,86.16192626953125,776114700
2008-09-19,91.445845927325578,92.384124393304248,89.013548676457788,89.583732604980469,501087800
2008-09-22,89.821908320207143,90.038435819375977,86.869949420242023,87.555610656738281,249966500
2008-09-23,87.223599595052278,88.068046869388681,85.368699908075797,85.563575744628906,327470400
2008-09-24,86.140940659017176,86.610079691986215,85.01501138510794,85.837806701660156,311818400
2008-09-25,86.177056930672805,87.988653197220273,85.484176740566085,87.180290222167969,328253000
2008-09-26,85.765675282463818,87.69274919001208,85.534715175639946,87.223609924316406,285917400
2008-09-29,85.989415518969054,86.133763519414131,80.092711045763437,80.388626098632812,459562300
2008-09-30,81.925964683674351,84.300526341168307,79.775144093570191,83.715904235839844,328154400
2008-10-01,83.196196624659592,84.221086752596833,82.243485968345951,83.766380310058594,332783000
2008-10-02,82.965302489218757,83.080785330268895,80.157690617855465,80.727874755859375,365337800
2008-10-03,81.45682384513205,83.326156419242835,79.161655288643388,79.638008117675781,461798000
2008-10-06,77.33559592013529,77.674819662259907,72.636996876950562,75.581741333007812,610637500
2008-10-07,77.111860896951171,77.465522790649771,71.922475846429421,72.196739196777344,540012100
2008-10-08,70.385158491940331,73.748520957292826,69.872715918007017,70.377944946289062,725414800
2008-10-09,71.929683069905266,72.622563135690086,65.138005804901155,65.462791442871094,534485200
2008-10-10,62.619101728448818,67.801272757146194,60.323933935649222,63.874946594238281,871026300
2008-10-13,67.750730325687584,73.149421691894531,64.921463808721128,73.149421691894531,455584000
2008-10-14,75.567340611039285,76.166395366562355,70.089252213525242,72.066848754882812,546268300
2008-10-15,70.341819206680313,70.587217296368351,64.748251548432464,64.971992492675781,484627500
2008-10-16,65.888664325539978,68.400355288916174,62.460346301576827,67.678604125976562,708811200
2008-10-17,66.393884438462877,71.157440761551058,66.148491699125714,67.274421691894531,476649000
2008-10-20,68.818942957573739,71.525508665185612,67.909535337989979,71.316200256347656,321294200
2008-10-21,69.988170746415548,71.193493171113957,68.7251069404508,69.187026977539062,356502000
2008-10-22,67.267151452422524,69.187010626908105,63.174827009781055,65.419471740722656,516168000
2008-10-23,65.166885348341097,66.725864331501043,61.933439095587012,66.177337646484375,634666400
2008-10-24,60.67039219217834,64.899853833889836,60.627088890772477,62.821212768554688,545812600
2008-10-27,62.048932022824637,64.603931127737951,60.410554230647392,60.590991973876953,397288600
2008-10-28,63.037726118066487,68.017808836639915,61.009607685295016,67.671371459960938,639939500
2008-10-29,67.678553809324995,70.132507040195648,66.473231584896865,67.180549621582031,531270100
2008-10-30,69.129309809916393,69.677842111036341,67.050668914942051,69.504623413085938,414582100
2008-10-31,68.624104304759172,71.143014410085684,68.191054693086414,69.887168884277344,411394000
2008-11-03,69.851069476413471,70.507865610196745,69.252014751286183,70.089248657226562,205419400
2008-11-04,71.496670317566043,72.795824647607475,69.800556141390771,72.471038818359375,346793400
2008-11-05,71.597706393391547,72.687552088242029,68.566353998186528,69.425239562988281,387844100
2008-11-06,68.176579345165749,68.883897546204082,65.000874750042115,65.578277587890625,477721900
2008-11-07,66.148476571736481,67.844590226084009,65.318461866602163,67.743545532226562,380391000
2008-11-10,68.717915817647366,68.948875930052097,65.621603197065525,66.855796813964844,301773000
2008-11-11,65.506117603644441,66.502131929860695,63.983222662346549,64.791580200195312,418498200
2008-11-12,63.68007686280648,64.199732824393337,61.435431386489618,61.940654754638672,454330600
2008-11-13,62.164371001411567,66.206178363890032,59.248498207175324,65.801994323730469,753141900
2008-11-14,64.531736374979403,66.444371432791229,62.445871668167456,62.518051147460938,540352300
2008-11-17,62.344824340250433,63.918241108129514,61.464293099629728,61.688034057617188,415254900
2008-11-18,61.457076547586126,62.951100357551979,59.84035643351455,62.850055694580078,523811800
2008-11-19,62.005632771207651,62.698513089623475,58.404091216718065,58.822708129882812,558327600
2008-11-20,57.83389472626336,59.551665306053309,54.16740452360321,54.456100463867188,814180400
2008-11-21,55.906818410210001,58.389643017690922,53.654953847156015,57.393623352050781,718536500
2008-11-24,59.125822766110701,62.785099012213571,57.999893307777967,61.370468139648438,523305300
2008-11-25,63.008885989105252,63.160453090007977,60.497189229727908,61.825214385986328,454112400
2008-11-26,60.843611759409789,64.372973723784199,60.80030295479127,64.214187622070312,370134200
2008-11-28,63.968759040006752,65.05138503045616,63.860500846178248,65.022514343261719,118308100
2008-12-01,63.160426137931161,63.189296836239244,59.082532236169627,59.262969970703125,369927100
2008-12-02,60.244545295582988,61.702479613067531,59.212441343289143,61.543693542480469,469508400
2008-12-03,60.193997356679674,63.391352533910663,60.006340670652733,63.023258209228516,519863500
2008-12-04,62.113880107699401,63.550168349886469,60.439418255709484,61.565353393554688,444173800
2008-12-05,60.374465160852132,63.817214603661164,59.35679372723763,63.463558197021484,471905300
2008-12-08,65.202985851071091,66.675358623080086,63.571832476860514,65.679344177246094,412859300
2008-12-09,65.224643219234395,66.494921080109293,64.221409717969493,64.596717834472656,370790000
2008-12-10,65.188546716644296,65.939168378472004,64.235835666348137,65.036979675292969,396187400
2008-12-11,64.625587589723409,65.679343427893627,63.059389183393087,63.470787048339844,365061000
2008-12-12,61.745802644769583,64.286363840326018,61.493185379764164,64.228622436523438,415060400
2008-12-15,64.250273875978721,64.344105033481569,62.279896659745717,63.333652496337891,256694200
2008-12-16,66.314430236816406,66.415474860625352,63.643955739261798,66.314430236816406,377699500
2008-12-17,65.563855393948757,66.711442298280303,65.000890519059766,65.672119140625,281819800
2008-12-18,65.968031828051906,66.162902143652815,63.665644748477654,64.445137023925781,374673300
2008-12-19,64.830029722232467,65.935999686869266,64.095142296500839,64.16790771484375,301451300
2008-12-22,64.45170798653534,64.517190235007703,62.20338975149464,63.345737457275391,243759500
2008-12-23,63.687690335893556,63.978735390952856,62.428928383254444,62.690868377685547,221625200
2008-12-24,62.901869287694112,63.207469643505149,62.574447075809729,63.054672241210938,62061600
2008-12-26,63.476699763802273,63.520360142017211,62.938269876427626,63.418495178222656,74767700
2008-12-29,63.476706092116693,63.542193890355819,62.283425924795665,63.236598968505859,127795900
2008-12-30,63.673125996736779,64.793645593763102,63.214728335867882,64.735435485839844,168256300
2008-12-31,64.81549832048357,66.190680737944717,64.662700890901618,65.659523010253906,193987200
2009-01-02,65.805021619300476,67.987850672028571,65.37572901896219,67.638595581054688,227566300
2009-01-05,67.398526258051319,68.147969376269558,66.860096300899045,67.558601379394531,240349700
2009-01-06,68.133358735744508,68.722720702793453,67.434854224481214,68.009666442871094,328260900
2009-01-07,66.940088510065976,67.129268575414599,65.630388905684924,65.972366333007812,280899200
2009-01-08,65.601320491634638,66.277992464801798,65.244787593519561,66.241615295410156,263834400
2009-01-09,66.328919316210076,66.445334010358081,62.108779792304809,64.822761535644531,330953600
2009-01-12,64.640860668778473,64.691798690808625,62.872773945948055,63.265678405761719,277858500
2009-01-13,63.105624578888282,63.942371728555656,62.719986574083443,63.382114410400391,356432300
2009-01-14,62.239733554153084,62.392530922919789,60.508024490242356,61.388431549072266,435491600
2009-01-15,61.20654462899212,62.0287417885705,59.460279820301004,61.410274505615234,532647300
2009-01-16,62.472573879488813,62.567161149003759,60.427992248548705,61.890483856201172,399237200
2009-01-20,61.286578351415429,61.890490290676652,58.245169043540713,58.623523712158203,419855200
2009-01-21,59.620374241513154,61.293874165230172,58.55078649068934,61.155632019042969,364360700
2009-01-22,59.969600407780206,61.148330322004298,59.060088127082658,60.209712982177734,427940300
2009-01-23,58.863647077699831,61.111959197283596,58.62353445777628,60.471664428710938,386800600
2009-01-26,60.820902914818241,62.108775420267335,60.253368136643019,60.886390686035156,317978800
2009-01-27,61.213818669809136,61.955983873841845,60.609906673896717,61.504863739013672,273789700
2009-01-28,62.865502190966474,63.993294307861063,62.62538956982285,63.585834503173828,330007000
2009-01-29,62.654498086610566,63.658597896864308,61.461218120376095,61.519428253173828,294392500
2009-01-30,61.832314947616545,62.13790988800001,59.816831659605192,60.267951965332031,383383600
2009-02-02,59.351149008830859,60.522601583144741,59.16196884960857,60.086036682128906,288233300
2009-02-03,60.464402729634664,61.381193078661745,59.824107792105799,60.930072784423828,278385800
2009-02-04,61.337534711565382,62.116077309984384,60.420744415363004,60.631752014160156,322989300
2009-02-05,60.173356000469148,62.057869138524225,56.55713828915497,61.533988952636719,417679400
2009-02-06,61.744971249691829,63.549440537871156,61.61400125690281,63.287506103515625,366101700
2009-02-09,63.273001470871613,63.840536710399249,62.807331246068067,63.374866485595703,240075200
2009-02-10,62.770909023621805,63.323894149475699,59.991439188863836,60.471664428710938,536212800
2009-02-11,60.719073903620249,61.155644500076761,59.95508646227281,60.828216552734375,324442500
2009-02-12,59.787713767194809,60.988271405541767,58.972794100902675,60.871856689453125,469302200
2009-02-13,60.791803859647217,61.293850870345779,60.202436119193926,60.216991424560547,293998400
2009-02-17,58.325186315146105,60.362489798555117,57.604848837553078,57.641231536865234,478910100
2009-02-18,58.056021836920792,58.16516448339371,56.957328817884445,57.503036499023438,362964800
2009-02-19,58.092358383187658,58.317921175112744,56.768108891973142,56.884529113769531,316867500
2009-02-20,55.829514942250086,57.000961876366972,55.131004492208959,56.331562042236328,477176600
2009-02-23,56.950030375610694,56.950030375610694,54.272425442040245,54.316085815429688,379641400
2009-02-24,54.781738861337999,56.717177913860674,54.35244622128036,56.375205993652344,426260900
2009-02-25,56.1278258216824,57.059165581920745,55.029133346140519,55.931373596191406,461985800
2009-02-26,56.622632977317565,57.968710913831913,54.956404734370786,55.021892547607422,363353900
2009-02-27,53.850427397464294,55.072812640678585,53.704902040400235,53.792217254638672,470510900
2009-03-02,52.766264666460671,53.784919581898237,51.201907906606678,51.369255065917969,426452600
2009-03-03,52.104143373569748,52.169625597457227,50.670751037656473,50.983623504638672,443761000
2009-03-04,51.82766228834447,53.020942233789206,50.983632031153768,52.19146728515625,462753100
2009-03-05,51.005456096727265,52.191463861312833,49.601168679108348,50.059566497802734,485549400
2009-03-06,50.49614019592633,51.260127442136493,48.822634806890967,50.146884918212891,490470000
2009-03-09,49.441093933964275,50.932696553521026,49.281024407823708,49.557514190673828,379905300
2009-03-10,50.576168566835619,52.657133442752368,50.474303619166129,52.511608123779297,406227900
2009-03-11,53.115535806374702,53.66124336602924,52.264233345607479,52.853595733642578,356648300
2009-03-12,52.839047588468901,55.116465208546217,52.366099912078056,54.934562683105469,409702700
2009-03-13,55.305641240351385,56.011423874310019,54.374301268159257,55.363845825195312,337474700
2009-03-16,55.996895906176846,56.731783966991863,55.160142833117384,55.196525573730469,360644900
2009-03-17,55.349272133965343,57.015499087679615,54.898152101336898,56.884529113769531,356814300
2009-03-18,56.615324808559741,58.863642296757192,56.076895034372903,58.157859802246094,473273200
2009-03-19,58.885461013205671,58.936393476877541,57.255616624483622,57.437519073486328,428520400
2009-03-20,57.716741260886948,57.826665067680608,56.082554830312461,56.214462280273438,371078200
2009-03-23,57.702076405235744,60.303582029934304,57.38696450357611,60.252285003662109,419933300
2009-03-24,59.534131388376998,60.354889542287466,58.999177391589093,59.065128326416016,330271000
2009-03-25,59.526784526942855,60.604021854895578,57.936565860911415,59.687999725341797,441775100
2009-03-26,60.27426763183265,61.04372860394075,59.592746813694639,60.904491424560547,422025200
2009-03-27,60.127712823936875,60.479462296072541,59.585423535379057,59.805271148681641,322332300
2009-03-30,58.478863681679705,58.530160704923297,57.130475999202687,57.738716125488281,324108500
2009-03-31,58.302968313587165,59.416854231803043,57.929235351236827,58.273654937744141,364238300
2009-04-01,57.548182060046365,59.666025096009292,57.401620733574916,59.402210235595703,377018300
2009-04-02,60.882495788959723,62.003705974138562,59.453497921002977,61.138980865478516,476230700
2009-04-03,61.182957682465577,61.761884426034143,60.582047299045428,61.747230529785156,284646300
2009-04-06,61.07306129857902,61.761912141481169,60.303605603702003,61.263595581054688,264866600
2009-04-07,60.274276751632797,60.567405051595117,59.731993030824754,59.834587097167969,258947800
2009-04-08,60.135009804283406,60.779892863388554,59.753947116502253,60.479434967041016,230402800
2009-04-09,62.047716803646267,62.890458867477641,61.798561294682862,62.883129119873047,269653500
2009-04-13,62.230914190827519,63.418081572895581,61.981758710555681,62.897781372070312,224847500
2009-04-14,62.311495333306077,62.846454776113227,61.615320674281371,61.813179016113281,276598800
2009-04-15,61.439422748205892,62.597275857477037,61.270877837044353,62.472698211669922,250726100
2009-04-16,62.971027032536789,63.865065547325401,62.120955791932694,63.38873291015625,335202900
2009-04-17,63.63055825125862,64.231468504019503,63.124912280792813,63.813762664794922,262649000
2009-04-20,62.685226658005853,63.791782949221627,61.073024365256344,61.138980865478516,293690100
2009-04-21,60.691959371065671,62.38476640427065,60.640662357664162,62.333469390869141,114090900
2009-04-22,61.76923003935466,63.271503588390239,61.608009184414001,61.952434539794922,340395200
2009-04-23,62.077013996343105,62.597314121246292,61.285569190451859,62.560676574707031,324903700
2009-04-24,63.044310312715517,63.982316140762897,62.795154960683575,63.505989074707031,287703000
2009-04-27,62.787811906282379,63.762460651681927,62.685217890025008,62.905059814453125,289581600
2009-04-28,62.267521037732621,63.454682136842017,62.113629991216783,62.707210540771484,247926300
2009-04-29,63.403401016482597,64.751788833590183,63.242185778017685,64.04095458984375,311505700
2009-04-30,64.891014893218227,65.235434544062244,63.696518366043854,64.06292724609375,301419800
2009-05-01,64.077590487219965,64.641857735542672,63.549960774475743,64.407356262207031,236110300
2009-05-04,64.891011551245256,66.642445460406122,64.766428289318085,66.598472595214844,287120000
2009-05-05,66.371315002441406,66.635129885860025,65.836355491354553,66.371315002441406,243036300
2009-05-06,67.184762565595847,67.565825511527692,66.400647434675989,67.521858215332031,291941000
2009-05-07,68.159383508103303,68.261977550365245,66.158788502083368,66.583824157714844,317728000
2009-05-08,67.441194885402766,68.313249515735308,67.008835236015202,68.137374877929688,299081700
2009-05-11,67.19937725233649,67.499835176893214,66.715720503552916,66.862281799316406,247923600
2009-05-12,67.148100867085688,67.294667798828428,65.84368592483753,66.664443969726562,282431300
2009-05-13,65.763067422996585,65.960931358778041,64.854374921763863,64.986282348632812,269619100
2009-05-14,65.015583284163725,66.041529119954532,64.85436250541666,65.543212890625,260098700
2009-05-15,65.491940410478804,65.953613693589375,64.597901641412562,65.008277893066406,271502700
2009-05-18,65.62380871035279,66.935547102300177,64.905645107457744,66.854942321777344,241447400
2009-05-19,66.818312667262362,67.397239274023221,66.547168127603257,66.774345397949219,206102200
2009-05-20,67.382616231437879,68.005516035336868,66.254081375075799,66.327362060546875,285722200
2009-05-21,65.557891678250229,65.807052683007328,64.678512394188218,65.374687194824219,258988400
2009-05-22,65.557892428253808,65.953614787896043,64.986295327978524,65.235450744628906,166811900
2009-05-26,64.751786589589045,67.096801506391117,64.722473204259444,66.906272888183594,236318500
2009-05-27,67.008859707774363,67.236031430859924,65.609175061903599,65.711769104003906,246015800
2009-05-28,66.290681663143161,66.935559160171394,65.294049246219217,66.627777099609375,289095000
2009-05-29,66.994234364825132,68.665058863087012,66.451950495783379,67.807662963867188,258641500
2009-06-01,68.643043970914903,69.742270702729954,68.467169259292248,69.449142456054688,276246800
2009-06-02,69.178016138728083,69.888850450335497,69.053438428084419,69.507781982421875,230874500
2009-06-03,68.91417062090926,68.980121523974674,67.976164948724545,68.628372192382812,235310500
2009-06-04,68.884907438405534,69.375894266615106,68.37193695982225,69.273300170898438,210102300
2009-06-05,69.976747539541506,70.108654924546329,68.738289659670201,69.28790283203125,284257900
2009-06-08,68.76764434180005,69.690996666561574,68.181393246029984,69.002151489257812,238565100
2009-06-09,69.390517331901378,69.72028309630322,68.899525170496119,69.353874206542969,225125500
2009-06-10,69.969453685924819,69.976777839240526,68.291300068766617,69.178009033203125,296100400
2009-06-11,69.30991933428669,70.431129843079518,69.295259845137124,69.485794067382812,275414200
2009-06-12,69.178014147219884,69.720297853377744,68.884885855176634,69.67633056640625,184361800
2009-06-15,68.855543130391354,68.899510398630227,67.712349428542893,68.078758239746094,224190500
2009-06-16,68.320609291609173,68.364576572651089,67.111458744348695,67.155426025390625,227319000
2009-06-17,67.126099810486636,67.661059188388364,66.561832644796482,67.089462280273438,223445200
2009-06-18,67.192067048473959,67.910225374122405,66.869625421718041,67.580459594726562,211725100
2009-06-19,68.227516994268441,68.315948283264092,67.446338332061671,67.829559326171875,215655600
2009-06-22,67.166304103188494,67.203154226108666,65.773454919404259,65.795562744140625,251913600
2009-06-23,65.935543797851793,66.237693244629256,65.478628432988813,65.84710693359375,188309800
2009-06-24,66.44408315828224,67.122082629887856,66.031383183033682,66.414604187011719,211577700
2009-06-25,66.082976688739166,67.925370411225742,66.009282064347587,67.859046936035156,279411000
2009-06-26,67.630572634916675,67.976943484410029,67.262093964823862,67.682159423828125,167579000
2009-06-29,67.881161482377181,68.40440067666735,67.505311551463947,68.315963745117188,168481300
2009-06-30,68.330689705761472,68.581252518095781,67.262098122909933,67.763229370117188,228888200
2009-07-01,68.050616560441242,68.706513558394022,67.954814160645967,68.043251037597656,173041100
2009-07-02,67.158894539949443,68.065354193430764,66.14926697088913,66.186111450195312,212309900
2009-07-06,65.544995761116141,66.274582044038013,65.338648579888869,66.178779602050781,174499600
2009-07-07,66.112442220930546,66.193507978040714,64.852245845679334,64.896461486816406,197088900
2009-07-08,65.287020576731521,65.44178650083434,64.115261598066851,64.852218627929688,248050500
2009-07-09,65.301779147515418,65.515497414165907,64.785911347005481,64.977516174316406,163777600
2009-07-10,64.631151068943183,65.213347993604245,64.37321714600165,64.822761535644531,173520300
2009-07-13,65.080672315810503,66.451412816048673,64.550062364423368,66.399826049804688,217413500
2009-07-14,66.606193162084637,66.834653729244195,66.127175455301327,66.77569580078125,181487400
2009-07-15,67.660053773636491,68.912884665663483,66.827293976627175,68.728645324707031,220877900
2009-07-16,68.537029644265857,69.649836753660836,68.404377103923821,68.618095397949219,231174500
2009-07-17,69.318194713344923,69.509805165959293,68.934979430653584,69.369781494140625,138561700
2009-07-20,69.775099150795285,70.224643436094567,69.413991742493678,70.106727600097656,164179400
2009-07-21,70.652119779432581,70.674227605524138,69.583527997175977,70.4310302734375,217718300
2009-07-22,69.981452112080532,70.843690650630151,69.929865335138345,70.416259765625,196068100
2009-07-23,70.460495200317368,72.280780819448381,70.40153726080203,71.971260070800781,258795500
2009-07-24,71.632245644848666,72.324987289947941,71.256401478817992,72.266029357910156,154003100
2009-07-27,72.133365559655459,72.516586435529533,71.735408014341758,72.479736328125,159259400
2009-07-28,71.971250045988242,72.49448903559346,71.529071183752578,72.1407470703125,186685200
2009-07-29,71.809122085893023,72.288139839364447,71.470122397996263,71.963882446289062,194399300
2009-07-30,72.833499681643858,73.570457066367467,72.663997009240418,72.715583801269531,225575400
2009-07-31,72.700845847755488,73.305150667689858,72.501864208761106,72.818756103515625,207358000
2009-08-03,73.585211644746423,74.086343013194266,73.187253885460777,74.02001953125,175776900
2009-08-04,73.688369800684868,74.314782474244367,73.533609419396441,74.21160888671875,176714600
2009-08-05,74.263178461487797,74.329507536682826,73.38620317085946,73.997879028320312,184726400
2009-08-06,74.336875073706693,74.447414156101587,73.268283756078958,73.614654541015625,193203800
2009-08-07,74.388450441699561,75.191730970743308,73.983121793305486,74.580055236816406,220640900
2009-08-10,74.24104609063366,74.594787922095236,73.894675403430938,74.425285339355469,130898700
2009-08-11,74.093683458214784,74.145270241417961,73.297768269476208,73.496749877929688,157301000
2009-08-12,73.371432392191721,74.845346297201829,73.334587918087678,74.285263061523438,219052400
2009-08-13,74.624282509694979,74.882216387433161,73.887325360421968,74.852737426757812,176449500
2009-08-14,74.81590692469625,74.874864861496008,73.47464478646269,74.277931213378906,199616100
2009-08-17,72.848244572578707,72.921939194855966,72.302897620679857,72.450286865234375,237667500
2009-08-18,72.612398807229326,73.283032620766008,72.479746273921947,73.025093078613281,173461500
2009-08-19,72.45025644159908,73.916805235011438,72.376561850267976,73.666236877441406,192812800
2009-08-20,73.762022919449791,74.594787922095236,73.59989710350456,74.425285339355469,174131300
2009-08-21,75.036996526252324,76.002408847488027,74.889607306496984,75.884498596191406,224605000
2009-08-24,76.193997504873153,76.60669169999953,75.604429549661148,75.877105712890625,191279000
2009-08-25,76.179265948793272,76.835157391154041,75.862374135543021,76.024505615234375,215310600
2009-08-26,75.788678376511825,76.378246405964987,75.5307444720776,76.031875610351562,194620700
2009-08-27,75.987674815591234,76.437219260769453,75.125436042723564,76.201393127441406,196230100
2009-08-28,76.813063726119054,76.90149500585126,75.663406486757097,76.1866455078125,147024400
2009-08-31,75.442351136752464,75.597111557228388,75.014914381605479,75.508674621582031,176051600
2009-09-01,75.132776467166835,76.083451830874409,73.688341180285008,73.843101501464844,321276800
2009-09-02,73.533608492666119,74.020003075618817,73.378848113328104,73.563087463378906,171805000
2009-09-03,73.990519572368228,74.263190195315232,73.39358029144482,74.174758911132812,143572300
2009-09-04,74.322156985764522,75.23598264057344,74.10107312643639,75.213874816894531,142687900
2009-09-08,75.906604250997148,75.943454366153674,75.457059834270709,75.862388610839844,132909100
2009-09-09,75.995020524640438,76.702498687799761,75.759194470254002,76.444564819335938,154612500
2009-09-10,76.496160096446673,77.277332934212382,76.068723568314127,77.225746154785156,162902400
2009-09-11,77.373137654024688,77.601598217618587,76.849898697791787,77.211006164550781,152360100
2009-09-14,76.555134407839603,77.719528475409192,76.017158642374682,77.586875915527344,149593800
2009-09-15,77.712174006882464,78.198568705027384,77.203677103641965,77.911155700683594,196795900
2009-09-16,78.191174491116982,79.10500003992945,77.91850386731933,79.090263366699219,206406300
2009-09-17,78.979693709056164,79.635585100272493,78.537520558719052,78.972328186035156,229170900
2009-09-18,79.341091059491973,79.348497316049603,78.756121076446306,79.022689819335938,153799100
2009-09-21,78.40808637321868,79.230005574582648,78.237782048218222,78.822746276855469,151892000
2009-09-22,79.28927423897899,79.504010527059009,78.933847295079744,79.281867980957031,143126700
2009-09-23,79.466981106871955,79.992712415035626,78.482157861614112,78.622848510742188,225947400
2009-09-24,78.793171422714394,78.963475831724864,77.415901035588476,77.756515502929688,228636800
2009-09-25,77.586167714133268,78.01564013122595,77.075243436925845,77.341812133789062,204059000
2009-09-28,77.638035947902779,78.896834406948386,77.623229079845359,78.726524353027344,118285800
2009-09-29,78.86721069962698,79.244845132258362,78.326666831370574,78.489570617675781,133733900
2009-09-30,78.756129673185114,78.830175298888463,77.467717708125747,78.185966491699219,254383000
2009-10-01,76.2681542837379,78.289633091715899,76.231128648144477,76.245941162109375,281840600
2009-10-02,75.542520316690371,76.342226873728933,75.520307187214996,75.890541076660156,224748800
2009-10-05,76.194102306552224,77.245564737605008,75.97195981015814,77.023422241210938,149875000
2009-10-06,77.578759096774576,78.570988249180658,77.534332865089212,78.126708984375,202491100
2009-10-07,77.949008674127882,78.422913055905667,77.800917438728789,78.341461181640625,159200300
2009-10-08,78.896827412555481,79.355913722798078,78.378496687374962,78.941253662109375,183305800
2009-10-09,78.963477254481731,79.422569274902344,78.756147196653188,79.422569274902344,135008300
2009-10-12,79.792759248702012,80.037109168566062,79.437332452682185,79.7335205078125,118031000
2009-10-13,79.518792813683234,79.755742153265984,79.052300390250352,79.570625305175781,157692700
2009-10-14,80.503632839165078,81.021957863788927,79.54102276564187,80.940505981445312,191421600
2009-10-15,80.5480592875886,81.2366943359375,80.511039299632941,81.2366943359375,173873600
2009-10-16,80.562877229161856,80.910892256119851,80.140810922666091,80.6295166015625,192069400
2009-10-19,80.76281417974711,81.547708156965626,80.511057866043217,81.295951843261719,159530400
2009-10-20,81.414430171227593,81.444049560353363,80.474038576098266,80.866485595703125,180921100
2009-10-21,80.740585033268331,81.680976367554038,80.081569343648738,80.14080810546875,225379300
2009-10-22,80.111144373270221,81.214438867093264,79.600220221740216,80.955276489257812,238444000
2009-10-23,81.221869435953494,81.273701927037678,79.696502778171279,80.029716491699219,240033200
2009-10-26,80.1186047560319,80.940524374220544,78.94126379714136,79.163406372070312,242028200
2009-10-27,79.252245681843661,79.518814467628928,78.608042490628776,78.800559997558594,253266300
2009-10-28,78.600621879477785,78.844977496711962,77.267778193944437,77.312210083007812,248821400
2009-10-29,77.889788949466279,79.126368490355645,77.704672048758795,78.970870971679688,198110600
2009-10-30,78.711731975233675,78.948681453014004,76.593993545994053,76.682846069335938,325608100
2009-11-02,77.104853846236836,78.052656685645417,76.327366611857016,77.24554443359375,254222900
2009-11-03,76.816108589124681,77.60100810042475,76.66801732625575,77.489936828613281,228362600
2009-11-04,78.126728622399654,78.733911755097012,77.4899261113611,77.689849853515625,247996700
2009-11-05,78.237797421764142,79.141163010865313,78.074893670663059,79.118949890136719,180015300
2009-11-06,78.682098300144389,79.526231014572787,78.526600763204442,79.326301574707031,170954100
2009-11-09,79.933504287158115,81.177490534425743,79.874271151057002,81.133064270019531,159495700
2009-11-10,80.940519990886216,81.399611984527766,80.688763692299602,81.147850036621094,171899800
2009-11-11,81.68094894636485,82.058588864540454,81.170030332816253,81.562477111816406,169466200
2009-11-12,81.451439319617265,81.873505642846126,80.525854781894338,80.733184814453125,157144500
2009-11-13,80.940518017611552,81.51808188788381,80.525857936250929,81.170066833496094,150963000
2009-11-16,81.732814991052692,82.702831428191615,81.688388741021171,82.347404479980469,210922200
2009-11-17,82.132669496969783,82.480690192610126,81.821674443158329,82.44366455078125,147134100
2009-11-18,82.384452721697201,82.510330897531688,81.873528108894433,82.391853332519531,156486800
2009-11-19,81.82908552161453,82.421456280532496,80.807236499869845,81.318161010742188,208734600
2009-11-20,80.896096386101604,81.273736495663329,80.718385719557361,81.029380798339844,134196000
2009-11-23,81.984563387854436,82.739837760297632,81.895705253141628,82.058609008789062,148010200
2009-11-24,82.191885015900468,82.339976242688337,81.45882383945964,82.184478759765625,138420100
2009-11-25,82.317761492326724,82.562117096070708,82.058599025924636,82.473258972167969,109564800
2009-11-27,80.266718218169274,81.688415172383259,80.185266300543532,81.133064270019531,126001800
2009-11-30,81.066406105506388,81.599538102918672,80.059369583749529,81.407020568847656,160874800
2009-12-01,82.132658330539812,82.680608378647392,81.991973339220522,82.414039611816406,159613700
2009-12-02,82.399250176911025,82.93979411919895,82.132681335415697,82.377037048339844,132315100
2009-12-03,82.59918548318845,83.065678164186636,81.666194471871094,81.732833862304688,167324900
2009-12-04,82.813909493453423,83.21376275176145,81.481070948413873,82.199325561523438,274907800
2009-12-07,82.125255813609868,82.584342063010169,81.814255159990353,82.073417663574219,127973800
2009-12-08,81.481060003438415,82.021598218478289,80.910896755480465,81.16265869140625,169863700
2009-12-09,81.140430439599712,81.584709812111029,80.725764795846274,81.466232299804688,155063400
2009-12-10,81.96974972840421,82.280750370892861,81.784632853995603,81.925323486328125,138014600
2009-12-11,82.273345947265625,82.458462825798875,81.90311219019911,82.273345947265625,124854000
2009-12-14,82.83612060546875,82.932379369195644,82.288170459983306,82.83612060546875,107141500
2009-12-15,82.532494039573976,82.873108358695561,82.191879720452405,82.451042175292969,120408800
2009-12-16,82.7842704641496,83.028620450698241,82.391817935641811,82.576934814453125,155358200
2009-12-17,81.984585294737272,82.140082835045689,81.510686414943891,81.584732055664062,183390100
2009-12-18,82.038826147722759,82.113276089349199,81.353929850731248,82.046272277832031,174591200
2009-12-21,82.455750132393931,83.155533229631985,82.455750132393931,82.880088806152344,118039600
2009-12-22,83.058733448361679,83.356516187519063,82.954510341616597,83.177848815917969,91707500
2009-12-23,83.378854002893647,83.460744403168036,83.006626976095006,83.341629028320312,111783100
2009-12-24,83.520283228754266,83.825506368337429,83.378835172999985,83.736175537109375,39677500
2009-12-28,84.048857904489296,84.11585603835168,83.617073220487455,83.91485595703125,87508500
2009-12-29,84.130738259354175,84.14562483852491,83.788290141101257,83.795730590820312,80572500
2009-12-30,83.550096863006928,83.862766261991652,83.505425749055703,83.765983581542969,73138400
2009-12-31,83.952063952230603,83.974402340245376,82.92471961311935,82.961944580078125,90637900
2010-01-04,83.654305188084663,84.413645834024919,83.014074238882543,84.368980407714844,118944600
2010-01-05,84.316848483621172,84.629517751733715,84.011619664940554,84.592292785644531,111579900
2010-01-06,84.510437871504934,84.860332252550876,84.443439720105374,84.651885986328125,116074400
2010-01-07,84.4955411571718,85.113439429210658,84.257316070085437,85.00921630859375,131091100
2010-01-08,84.785847273108018,85.329301074684324,84.614626070780332,85.292076110839844,126402800
2010-01-11,85.671759215350633,85.708978503831915,85.046414963698268,85.411201477050781,106375700
2010-01-12,84.845410540642604,85.024077883472316,84.287070124533855,84.614631652832031,163333500
2010-01-13,84.830526714313919,85.567540226243352,84.398747732867989,85.329315185546875,161822000
2010-01-14,85.232550370112833,85.716446682706405,85.180438809047942,85.560111999511719,115718800
2010-01-15,85.411196763179348,85.493081465212015,84.272177547646749,84.599739074707031,212283100
2010-01-19,84.58485817630762,85.708979529240452,84.562519787272336,85.656867980957031,139172700
2010-01-20,85.076202389922514,85.202758207052327,84.108415595729909,84.785865783691406,216490200
2010-01-21,84.808198745847562,85.068756511218879,83.051286842581945,83.155509948730469,344859600
2010-01-22,82.783288452750909,83.185294323089707,81.212489945953152,81.301826477050781,345942400
2010-01-25,82.046311725501241,82.195206000608991,81.450751664277718,81.71875,186937500
2010-01-26,81.398606822650493,82.239843572645285,81.175274005278879,81.376274108886719,211168800
2010-01-27,81.272069939295562,81.94952603998648,80.646731089182637,81.763412475585938,271863600
2010-01-28,82.031403803265718,82.076069234313621,80.334049266633343,80.825386047363281,316104000
2010-01-29,81.175257163214269,81.741043740021922,79.820351238563916,79.946907043457031,310677600
2010-02-01,80.512697246928056,81.197593529858736,80.028801034956146,81.190147399902344,187865000
2010-02-02,81.339066503563316,82.329186261050637,81.056170275937163,82.1728515625,216327900
2010-02-03,81.800631780624897,82.247308878974408,81.52518734034264,81.763412475585938,172730700
2010-02-04,81.130598887778632,81.167818179694919,79.224792798040653,79.23968505859375,356715700
2010-02-05,79.329022950477508,79.567248022891746,77.855007089831247,79.403472900390625,493585800
2010-02-08,79.463007763086409,79.902238517919926,78.770665408309767,78.830223083496094,224166900
2010-02-09,79.753354463335995,80.512700719112175,79.11312357306717,79.820358276367188,337820500
2010-02-10,79.693772665692819,80.103218802147381,78.99398435429589,79.663993835449219,240511500
2010-02-11,79.55980239699818,80.587146890014438,79.098238864332885,80.497810363769531,223591600
2010-02-12,79.649137622043398,80.47548207610177,79.291802856886832,80.430816650390625,304622100
2010-02-16,81.041240433324361,81.778248098733044,80.267007806339464,81.696357727050781,159317500
2010-02-17,82.090951804193665,82.19518060443302,81.696392036604536,82.083511352539062,168845100
2010-02-18,81.949499871651696,82.738619315211011,81.919721029288439,82.567398071289062,193708600
2010-02-19,82.351526144296628,83.058755366658815,82.157966460806037,82.738639831542969,222684900
2010-02-22,83.043869096135921,83.066201813597331,82.507861158122822,82.753532409667969,132346900
2010-02-23,82.530176029810548,82.783287679288421,81.532604654275474,81.748497009277344,207497000
2010-02-24,81.994152587475867,82.634383399726232,81.785706402972508,82.500381469726562,176350700
2010-02-25,81.324155801735628,82.448282965678828,81.100823002896661,82.388725280761719,259634700
2010-02-26,82.463143862181127,82.723707232602223,81.971807313985607,82.440811157226562,173589300
2010-03-01,82.783283837699102,83.37884931901398,82.760951126103137,83.296958923339844,147709700
2010-03-02,83.654286699189356,83.929731006869105,83.378836711777097,83.527725219726562,160992400
2010-03-03,83.743661080114265,84.101001636641286,83.393766656776563,83.602218627929688,150785000
2010-03-04,83.713845204561295,83.974408633334392,83.401175905713117,83.855293273925781,135770400
2010-03-05,84.398768808003382,85.120884560625313,84.197763007381297,85.053886413574219,176118800
2010-03-08,85.061315652921607,85.254869603565055,84.919867575369381,85.068756103515625,114631200
2010-03-09,84.815630174489414,85.604749464182461,84.770964759520325,85.210189819335938,154556700
2010-03-10,85.247448917841126,85.820676131815162,85.173004636507869,85.589897155761719,186088800
2010-03-11,85.388886877659729,85.969565873018865,85.128329066768373,85.947227478027344,160791100
2010-03-12,86.31946236477846,86.334354629455248,85.716456279268982,85.954681396484375,162074800
2010-03-15,85.805760894781216,86.03653979377188,85.314418578530848,85.976982116699219,146816800
2010-03-16,86.215203613151516,86.743765196118403,85.976978594353312,86.661880493164062,168673000
2010-03-17,86.922463584896889,87.458471453538664,86.669346233712005,87.175575256347656,177468100
2010-03-18,87.183009075190256,87.302118762659092,86.781003230483009,87.130897521972656,196509100
2010-03-19,86.689857482910156,87.676583224199263,86.353470207827328,86.689857482910156,226641100
2010-03-22,86.196511086797287,87.310319756731928,86.144184926024252,87.153335571289062,184477800
2010-03-23,87.280437758319522,87.841077764495296,86.996376505190426,87.766326904296875,182941600
2010-03-24,87.437406459887427,87.781264940698435,86.398354221336419,87.340225219726562,196072600
2010-03-25,87.930739629969295,88.334400949461511,87.093521221946347,87.198173522949219,223396300
2010-03-26,87.362647837187225,87.773780337116889,86.802007943818126,87.145866394042969,205808500
2010-03-29,87.586891278086497,87.855998855210814,87.228084977336266,87.699020385742188,134513500
2010-03-30,87.803676573264681,88.080260957270553,87.392544097882734,87.758827209472656,145772500
2010-03-31,87.422430081886006,87.848516099566879,87.168276111360512,87.459808349609375,161078700
2010-04-01,88.057792663574219,88.394174131664187,87.534525631620042,88.057792663574219,161215200
2010-04-05,88.394199777966378,88.835233639782643,88.147516921464543,88.775436401367188,105847600
2010-04-06,88.521269377912986,89.141712012662339,88.424093883350125,88.984733581542969,110384200
2010-04-07,88.805366268986447,89.223975587363228,88.065317462839189,88.476455688476562,184576300
2010-04-08,88.169962429025887,88.932435855962822,87.908331626890188,88.782928466796875,158704000
2010-04-09,88.969807016781161,89.403369883809873,88.805357445988861,89.365997314453125,133006500
2010-04-12,89.478109390686086,89.739745858657926,89.373457084746519,89.508010864257812,110279000
2010-04-13,89.418331260952513,89.732288245883439,88.954866876203894,89.575309753417969,125043600
2010-04-14,89.904188879955242,90.591911315917969,89.762164019706788,90.591911315917969,161609000
2010-04-15,90.442413545218514,90.875976371794451,90.412512070648816,90.666671752929688,144615300
2010-04-16,90.345225089376015,90.666658766054965,88.767958176267911,89.223945617675781,366786700
2010-04-19,88.962343650383559,89.650060580005572,88.558682225659993,89.560356140136719,217947800
2010-04-20,90.120977628210099,90.434940251985935,89.605192888029862,90.360183715820312,157708000
2010-04-21,90.412523112126493,90.621833459676054,89.69490474418518,90.195747375488281,192910100
2010-04-22,89.560315263288174,90.576942305299283,89.044530653046607,90.464813232421875,115360300
2010-04-23,90.405050796932244,91.092767677348888,90.173315769632481,91.055389404296875,177335500
2010-04-26,91.085277195849272,91.287110715005127,90.62181861713546,90.711517333984375,143457300
2010-04-27,90.188271188342625,90.7040560075489,88.394222404829137,88.566154479980469,355853300
2010-04-28,88.992222065717712,89.463157420944796,88.409151912374085,89.238899230957031,300674100
2010-04-29,89.777105960393783,90.532102379682883,89.754681284108727,90.345222473144531,193775000
2010-04-30,90.360178339903015,90.457359549887386,88.790388126909434,88.812812805175781,270000900
2010-05-03,89.238909416419986,90.210687413119203,89.104355627694304,89.964004516601562,182747900
2010-05-04,88.962342355819047,88.977290244017595,87.400022843801835,87.848533630371094,360353400
2010-05-05,87.130884392331836,88.057812820040681,86.689850557522377,87.325241088867188,328973200
2010-05-06,86.906654135583594,87.459817194468897,78.489579533497732,84.424888610839844,647356600
2010-05-07,84.200573296699986,85.045268050580049,81.786089157154848,83.168998718261719,637558800
2010-05-10,86.570272667681095,87.198192312122998,85.897509360018631,86.8319091796875,396159600
2010-05-11,86.017103688534647,87.728924725470094,85.897503485421012,86.585220336914062,317849800
2010-05-12,86.929068449639601,87.923271040573297,86.779561084580308,87.796188354492188,235607100
2010-05-13,87.556975420001223,87.968113512828921,86.630052641679754,86.704803466796875,234452500
2010-05-14,86.05446141515948,86.211439852275674,84.37254225632887,85.135009765625,345601400
2010-05-17,85.366781121739933,85.605987291942057,83.550307306318388,85.179901123046875,325739800
2010-05-18,85.875078646387692,86.129238361993259,83.744648206288147,84.021232604980469,360556800
2010-05-19,83.550279623937229,84.297799371036717,82.496279746150918,83.542808532714844,394742700
2010-05-20,81.763724278211356,82.144961022544365,80.335964240610011,80.388290405273438,530418300
2010-05-21,79.169806240908741,81.763694549680281,78.758668165807791,81.561866760253906,500909400
2010-05-24,81.120847191693755,81.771191478875821,80.440607130889958,80.515357971191406,269823000
2010-05-25,78.571816974617974,80.634973491012275,78.026124939428371,80.59759521484375,396505200
2010-05-26,81.090941413990308,81.830984336986589,79.872480625214735,80.111686706542969,349719300
2010-05-27,81.621682321033987,82.825189559943553,81.315196489814142,82.7952880859375,300870500
2010-05-28,82.705588461212528,82.765391412693489,81.367527363223687,81.756240844726562,297933500
2010-06-01,80.993771998371997,82.189802579227603,80.261205762714553,80.380805969238281,277909400
2010-06-02,80.791927180581823,82.481317525987436,80.365841197448916,82.473846435546875,240243700
2010-06-03,82.713047071151109,83.019527149644347,81.913201306093313,82.757896423339844,226618300
2010-06-04,81.188105032379468,81.726320062315821,79.580936735520112,79.850044250488281,398475600
2010-06-07,80.134108200688729,80.440594009993504,78.796052979113227,78.855850219726562,264609100
2010-06-08,78.915655913741475,79.857532349478717,78.227939146178386,79.700553894042969,357774300
2010-06-09,80.164019759386463,80.941441016406827,78.938087774156756,79.27447509765625,268023300
2010-06-10,80.627487996361879,81.688964768785581,79.267002156222375,81.591789245605469,317890600
2010-06-11,80.874173112279763,82.040302234762891,80.821846951735623,81.98797607421875,214128200
2010-06-14,82.615853327050658,83.06436959332845,81.778635129990747,81.860862731933594,207196100
2010-06-15,82.436463811359971,83.796949308637906,82.294433256785851,83.722198486328125,238268700
2010-06-16,83.288645188506649,84.03616490271645,83.124189938880846,83.692306518554688,216374000
2010-06-17,83.931495544193069,83.968873803557472,83.01204967629414,83.82684326171875,263185800
2010-06-18,83.992846336313875,84.218165740763354,83.647351998619726,83.917739868164062,174006600
2010-06-21,84.961722749130644,85.021804476658659,83.211714220413413,83.677383422851562,213140700
2010-06-22,83.677408710419542,84.04543447261436,82.175256193412167,82.295425415039062,239355400
2010-06-23,82.347984919796104,82.64090414668668,81.476739604757881,82.040046691894531,254639900
2010-06-24,81.634480718043477,81.73963093626115,80.470310220302935,80.680610656738281,268523600
2010-06-25,80.920956880009285,81.431688980107339,80.192411970872342,81.018600463867188,238726500
2010-06-28,81.1387521706054,81.356564932616934,80.470294883512338,80.763214111328125,169218600
2010-06-29,79.62910722622118,80.748215044930774,77.773953568816751,78.269660949707031,373649500
2010-06-30,78.051835938434706,78.772868389960465,77.270716016717657,77.526084899902344,284101700
2010-07-01,77.473522329091693,77.728885523330433,75.956344977736066,77.18060302734375,382924800
2010-07-02,77.443484378239418,77.676316217480405,76.324382199950222,76.760002136230469,233385200
2010-07-06,77.841555662126893,78.389843941526109,76.519659627201506,77.263229370117188,256935300
2010-07-07,77.458491311807734,79.794338899049379,77.375872466194153,79.696701049804688,253769400
2010-07-08,80.365161349300678,80.575461789261425,79.546490960845276,80.485336303710938,210842100
2010-07-09,80.462794622575117,81.093701636806912,80.312581668368779,81.086189270019531,144999900
2010-07-12,80.81580042273805,81.296488746882787,80.477818414599554,81.138763427734375,131283600
2010-07-13,81.979948588388112,82.68595614940314,81.814710947430783,82.362998962402344,213025900
2010-07-14,82.10015321940844,82.678485212461084,81.762171157162513,82.355522155761719,184426800
2010-07-15,82.325453770567535,82.663435731639709,81.243902326726939,82.378028869628906,232337900
2010-07-16,81.934888774883945,82.025019969530106,79.952048334715414,80.109779357910156,282693400
2010-07-19,80.402743423528108,80.838363448318475,79.779348539260027,80.583000183105469,186709000
2010-07-20,79.516451231103758,81.536842614234772,79.478895123392832,81.476760864257812,258162400
2010-07-21,81.897337798774387,81.919869164704309,80.087241665659349,80.417716979980469,264527000
2010-07-22,81.371591676547723,82.57331816478947,81.364085040432229,82.212799072265625,274781300
2010-07-23,82.047574557488588,83.046507425751187,81.814742734907639,82.926338195800781,222020800
2010-07-26,83.069037024994685,83.872688430893064,82.83620520738387,83.790069580078125,184445700
2010-07-27,84.248225887262308,84.338357104755133,83.452086855309673,83.782562255859375,204855600
2010-07-28,83.609793578196928,83.865162439124106,82.963867655579804,83.241767883300781,163056200
2010-07-29,83.760048297965724,83.985373538829904,82.175282163520919,82.836227416992188,220149100
2010-07-30,81.994984348768853,83.264304913545629,81.852283772616602,82.8211669921875,220070600
2010-08-02,84.113020968616524,84.82654678773693,83.775038974998196,84.691352844238281,188263200
2010-08-03,84.481070946552592,84.698878046913947,84.007889175454466,84.285789489746094,146657300
2010-08-04,84.518599970943058,84.95422552211248,84.240705457124534,84.849075317382812,158171700
2010-08-05,84.308289521498025,84.804002482124886,84.180607963853788,84.758934020996094,140473800
2010-08-06,83.925236310585106,84.54863080800051,83.309354178149121,84.413436889648438,239728300
2010-08-09,84.811530115488509,85.006811548047608,84.360885504415862,84.864105224609375,120800400
2010-08-10,84.143038866739147,84.856564466762975,83.647331712961318,84.405914306640625,242916300
2010-08-11,83.106611066916827,83.136654812811159,81.957465005186819,82.092658996582031,273406900
2010-08-12,80.853364937968124,81.882335802836778,80.815808830820131,81.58941650390625,239542600
2010-08-13,81.334071568096022,81.837291427388479,81.25145269803204,81.349090576171875,158698500
2010-08-16,80.793278946651611,81.574399001605158,80.500359642326217,81.3115234375,147895300
2010-08-17,82.009998957081848,82.911287960410277,81.777161475855024,82.3104248046875,172270300
2010-08-18,82.272893777778833,82.903795082356069,81.799717799345899,82.460662841796875,182922100
2010-08-19,82.03256071667785,82.235348811972656,80.688133348569821,81.026115417480469,265847600
2010-08-20,80.785745478043793,81.071158070458381,80.177375655696551,80.763214111328125,209714200
2010-08-23,81.146265148278061,81.54433457727329,80.417720390944424,80.455276489257812,163490300
2010-08-24,79.576505559819438,79.906980856973078,78.840454236484263,79.261054992675781,280677800
2010-08-25,78.825438371316366,79.869433744455208,78.329731100093355,79.569007873535156,272234800
2010-08-26,79.944552860540028,80.049703070512578,78.772870087585389,79.035751342773438,224439500
2010-08-27,79.531449754818453,80.342613338317676,78.344748111949897,80.259994506835938,272649000
2010-08-30,80.049710529492145,80.297567074775415,79.088333817158826,79.095840454101562,167238600
2010-08-31,78.802921166133046,79.599065911868053,78.479958139621957,79.095840454101562,273933100
2010-09-01,80.162342197632,81.574362982969205,80.109767108025167,81.461700439453125,256828100
2010-09-02,81.65700686563612,82.235333028839079,81.484256815182022,82.220314025878906,156112200
2010-09-03,83.023982023444447,83.36196409538249,82.580843988634072,83.286857604980469,212197300
2010-09-07,82.896287756441666,83.001437972997067,82.280405460792736,82.347999572753906,141973700
2010-09-08,82.513243932907969,83.256807875857518,82.475687825278627,82.926338195800781,149924400
2010-09-09,83.857644744368599,83.880176109730556,83.084037305577922,83.309356689453125,147017900
2010-09-10,83.459615382359132,83.827641230429421,83.27184627391901,83.730003356933594,127819000
2010-09-13,84.556180941101189,84.834075536654495,84.218193129126604,84.661331176757812,178503500
2010-09-14,84.496056317595745,85.089407089589969,84.180605749271379,84.608718872070312,209823600
2010-09-15,84.360882119563698,85.029339507389665,84.105518951296204,84.93170166015625,168608400
2010-09-16,84.66879745696005,84.961716629737225,84.38338491817359,84.909141540527344,199962900
2010-09-17,85.356170240077617,85.439231375495481,84.706786323683332,84.940864562988281,195836900
2010-09-20,85.235351213928311,86.428405911531229,84.963515820526794,86.239631652832031,214555200
2010-09-21,86.307602219953509,86.715349590877835,85.711074810064829,86.065971374511719,268389100
2010-09-22,85.930052769233811,86.41331445508591,85.401481339691131,85.643112182617188,191322400
2010-09-23,84.940857451337706,85.831872115911295,84.70677923163089,84.948410034179688,202354300
2010-09-24,85.892287494085423,86.760650234124356,85.816778942980562,86.700241088867188,209671800
2010-09-27,86.730475915649038,86.828636490233364,86.201910112602405,86.284965515136719,128761800
2010-09-28,86.398216065569173,86.866378380878302,85.461897195885072,86.586990356445312,209207500
2010-09-29,86.368020003386249,86.768226378687714,86.096184536847574,86.435981750488281,179665800
2010-09-30,86.873954208504216,87.432724645933789,85.771506985208219,86.17926025390625,287106700
2010-10-01,86.828621862041402,86.926788181022644,86.028220706291648,86.54168701171875,174638700
2010-10-04,86.360458117221469,86.722901502104762,85.461890717269853,85.892295837402344,166153200
2010-10-05,86.685148805644531,87.832893855171122,86.586982496302355,87.621467590332031,229634100
2010-10-06,87.606377163253327,87.840461219513216,87.259033132439043,87.613929748535156,148626600
2010-10-07,87.968826625579808,87.991478620557885,86.979651105306274,87.508216857910156,164860000
2010-10-08,87.62903504065612,88.240661947836813,87.296790419009994,87.999031066894531,177760100
2010-10-11,88.134910690506871,88.32368491465175,87.780014227365371,88.082054138183594,103098300
2010-10-12,87.795143938672425,88.610650251126856,87.326987388175127,88.353919982910156,182210000
2010-10-13,88.844717437404512,89.51675331902706,88.633285434289064,89.041038513183594,194347200
2010-10-14,88.957985524676445,89.10900839787044,88.134932469270012,88.693702697753906,217764300
2010-10-15,89.312927395516823,89.365783987722324,88.165181781510441,88.874969482421875,243705000
2010-10-18,88.905135950831763,89.607376523841054,88.580443949097685,89.312889099121094,141204800
2010-10-19,88.489838204657573,88.988199335589826,87.606370147342957,88.142494201660156,280604700
2010-10-20,88.301055375671424,89.433701008459693,88.248198809911983,89.0032958984375,200051800
2010-10-21,89.403502561910088,89.924515671271507,88.504935121472272,89.199623107910156,221585500
2010-10-22,89.335563847909143,89.501686183335678,89.101485517591087,89.365768432617188,108212400
2010-10-25,89.962295327480746,90.43045774545628,89.562094664810161,89.630050659179688,151145700
2010-10-26,89.17695648925087,89.735726668354417,89.003287401592416,89.645118713378906,158982900
2010-10-27,89.018424025293044,89.48658644515757,88.542714779980628,89.388420104980469,190024000
2010-10-28,89.901849195796984,89.939606351102228,88.973083088992126,89.403488159179688,168576000
2010-10-29,89.312903958841588,89.645148600340946,89.154334223835519,89.471473693847656,144305500
2010-11-01,89.909401027186604,90.422867226005408,88.988181750399932,89.50164794921875,174074800
2010-11-02,90.173699137428883,90.422882576422296,89.932068282902108,90.211456298828125,158345900
2010-11-03,90.370017013197582,90.626747250173295,89.441245087989202,90.573890686035156,226702800
2010-11-04,91.578170982746812,92.363472620469409,90.588995672593711,92.318168640136719,215039400
2010-11-05,92.378571515287405,92.816529192522424,92.2577589814249,92.665512084960938,180654100
2010-11-08,92.378608937802539,92.64289762449836,92.076574600325657,92.491874694824219,156107100
2010-11-09,92.741005776840396,92.839166304931624,91.457343285476753,91.827339172363281,186621600
2010-11-10,91.804724404044578,92.242682188646427,91.110036321463241,92.197372436523438,221387400
2010-11-11,91.404486417682904,91.985908523659489,91.125098477395099,91.849990844726562,158017600
2010-11-12,91.230865392309681,91.631066082710717,90.347402838676928,90.762702941894531,239068800
2010-11-15,91.049621252789166,91.404517856567011,90.596564087493064,90.634315490722656,163940800
2010-11-16,90.075517011991309,90.226534099555025,88.791848723969295,89.222259521484375,299566200
2010-11-17,89.260033169853315,89.637581743836762,88.995750320251716,89.267585754394531,172308900
2010-11-18,90.128417061943935,90.906166383986999,90.120864475641312,90.581474304199219,197723700
2010-11-19,90.536178067627247,90.868417001256674,90.045363612729176,90.830665588378906,156852900
2010-11-22,90.377555590769489,90.792855455799071,89.682862019984469,90.755104064941406,181361000
2010-11-23,89.682884515751994,89.871658800189493,89.093909670056462,89.441253662109375,222309000
2010-11-24,90.007605560477984,90.785360702523121,89.992506147661416,90.762702941894531,140046100
2010-11-26,89.977378952315945,90.468187489939922,89.705543518066406,89.705543518066406,76007800
2010-11-29,89.479027136979525,90.219025001700132,88.905151594600369,89.977394104003906,223642300
2010-11-30,89.086378234947901,89.98494006664896,88.958007321046352,89.471473693847656,233930700
2010-12-01,90.76268070793887,91.547982483550541,90.755133883847236,91.374313354492188,221037200
2010-12-02,91.517790718913005,92.612685263624016,91.464934138198345,92.544723510742188,191213600
2010-12-03,92.22756143941011,92.899597412883324,92.20490944764218,92.79388427734375,151288900
2010-12-06,92.597573416888778,92.907166053712444,92.499412848618604,92.69573974609375,103050500
2010-12-07,93.586754596087488,93.639611172917171,92.695739614576567,92.74859619140625,206581000
2010-12-08,92.861845599253016,93.163879836056296,92.431440474781184,93.088371276855469,138019200
2010-12-09,93.609382983955655,93.647134380207703,92.99020362827531,93.450813293457031,123705100
2010-12-10,93.737763170461989,94.085107180860973,93.428176323318368,93.994499206542969,117571700
2010-12-13,94.424918200955318,94.53817818544583,94.024711798993422,94.054916381835938,133812700
2010-12-14,94.198371497237645,94.560820671877735,93.851027492046896,94.137962341308594,147249600
2010-12-15,93.964278411205527,94.334274351327878,93.548972730809723,93.707542419433594,160823100
2010-12-16,93.767966605601501,94.319190073363671,93.443274592740877,94.251228332519531,185035200
2010-12-17,94.185184548759281,94.473628382681241,93.987825193322763,94.352180480957031,141075300
2010-12-20,94.610273705671503,94.807633087838397,94.109291632455964,94.579910278320312,119085500
2010-12-21,94.875967397965326,95.240322815372267,94.784882887038265,95.179595947265625,94965500
2010-12-22,95.247876590463775,95.505956988664749,95.194742050173545,95.475593566894531,78878100
2010-12-23,95.369337424912999,95.475606519910812,95.103664687418473,95.338973999023438,70053700
2010-12-27,94.982211489382578,95.468014723738548,94.913898124190965,95.376930236816406,58126000
2010-12-28,95.566691978901787,95.60464191592672,95.263063526547057,95.513557434082031,55309100
2010-12-29,95.62742669801149,95.794416858880837,95.566699844296352,95.581878662109375,58033100
2010-12-30,95.490833995739564,95.74132223712158,95.285882226786896,95.430107116699219,76616900
2010-12-31,95.285846752829286,95.54393299705086,95.134035402980203,95.452842712402344,91218900
2011-01-03,96.181511935017866,96.857082036321103,95.414851582858276,96.439598083496094,138725200
2011-01-04,96.652154949571425,96.682518372410314,95.786817667970553,96.386482238769531,137409700
2011-01-05,96.082825712385727,96.948162741010606,95.99173547049871,96.887435913085938,133975300
2011-01-06,96.925407989241549,97.031677060433282,96.409241447211627,96.697685241699219,122519000
2011-01-07,96.826757147109063,96.986160806112821,95.756473782017622,96.507949829101562,156034600
2011-01-10,96.082853801611336,96.523114745929178,95.794404180257217,96.386482238769531,122401700
2011-01-11,96.735665424616442,96.963382438510834,96.363717790162056,96.728073120117188,110287000
2011-01-12,97.320161590840385,97.707282292943475,96.750854517563823,97.60101318359375,107929200
2011-01-13,97.63894687206178,97.684489111147641,97.198685923462421,97.441581726074219,129048400
2011-01-14,97.304970923169222,98.170308354712489,97.236657553367692,98.147537231445312,117677900
2011-01-18,98.056452613110963,98.405629181445661,97.942596983471859,98.314544677734375,114401300
2011-01-19,98.231008557666314,98.329679537563621,97.092406373392961,97.350486755371094,151958400
2011-01-20,97.13037578659808,97.464361889603893,96.500347728371167,97.221466064453125,175745700
2011-01-21,97.828713923227284,98.048838606296144,97.335312640720005,97.441581726074219,151462900
2011-01-24,97.380864871536986,98.109575519064734,97.358093749657627,97.995719909667969,113715500
2011-01-25,97.737645440455708,98.132364261343909,97.244255601194126,98.048866271972656,167552200
2011-01-26,98.291756142167841,98.716832527483248,98.094390975797964,98.428382873535156,141281500
2011-01-27,98.45115125448541,98.838283480840417,98.276568797333383,98.671287536621094,123302700
2011-01-28,98.785147933560921,98.944557372578188,96.788800392741607,96.948204040527344,295637300
2011-01-31,97.213897416051836,97.752829504230036,96.970989963800108,97.676918029785156,149249200
2011-02-01,98.269009130631986,99.415198349572989,98.208282263192856,99.240615844726562,167194300
2011-02-02,98.98251732469005,99.316509282649591,98.929388558177337,99.05084228515625,118323600
2011-02-03,98.876216364271258,99.42274637719126,98.35246905247898,99.27093505859375,145886700
2011-02-04,99.308884921757681,99.589736423707777,98.853439410388432,99.551780700683594,134634800
2011-02-07,99.771919659924052,100.50061859899297,99.764321565636152,100.17422485351562,112439100
2011-02-08,100.26533094706856,100.68282083680502,99.992065890374093,100.62969207763672,99072800
2011-02-09,100.35639715993572,100.67520436747442,99.900951673474793,100.40193939208984,146436700
2011-02-10,99.893358088421067,100.55374357281102,99.665635361316561,100.43988800048828,162708500
2011-02-11,100.04521123901547,101.16862915833329,100.02244011502324,101.03958892822266,137710300
2011-02-14,100.97885564363685,101.36597630933174,100.86500003092162,101.28247833251953,101690700
2011-02-15,100.97123639902414,101.12304769425371,100.43989107449094,100.96363830566406,119575400
2011-02-16,101.30524408641448,101.72272231815698,101.10029243535789,101.60128021240234,130183500
2011-02-17,101.3052408522458,102.04152630520308,101.21414479776155,101.90489959716797,109810500
2011-02-18,101.99600082451843,102.23890823309877,101.76069151149545,102.11745452880859,130002400
2011-02-22,101.04716323666072,102.14022338611366,99.794705238515675,100.06797027587891,233116400
2011-02-23,100.00724157741541,100.25014897612272,98.838281572907761,99.453125,227584000
2011-02-24,99.346867250641765,99.771943664446226,98.451160593727849,99.384811401367188,260431400
2011-02-25,99.802289495731145,100.50822898565671,99.741562646304914,100.44750213623047,141686900
2011-02-28,100.81941065242856,101.19894462733011,100.48541890132195,101.06989288330078,141585500
2011-03-01,101.38876292209726,101.47984741578004,99.354453764294135,99.384811401367188,258565500
2011-03-02,99.248189785089608,100.06039850390795,98.944567068828349,99.597366333007812,200277400
2011-03-03,100.50061957460925,101.42668365478062,100.49303306270849,101.31282806396484,176480100
2011-03-04,101.23692876445773,101.43429392217189,99.893386301750681,100.55377197265625,277202300
2011-03-07,100.84976299018084,101.07748567968193,99.240542727298774,99.764289855957031,216790400
2011-03-08,99.923749647045142,100.95608298902847,99.491086742830049,100.63727569580078,174615000
2011-03-09,100.43993611532264,100.80428570375278,99.893405941445153,100.49306488037109,153806000
2011-03-10,99.437926415859181,99.574553121582298,98.534633475376367,98.633316040039062,301291800
2011-03-11,98.314510969862951,99.673237875054255,98.291739851742392,99.316474914550781,225621800
2011-03-14,98.671277525283202,99.043213523110637,97.965338090443126,98.716819763183594,234974100
2011-03-15,96.090465028625744,98.170316593802823,96.022151653090901,97.585830688476562,359585400
2011-03-16,97.274618732926328,97.593437679406904,95.096095954257407,95.779258728027344,468670300
2011-03-17,97.160705842827312,97.456741905143829,96.47754347162406,97.046844482421875,254303700
2011-03-18,98.223199519834992,98.253700663905605,97.209257502270148,97.399848937988281,230435400
2011-03-21,98.612055749943025,99.115208514933656,98.497693859840069,98.909378051757812,153992600
2011-03-22,98.894076953597803,99.023677723282077,98.47477350298567,98.566253662109375,129538600
2011-03-23,98.291784780212296,99.107521502464635,97.826752962164846,98.848320007324219,148603100
2011-03-24,99.412510585278056,99.938544927462303,98.855986724941118,99.793693542480469,159129800
2011-03-25,100.05289272531238,100.53317527356143,99.786060039679199,100.0986328125,155642800
2011-03-28,100.31209178952471,100.57129336559991,99.824178150474268,99.854667663574219,109762400
2011-03-29,99.770812114712555,100.55604798635441,99.443000392647008,100.52555847167969,129798800
2011-03-30,101.05160077861132,101.51664443559173,100.90674939864984,101.21932220458984,135835000
2011-03-31,101.0896776093426,101.36412967543977,100.97531579601656,101.08204650878906,132537100
2011-04-01,101.70720995202643,101.98166206697141,101.26503645390521,101.50898742675781,153850100
2011-04-04,101.72241994894348,101.90539185110802,101.30312824307416,101.59281921386719,100768900
2011-04-05,101.39462663666367,102.02739149205868,101.34888656107928,101.57759857177734,120791500
2011-04-06,102.06554093208324,102.15702110909453,101.48613545693345,101.89781951904297,120411600
2011-04-07,101.71484043777646,102.14176341109101,101.13544663581793,101.63861083984375,170731500
2011-04-08,102.08842755619524,102.14941822836785,100.86863737830546,101.28794097900391,147945400
2011-04-11,101.39463591270903,101.73769814375301,100.73900095954134,100.98296356201172,121385400
2011-04-12,100.4188171447945,100.61702805125253,99.862293406555239,100.22822570800781,161187400
2011-04-13,100.69326697278716,100.76949656608899,99.839421078028366,100.22060394287109,162059000
2011-04-14,99.64118667946147,100.44929239546572,99.313375038461302,100.29682159423828,161220400
2011-04-15,100.47985086654214,100.91439347961777,100.18252856303256,100.66281127929688,170006700
2011-04-18,99.557347277321185,100.65515589329154,98.733990815343418,99.534477233886719,210759300
2011-04-19,99.686913060315405,100.13671756638482,99.442962138423823,100.10621643066406,124258800
2011-04-20,101.30318006799716,101.69198247213052,101.23455829909602,101.47090148925781,156133800
2011-04-21,101.99687727986209,102.03499788222173,101.47085484528755,101.9892578125,135935400
2011-04-25,101.91305024226591,102.05028212949651,101.54711793094836,101.88256072998047,65757100
2011-04-26,102.19509617960247,102.96508113609006,102.08836547639851,102.75923919677734,146600000
2011-04-27,102.95747469354797,103.58260842488919,102.53817129478368,103.43013763427734,143031000
2011-04-28,103.24721012953323,103.90284528075902,103.23197118685823,103.765625,124791100
2011-04-29,103.8037520855767,104.11632492158657,103.66652016349228,104.00958251953125,115094100
2011-05-02,104.49746460948226,104.5813136630194,103.64360717625817,103.84944915771484,126278700
2011-05-03,103.65127416563217,103.82661506762437,102.94988729210216,103.47592163085938,138375000
2011-05-04,103.43017948120396,103.47591957361598,102.33237073219411,102.789794921875,182678500
2011-05-05,102.21802360517474,102.88127823085047,101.40991759394205,101.85971069335938,226900000
2011-05-06,102.87361824550007,103.39965238260861,101.91303012285799,102.30946350097656,222787200
2011-05-09,102.30184923258037,103.00322424011708,102.14174732641004,102.70590209960938,114104500
2011-05-10,103.04896507684377,103.76559065995245,102.91936431031215,103.58261871337891,114806900
2011-05-11,103.43015345625712,103.44540402748392,102.0197838863802,102.49244689941406,193564200
2011-05-12,102.21804166273455,103.1938692788117,101.69200722553397,102.98040771484375,171550700
2011-05-13,103.03375721801295,103.17860861499989,101.82159810551437,102.18753051757812,157444900
2011-05-16,101.82156898403211,102.62205535811353,101.37177597776538,101.53949737548828,141675400
2011-05-17,101.15834431811297,101.66150865961909,100.7237901233263,101.52427673339844,192686200
2011-05-18,101.57763434205705,102.53821116592206,101.35654172184053,102.43148040771484,135217900
2011-05-19,102.7668762958389,102.94221711145819,102.11124147137669,102.67538452148438,119489500
2011-05-20,102.40861508453266,102.67543617596532,101.66911921400146,101.85971069335938,182594900
2011-05-23,100.61704888244896,101.18120383993721,100.3197266448169,100.67803955078125,168700000
2011-05-24,100.967756036886,101.18883706094854,100.40360100273912,100.59419250488281,147199600
2011-05-25,100.19010785095733,101.34890707568418,100.15961833865488,100.92960357666016,151050100
2011-05-26,100.65514240218187,101.57761001725387,100.46455097725419,101.39463806152344,164850000
2011-05-27,101.6767165257569,102.05789940139702,101.36415540864343,101.783447265625,120921900
2011-05-31,102.74403238472566,102.85838259077556,102.0350262088828,102.84313201904297,164731200
2011-06-01,102.54581003762229,102.85838277843273,100.4493042825118,100.53316497802734,233094300
2011-06-02,100.60182044757099,100.81528199263927,99.839454462960902,100.42646789550781,200466800
2011-06-03,99.221930444383986,100.19013852349012,99.168570873324413,99.427772521972656,234690200
2011-06-06,99.176157751792672,99.381999761732402,98.246070604987267,98.37567138671875,179951200
2011-06-07,98.878832831320707,99.16091606164369,98.230828940638972,98.314689636230469,161660500
2011-06-08,98.162201418979478,98.490024712594249,97.720027925718384,97.902999877929688,198696400
2011-06-09,98.169825898509274,99.054161192599182,97.933494413331104,98.650108337402344,160964400
2011-06-10,98.230825494058024,98.291804513459695,97.018661001649917,97.277862548828125,238629400
2011-06-13,97.498962081589909,97.765794765754862,96.858577598928775,97.354110717773438,207599800
2011-06-14,98.246075563623222,98.932211753793325,98.207966580373864,98.589149475097656,160570400
2011-06-15,97.765763197551465,98.573868826562702,96.5764689737303,96.835670471191406,300958000
2011-06-16,96.866222307741225,97.559978161105661,96.30207309511357,97.0491943359375,308032800
2011-06-17,98.012973801815832,98.020636891896189,97.009325274616558,97.338768005371094,233284900
2011-06-20,97.009313787100609,98.043608706918519,96.978667275633299,97.836746215820312,159479000
2011-06-21,98.342440193042421,99.369072392257905,97.875090954525987,99.177536010742188,193157300
2011-06-22,98.871072177024573,99.45333850761412,98.518640127949467,98.579933166503906,176703000
2011-06-23,97.423050110688578,98.556942008889322,96.679888150870639,98.296455383300781,334286500
2011-06-24,98.273446193949837,98.350053698212875,97.009305469131846,97.154869079589844,226129300
2011-06-27,97.216190126985722,98.396048908758118,97.024653775432014,98.020645141601562,168904700
2011-06-28,98.411370795751495,99.315428414668531,98.273470240067056,99.300102233886719,165556300
2011-06-29,99.752121472414288,100.31140430032993,99.315424705273372,100.15052032470703,244295500
2011-06-30,100.47232079111114,101.2691069703948,100.14288383625379,101.10822296142578,223322700
2011-07-01,101.20014818418164,102.74010799773606,100.96264496867566,102.60219573974609,202385700
2011-07-05,102.49492276397528,102.72476870432098,102.19612654866091,102.51790618896484,165936000
2011-07-06,102.27272599289989,102.7707156920284,101.98158707869979,102.64047241210938,143331600
2011-07-07,103.55221759029797,103.96593097256981,103.33769780831238,103.7054443359375,170464200
2011-07-08,102.53322817935062,103.70542956771951,102.19612237267857,102.96992492675781,194100500
2011-07-11,101.70581551850167,102.03525247335902,100.87071972597928,101.10822296142578,195918600
2011-07-12,100.89369751916249,101.72879326503023,100.6408681144549,100.6715087890625,214675700
2011-07-13,101.20014994942665,102.06589805113514,100.76345312081965,101.00861358642578,204062600
2011-07-14,101.26144117803848,101.72879036302315,100.11988026640009,100.31141662597656,226111800
2011-07-15,100.87069333397322,101.03157730084824,100.18882448235865,100.8936767578125,220012800
2011-07-18,100.42634294434349,100.57956969008217,99.315434424673924,100.06625366210938,196872100
2011-07-19,100.62552627813346,101.81305389473692,100.60254285314018,101.69046783447266,166554900
2011-07-20,101.95095695123278,102.01223828539445,101.45295551018884,101.62916564941406,137145400
2011-07-21,102.20379488580859,103.29173167548997,101.64451199961286,103.03890228271484,245246300
2011-07-22,103.0618975196477,103.21512428391564,102.47961944879567,103.10786437988281,126019400
2011-07-25,102.12718514129952,103.03890004654905,102.01992525188494,102.53324127197266,136653800
2011-07-26,102.46427649205279,102.6328293930609,101.92030818599032,102.15015411376953,131278200
2011-07-27,101.58320786593336,101.61386022619781,99.928331125156717,100.05858612060547,249020100
2011-07-28,100.05856444429982,100.95495289541779,99.606529906702121,99.767425537109375,207939900
2011-07-29,98.763814485495487,100.02029257776299,98.043635879478984,99.085594177246094,307038400
2011-08-01,100.24247292395373,100.3344183320945,97.706533227128787,98.664215087890625,325790900
2011-08-02,97.921034539839724,98.449676697637585,96.143577575683594,96.143577575683594,346653800
2011-08-03,96.273836085203939,96.771825931000748,94.641942603010705,96.664566040039062,370830800
2011-08-04,95.323804108111418,95.477036686956822,91.983409877209283,92.136642456054688,520721800
2011-08-05,93.285819240511486,93.523322326160439,89.53170747472862,91.998695373535156,655619200
2011-08-08,89.570077614007133,92.029404088481385,85.823620557221716,86.007499694824219,702263900
2011-08-09,87.394208562996923,90.12934750166616,84.482853604341514,90.006767272949219,717828700
2011-08-10,88.305916853157086,89.087382557510111,85.769971707428738,86.030464172363281,662607400
2011-08-11,86.773626637459657,91.11000641186186,86.053448115912602,89.891838073730469,487979700
2011-08-12,90.711628263988004,91.332204247796881,89.853543200700329,90.497108459472656,313731600
2011-08-15,91.31687217045183,92.504394034278576,91.171302673861732,92.412460327148438,258810600
2011-08-16,91.53138783020826,92.466086112157839,90.64265639975612,91.623321533203125,294095200
2011-08-17,92.128974145105516,92.856809856394776,90.956772748183397,91.684608459472656,238201100
2011-08-18,89.255966681446637,91.715293473988822,86.873253283534027,87.731338500976562,512956300
2011-08-19,86.543788439012957,88.780931727112062,86.191362237070706,86.298622131347656,428281300
2011-08-22,88.23695967261645,88.282932368950981,86.122402688434846,86.367568969726562,275090600
2011-08-23,86.689357017260306,89.309572998417579,86.252654353734101,89.209976196289062,331136600
2011-08-24,89.018439160765652,90.589033781223819,88.811576621853746,90.466453552246094,246869700
2011-08-25,90.964446841231847,91.477762861610685,88.773270507275953,89.087387084960938,312365400
2011-08-26,88.635346131617638,90.795875509844549,87.22563582751016,90.382156372070312,314495900
2011-08-29,91.600344175626788,93.033038209535022,90.451126050257528,92.979408264160156,190977200
2011-08-30,92.573341239899207,93.799172593731569,91.370493310634785,93.224563598632812,241315700
2011-08-31,93.822163662022277,94.626618658789752,92.933438050048395,93.638290405273438,301828400
2011-09-01,93.69193380474735,94.542355776533299,92.535052464216022,92.657638549804688,254585900
2011-09-02,90.72697075163525,92.604031189851938,89.968488159005446,90.290267944335938,255517200
2011-09-06,87.639393188213134,89.761619736534996,87.631730095683182,89.631370544433594,285130500
2011-09-07,90.98740571125029,92.197910686510966,90.680946461792587,92.15960693359375,209803200
2011-09-08,91.607990877536267,92.657612015207974,90.995072315568564,91.201934814453125,250568200
2011-09-09,90.159963455809205,91.217241681630284,88.321213886587699,88.811546325683594,380195100
2011-09-12,87.700667107532126,89.455140819656833,87.378887434188471,89.386184692382812,305793500
2011-09-13,89.677319167333422,90.543061343420035,89.041417098368512,90.205955505371094,272514700
2011-09-14,90.665630761582079,92.550353317713189,89.424479133428278,91.454765319824219,319389500
2011-09-15,92.435450387580431,93.063689427366086,91.477768568076343,93.033042907714844,326777200
2011-09-16,93.40652689132726,93.930201277608688,92.659520176657281,93.583648681640625,284528300
2011-09-19,92.051148366627615,93.129302382257933,91.427361817609153,92.651832580566406,241517000
2011-09-20,93.044570752000425,93.945596887450805,92.420784331375629,92.543998718261719,218932200
2011-09-21,92.590215008538991,92.87515160087024,89.671500961684558,89.817817687988281,316251300
2011-09-22,87.214847054503466,87.954151013220866,85.713136806400229,86.914505004882812,513911300
2011-09-23,86.336945480138553,87.915671737833264,86.267632594809953,87.438201904296875,307242500
2011-09-26,88.26221076421993,89.64070685734491,87.006934956174234,89.517486572265625,260673700
2011-09-27,91.281045095083954,92.074256653247758,89.979558630446022,90.518638610839844,311753900
2011-09-28,90.703444200046178,91.250220927911712,88.539439620323122,88.670356750488281,286696800
2011-09-29,90.141248420604001,90.587907113908258,87.738506555417914,89.371139526367188,298108900
2011-09-30,88.138970794682635,88.90907977803667,87.076222512821573,87.137832641601562,288392300
2011-10-03,86.629573792563676,87.753932409572201,84.565681103344474,84.658096313476562,365136800
2011-10-04,83.441312327020484,86.698876113092368,82.732813428669431,86.514045715332031,459177500
2011-10-05,86.729674983367786,88.346902657708412,85.92876094335432,88.115867614746094,284108000
2011-10-06,88.069668968941897,89.840922084670993,87.415077469812658,89.709999084472656,257800800
2011-10-07,90.233672428555096,90.295282560243109,88.608741926943324,89.10931396484375,312657900
2011-10-10,90.626451971985134,92.128162579710335,90.618749234762518,92.08966064453125,230666300
2011-10-11,91.542866554527023,92.443892749311743,91.450451351677614,92.182052612304688,209088000
2011-10-12,92.87514409616081,94.061112659572629,92.66721725165381,92.99066162109375,281544900
2011-10-13,92.443879759876978,93.083071603306664,91.735380930648077,92.805831909179688,212538800
2011-10-14,93.883988817542416,94.415360019815665,93.360314474754333,94.392257690429688,211397600
2011-10-17,93.945589863277121,94.376854873797129,92.359167294640642,92.590202331542969,202311600
2011-10-18,92.5209179564377,95.108485314380459,91.797013435029058,94.399986267089844,318857900
2011-10-19,94.245938570051976,94.78501840256817,92.959857932898473,93.283302307128906,226601300
2011-10-20,93.514347238258296,94.030318919574995,92.274471130609072,93.691474914550781,262075600
2011-10-21,94.792713530989957,95.585930732541797,94.507776962666867,95.470413208007812,278999400
2011-10-24,95.624447414001324,96.879729031940911,95.53973494130112,96.6409912109375,203215600
2011-10-25,96.178883914722462,96.225088560821888,94.553953938305028,94.761886596679688,268596800
2011-10-26,95.763042631011174,96.086486965962479,94.115010019061529,95.724540710449219,289053800
2011-10-27,98.289035616139614,99.667531796703301,97.503526813066983,99.059150695800781,393220200
2011-10-28,98.573978663800006,99.228576191237892,98.41995917232461,99.036048889160156,225906500
2011-10-31,97.927080889781607,99.051433651674671,96.510077019440061,96.648696899414062,228146700
2011-11-01,93.976410437879139,95.11617446567513,93.583653160504483,93.95330810546875,416565800
2011-11-02,95.36264828334356,95.801610405732092,94.561733803368824,95.485862731933594,244717600
2011-11-03,96.471570660003763,97.418807499951654,95.185489789286322,97.226280212402344,291174800
2011-11-04,96.440758261269409,96.802704576918273,95.501224286580197,96.633285522460938,249401600
2011-11-07,96.563996381523168,97.334105615525559,95.647564512910819,97.233993530273438,196617200
2011-11-08,97.742232929836774,98.589357530728662,96.810401744321112,98.481536865234375,224426300
2011-11-09,96.178942493983541,96.879744722465148,94.615621677176549,94.846656799316406,337982000
2011-11-10,96.101927237644105,96.2174447920939,94.738830670976839,95.739974975585938,231866500
2011-11-11,96.902792836590038,97.796115999696681,96.87198777917753,97.541984558105469,189924400
2011-11-14,97.180094667963644,98.150428157831726,96.202052564479416,96.617912292480469,159258300
2011-11-15,96.394565253234518,97.611339175354928,96.048018470254306,97.095367431640625,184709400
2011-11-16,96.117306307418517,97.295572185122865,95.416510144243148,95.555130004882812,235782500
2011-11-17,95.377974432462807,95.616712157599366,93.360293121368542,94.037986755371094,331219600
2011-11-18,94.338358478081574,94.530885740281732,93.545147097891402,93.937904357910156,215580400
2011-11-21,92.567137122995746,92.682654695102428,91.373471212474143,92.151283264160156,229611600
2011-11-22,91.950982991542702,92.490056749159024,91.273283552866999,91.789260864257812,216494900
2011-11-23,90.926774689067059,91.789298934453882,89.763908386230469,89.763908386230469,224329100
2011-11-25,89.625279856351042,90.641823462219222,89.486660006666057,89.594474792480469,99557000
2011-11-28,92.058841165817569,92.551710512535237,91.50436168189367,92.18975830078125,210686000
2011-11-29,92.451614379882812,93.183215790030928,92.112764442315054,92.451614379882812,199241500
2011-11-30,95.100779545918002,96.433070992249853,92.413100193747184,96.255943298339844,324439500
2011-12-01,96.148139583540754,96.756526601767206,95.824695105638284,96.240554809570312,176954800
2011-12-02,97.126177278391125,97.418816667837831,96.094227864769564,96.155838012695312,221109700
2011-12-05,97.680657654918477,97.94249786375309,96.602509369915609,97.203193664550781,225263900
2011-12-06,97.195485718386436,97.888585204082034,96.848938913272235,97.233993530273438,178842100
2011-12-07,96.910521904269629,98.004081241753241,96.240530778122249,97.595924377441406,237802500
2011-12-08,96.956764302668986,97.172393971614952,95.224018337323116,95.455047607421875,240862800
2011-12-09,95.88626662413408,97.318669735412513,95.801554169937447,97.072235107421875,209111400
2011-12-12,96.225121963000831,96.240527434024031,94.846631955174502,95.655242919921875,215826100
2011-12-13,96.155781591672763,96.702558113882546,94.299816633830943,94.761886596679688,245159800
2011-12-14,94.384571516426078,94.746523741556089,93.54515539896822,93.753082275390625,238618800
2011-12-15,94.746502745332791,94.877419856122756,93.945588735938017,94.091911315917969,199109200
2011-12-16,94.727446531604969,95.285436816728478,94.006702428165354,94.2314453125,220481400
2011-12-19,94.595673427942302,94.797173326855685,93.022438089367867,93.22393798828125,183903000
2011-12-20,94.688691093849869,96.207677404132255,93.285954972731645,96.044929504394531,225418100
2011-12-21,96.044929758155931,96.378177147850877,95.130437333834706,96.230926513671875,194230900
2011-12-22,96.587378958497496,97.184126901230897,96.277386477455678,97.0833740234375,119465400
2011-12-23,97.393412231880831,97.982408829553222,97.191918219377897,97.951408386230469,92187200
2011-12-27,97.780910138895635,98.284657001973216,97.695660396864199,98.028907775878906,86075700
2011-12-28,98.044420844307481,98.059918111362819,96.664933479887011,96.742431640625,119107100
2011-12-29,97.060143942946283,97.842888708175735,96.765648663931742,97.742141723632812,123507200
2011-12-30,97.66465162329628,97.904903563407373,97.26165771484375,97.26165771484375,95599000
2012-01-03,99.013114841072365,99.493612666077468,98.757365712631199,98.811614990234375,193697900
2012-01-04,98.57914762833019,99.05189402505917,98.199402558290942,98.966644287109375,127186500
2012-01-05,98.431881711512872,99.377368388536055,97.982384265118057,99.230117797851562,173895000
2012-01-06,99.354140821517021,99.369643998977452,98.648899978041229,98.974395751953125,148050000
2012-01-09,99.199134580441125,99.338627687224857,98.741891407594409,99.214637756347656,99530200
2012-01-10,100.2763917853768,100.47788580464034,99.935392810115161,100.07489776611328,115282000
2012-01-11,99.764879721747263,100.26087493847521,99.602137758306171,100.12912750244141,111540700
2012-01-12,100.41588666720405,100.51662775399883,99.61763269585667,100.36937713623047,118983700
2012-01-13,99.695154740515775,100.0129048861323,98.982162201265382,99.850151062011719,179836200
2012-01-17,100.81112438998642,100.99712702901671,99.896626196577415,100.23762512207031,132209200
2012-01-18,100.2143831636951,101.4001219836109,100.03613801327532,101.34587860107422,163395200
2012-01-19,101.69460498651637,101.96585732692769,101.3691092732972,101.88060760498047,126328900
2012-01-20,101.71009934734955,102.26033782958984,101.46209587755494,102.26033782958984,138230200
2012-01-23,101.91934501478801,102.49284420360217,101.50859959085928,101.99684906005859,129295800
2012-01-24,101.3691092732972,101.91160212866248,101.21411300397244,101.88060760498047,103083300
2012-01-25,101.72564509778816,102.9733851370224,101.3304026600665,102.73313903808594,198613200
2012-01-26,103.19032554772929,103.38407382087594,101.80309311519989,102.20609283447266,184880500
2012-01-27,101.71011706477742,102.33785969704243,101.64035868583591,102.15961456298828,135259100
2012-01-30,101.14436501077076,101.86511488400875,100.79562041263689,101.81085968017578,147311800
2012-01-31,102.3146028457885,102.43859276713304,101.27610299814357,101.77210998535156,157212000
2012-02-01,102.52385565627091,103.1826046734796,102.39986571900323,102.66336059570312,166234500
2012-02-02,102.86486287199787,103.08961756321577,102.46187484888287,102.82611083984375,113090400
2012-02-03,103.84909460619812,104.32958663291593,103.67084947136063,104.26758575439453,160598500
2012-02-06,103.8336280776019,104.2443736955,103.71738378025813,104.1978759765625,107694500
2012-02-07,103.98084979534825,104.63959883150382,103.57010429177902,104.46134185791016,135528100
2012-02-08,104.51559022480991,104.79458826797985,104.08934157198659,104.77133941650391,139361400
2012-02-09,104.9418739888205,105.08136714434748,104.28312477537651,104.90312194824219,148602900
2012-02-10,103.97310124333048,104.21334726796559,103.72509771760457,104.12809753417969,167907500
2012-02-13,104.87212741105702,105.02712374790782,104.42262975636596,104.90312194824219,115841900
2012-02-14,104.62408880685052,104.83334029559262,104.04284386903468,104.77133941650391,165329500
2012-02-15,105.11233712870639,105.26733341191458,104.07383719774884,104.28308868408203,195195100
2012-02-16,104.29083388356796,105.53081582843463,104.10483127038231,105.43782043457031,186567800
2012-02-17,105.80210766151153,105.88735741286679,105.36811322750702,105.71685791015625,129869400
2012-02-21,105.96481489382469,106.21281838929089,105.43782520414533,105.76332092285156,134042300
2012-02-22,105.60057026098251,105.82532491355055,105.23632250719943,105.42232513427734,124455300
2012-02-23,105.36810783097989,105.96484423444296,105.01160566389969,105.88735198974609,137704300
2012-02-24,106.11981201171876,106.32906348450426,105.88732351468779,106.11981201171875,105539100
2012-02-27,105.41458101781107,106.58481652198341,105.24408156350013,106.29807281494141,145728900
2012-02-28,106.32906471900661,106.73206449430192,106.11981324379165,106.60806274414062,129355900
2012-02-29,106.7630626145707,107.0963158511699,105.81756993230061,106.1895751953125,185934700
2012-03-01,106.41429620083875,106.94129763594843,106.11979505105816,106.73979187011719,145023500
2012-03-02,106.67007109249276,106.80957602756233,106.1740758825561,106.41432189941406,120638300
2012-03-05,106.25157615113527,106.32906837855981,105.61607602877982,105.98032379150391,140765000
2012-03-06,104.89530600548821,104.95729503833476,104.12805868764815,104.43030548095703,202129900
2012-03-07,104.67059442530569,105.32934346816363,104.56984151098499,105.15884399414062,143692200
2012-03-08,105.80208251720815,106.42207948649606,105.58508535177617,106.20507049560547,116968900
2012-03-09,106.40658558887668,106.89482334094347,106.2748381430517,106.61583709716797,122836800
2012-03-12,106.60033207937057,106.76307405209691,106.24382995382332,106.62358093261719,104003500
2012-03-13,107.19709700191672,108.59983321929569,107.0188399985381,108.54557800292969,184090500
2012-03-14,108.57656427632219,108.84780483159027,108.09606039690433,108.42931365966797,145163600
2012-03-15,108.59205192561352,109.10355031588206,108.31305387869057,109.05705261230469,165118500
2012-03-16,109.2547626930253,109.34816564255247,108.9745419671613,109.20806121826172,152893500
2012-03-19,109.13800061229229,109.97087122851246,109.0601569088183,109.63616943359375,125291100
2012-03-20,109.01342997378499,109.44932610594493,108.6942874922826,109.31700134277344,121729700
2012-03-21,109.37933757189602,109.48052016892565,108.91229894290207,109.13803863525391,122388400
2012-03-22,108.33623552633482,108.62424769294245,107.99375415291198,108.351806640625,135216700
2012-03-23,108.44525976841349,108.82666312369128,107.84589636789708,108.70211791992188,120521000
2012-03-26,109.48050101474512,110.22776031494141,109.44159103354123,110.22776031494141,120164000
2012-03-27,110.32891868057389,110.39897087656568,109.81517882207461,109.88523101806641,119868500
2012-03-28,109.83077467396835,110.00202133203948,108.69432065924927,109.34038543701172,148562100
2012-03-29,108.69429467231343,109.35593040915548,108.26617812949091,109.15354156494141,164963700
2012-03-30,109.69064193192439,109.79183636305751,109.0134468984166,109.60501861572266,135486800
2012-04-02,109.47271129709057,110.69478865263959,109.25476316240251,110.40677642822266,151741100
2012-04-03,110.25112944551988,110.43794727105286,109.30927257305882,109.95533752441406,155806700
2012-04-04,109.14581374690195,109.23921671792654,108.46082695329439,108.86559295654297,146896000
2012-04-05,108.49195021169493,109.13022353082259,108.39853537973045,108.81108093261719,137439400
2012-04-09,107.44113145850461,108.85001494290853,107.29323551222409,107.58902740478516,127555900
2012-04-10,107.37881991488494,107.68239131868633,105.67414515612326,105.78311920166016,235360300
2012-04-11,106.86508624319728,107.05968361276025,106.44476115094484,106.63935852050781,154133000
2012-04-12,106.74059680574334,108.11833819662566,106.66275307502519,108.03271484375,154321500
2012-04-13,107.78359626426332,108.05603734333306,106.64714235508949,106.74833679199219,169246700
2012-04-16,107.29319849899542,107.44887401290316,106.31243207182432,106.67827606201172,147825300
2012-04-17,107.29321550866727,108.4763709810417,107.18424144392768,108.2584228515625,147877600
2012-04-18,107.77580919883681,108.25840686035721,107.71353661714377,107.89256286621094,123884200
2012-04-19,107.90817425011204,108.31292836624209,106.69388814715198,107.19983673095703,198666700
2012-04-20,107.67460646818454,108.06380116580223,107.31654212037324,107.37881469726562,143199600
2012-04-23,106.2813013598834,106.56931356296765,105.81427476755067,106.47589874267578,171844900
2012-04-24,106.56930995971423,107.15310208835258,106.48368663908937,106.88066101074219,137484200
2012-04-25,107.92371812168113,108.39075665350721,107.83031516622921,108.34405517578125,150252200
2012-04-26,108.11052488567739,109.223628126202,108.04825229596506,109.09908294677734,136291600
2012-04-27,109.42605607997687,109.58951131144934,108.8189128942183,109.27816009521484,130725000
2012-04-30,109.06016983489198,109.13801354759219,108.57757207254298,108.87335205078125,115092200
2012-05-01,108.81109550845265,110.26669238515963,108.68656217795669,109.55057525634766,138832200
2012-05-02,108.91230028116104,109.33263742787763,108.55424762151374,109.22366333007812,121081000
2012-05-03,109.23921960320062,109.3248429546631,108.18840051956367,108.39077758789062,143759700
2012-05-04,107.82251385308932,108.42965669594332,106.57708593697396,106.63935852050781,193927300
2012-05-07,106.25795761137547,107.07526904830407,106.21904763408371,106.71721649169922,127765900
2012-05-08,106.07891690389658,106.46033202319066,105.02030674079869,106.28908538818359,213377700
2012-05-09,105.16043861917329,106.33580262714928,104.68562049301137,105.65860748291016,220752500
2012-05-10,106.39029217060467,106.52262886374812,105.63526513358823,105.87656402587891,150600000
2012-05-11,105.21491027437257,106.53817008645343,105.16820880341278,105.55740356445312,153032400
2012-05-14,104.54554529407511,105.55745453687508,104.2341940858077,104.38986968994141,163910000
2012-05-15,104.31980041715487,104.93472311013379,103.62703399617519,103.79048919677734,207629300
2012-05-16,104.25749121099926,104.73230927963603,103.37012765880871,103.39347839355469,207265500
2012-05-17,103.41684081668949,103.54138600093181,101.80556867342085,101.86006164550781,247992900
2012-05-18,102.25701744949124,102.43605557323897,100.84035483770867,100.98825073242188,319615900
2012-05-21,101.31519205744922,102.76299717240559,101.15172501726657,102.72407531738281,177861100
2012-05-22,102.98874529531246,103.70486243567974,102.23370629222507,102.90312194824219,197531200
2012-05-23,102.16361996560629,103.10547646900713,101.18285348975762,102.95758056640625,204958400
2012-05-24,103.23783976120608,103.40129496283811,102.29598290651789,103.15999603271484,167357600
2012-05-25,103.12106688257522,103.40907915581531,102.57619645348993,102.82528686523438,135465600
2012-05-29,103.65035358700391,104.24970497879053,102.10135413270885,104.0706787109375,152883500
2012-05-30,103.18332195644444,104.0629059922246,102.35045127289399,102.56060791015625,162370400
2012-05-31,102.52173300210872,103.0977338931995,101.45533082447372,102.33491516113281,196186000
2012-06-01,100.73139453041219,102.35822583959651,99.758407592773438,99.758407592773438,253240900
2012-06-04,99.937412876789338,100.20985391302833,98.964426143477951,99.711685180664062,202545800
2012-06-05,99.517124014961496,100.61465042656087,99.462636972380565,100.46676635742188,164149400
2012-06-06,101.1672961347322,102.77077679249712,101.13615389980095,102.72407531738281,184202800
2012-06-07,103.89165050266264,103.93835197364059,102.57617030947006,102.78633880615234,184772700
2012-06-08,102.52169196411069,103.62700369021574,102.19475790394836,103.60365295410156,143915400
2012-06-11,104.43653624341627,104.49880883969342,102.1869906660181,102.28818511962891,169756100
2012-06-12,102.58394755348482,103.53358369898545,102.09357024228983,103.46353149414062,181931800
2012-06-13,103.15997824300905,103.80604307076059,102.45164081866037,102.80192565917969,172223900
2012-06-14,103.01207096943129,104.30420048267482,102.7318502542373,103.89165496826172,230615500
2012-06-15,104.35955608973927,105.04808003009562,104.14047866251347,104.95419311523438,169444500
2012-06-18,104.51605036319278,105.41583190500126,104.2813211100349,105.15763092041016,131360900
2012-06-19,105.68969103155092,106.60512442884958,105.13416549703987,106.17478942871094,137382600
2012-06-20,106.18259032944984,106.48773470621704,105.05589972636388,106.00262451171875,206451800
2012-06-21,106.12781177113908,106.23735046871754,103.53799461217369,103.62406158447266,205272200
2012-06-22,104.16393348662432,104.61774006618,103.76489028557543,104.42213439941406,130029200
2012-06-25,103.3189298705249,103.35805339705638,102.38002492788976,102.74776458740234,146375700
2012-06-26,103.045037043108,103.577090531575,102.44256839756754,103.26411437988281,141634000
2012-06-27,103.60840397058212,104.39864653454001,103.2563161723364,104.19522094726562,108088000
2012-06-28,103.50673770255212,104.05444337629156,102.71649473781046,103.89794921875,169242100
2012-06-29,105.783536776646,106.62073471812307,105.50969602050461,106.48772430419922,212250900
2012-07-02,106.78506098582118,106.91807142989053,106.0339417794502,106.80853271484375,129524500
2012-07-03,106.78501333286232,107.59090750653758,106.67547466669731,107.51267242431641,80450000
2012-07-05,107.11368540087233,107.81787314239084,106.63640697585689,107.02761840820312,126177500
2012-07-06,105.99483861551684,106.22956788966387,105.509740204086,106.01049041748047,151192100
2012-07-09,105.92438485622564,106.07304707369683,105.39233123258261,105.87744140625,103780500
2012-07-10,106.41731991966903,106.58945388946421,104.59427337689236,104.95419311523438,167884800
2012-07-11,105.00897216166551,105.31411658459943,104.35955978694467,104.9698486328125,141733400
2012-07-12,104.35955109461359,105.02460327442219,103.74926229957804,104.46125793457031,143583200
2012-07-13,104.73511905436152,106.32343642221177,104.71946725510679,106.21389770507812,129642600
2012-07-16,105.97134047440058,106.27648487310304,105.54882549845942,105.96350860595703,97525200
2012-07-17,106.38602533503857,106.91024715997,105.274986430715,106.69116973876953,138860300
2012-07-18,106.44079105201756,107.69267229100039,106.37820773501029,107.48141479492188,113349700
2012-07-19,107.70048915756992,108.11517226918789,107.3562331685245,107.76308441162109,129847300
2012-07-20,107.15279652718066,107.31711056282724,106.65987829788905,106.77723693847656,142904500
2012-07-23,105.21238859082148,106.70681891493457,104.71945843582139,105.69748687744141,145210900
2012-07-24,105.77572380204636,105.82266725253827,104.08568795140188,104.78986358642578,173301200
2012-07-25,105.00896781893292,105.28280863192958,104.25783668802282,104.81336212158203,129122300
2012-07-26,106.32341071684267,106.76939734659267,105.83048063950254,106.54248809814453,156526500
2012-07-27,107.10584674397856,108.81153449897757,106.51902969805738,108.50637817382812,236768900
2012-07-30,108.38119961087069,109.02278003955637,108.18559392889698,108.50637817382812,106782000
2012-07-31,108.35776364447044,108.65507626079,107.74747467041016,107.74747467041016,120575900
2012-08-01,108.52205435377181,108.54552608577637,107.5049021912121,107.653564453125,138293800
2012-08-02,106.83983261810174,107.63790719374396,106.08088156908569,106.91024780273438,199556600
2012-08-03,108.41250367810713,109.25752175363117,106.94154496084401,109.03062438964844,157825000
2012-08-06,109.3201217554963,109.67220965087022,109.19493123395107,109.24187469482422,86326200
2012-08-07,109.68003063730245,110.25902785090432,109.56267198398974,109.78958129882812,109545100
2012-08-08,109.42183441439865,110.04776310939616,109.39053081635403,109.92258453369141,89754700
2012-08-09,109.76613650498227,110.23559516215101,109.65659774348686,110.01651763916016,90291700
2012-08-10,109.57049333793809,110.235557552217,109.39053942091253,110.19643402099609,99792700
2012-08-13,110.0086750128068,110.19644888587598,109.57050811838209,110.14168548583984,79426900
2012-08-14,110.54852957687341,110.61895671347645,109.82870192011676,110.15731811523438,102379400
2012-08-15,110.03993681580521,110.47027172284861,109.9695216325137,110.28248596191406,71085900
2012-08-16,110.4389852574149,111.22924001079099,110.16514441141858,111.09622955322266,112014200
2012-08-17,111.28398894434649,111.33876426972375,110.9944963354215,111.24486541748047,90813700
2012-08-20,111.08837152690565,111.27615727275305,110.78322715166794,111.252685546875,78255700
2012-08-21,111.52653329543598,111.95686819478824,110.67369536506203,110.91624450683594,105581100
2012-08-22,110.63456014565512,111.14314204161313,110.37637117215837,110.96318817138672,133243500
2012-08-23,110.68933294430029,110.69715287280268,109.88343857213619,110.05557250976562,111466400
2012-08-24,109.78173715186914,110.97102310734313,109.71132196775645,110.72064208984375,99481200
2012-08-27,111.01796284378344,111.16662507558979,110.58762794613969,110.74411010742188,68785900
2012-08-28,110.46239522050526,110.97879690029805,110.29809319254696,110.63452911376953,75689600
2012-08-29,110.72847395840562,111.01796656341826,110.4154976865314,110.72064208984375,65421300
2012-08-30,110.24336881128902,110.27467240933365,109.68785530365504,109.92258453369141,96589900
2012-08-31,110.54850707285368,110.9632021214931,109.82085963296669,110.44680023193359,151970400
2012-09-04,110.35288981409759,110.68151784669529,109.64089424699637,110.34506988525391,120226200
2012-09-05,110.39202054686848,110.68934500586758,110.03211277538652,110.25119018554688,100660300
2012-09-06,110.91621465975078,112.49671152896508,110.9083947323482,112.4888916015625,158272500
2012-09-07,112.67668200857987,112.97400643726971,112.57497518204562,112.92706298828125,107272100
2012-09-10,112.81750732883066,113.01311296274878,112.24634222065944,112.28545379638672,86458500
2012-09-11,112.35590058867686,112.95835745077565,112.32459699602451,112.59844970703125,88760000
2012-09-12,112.97403717041016,113.09922769431732,112.59064566800399,112.97403717041016,87640900
2012-09-13,112.95838617535178,115.04745381028793,112.66107360248493,114.69536590576172,225470200
2012-09-14,114.92226103920171,115.88463770980522,114.82836218777946,115.20393371582031,169777000
2012-09-17,114.96917285907524,115.16477849904541,114.52318626930929,114.81269073486328,119427800
2012-09-18,114.61709658118289,114.86746561724848,114.4293108500172,114.71880340576172,98326600
2012-09-19,114.85180249428572,115.14912688793544,114.55449003945682,114.78138732910156,128318300
2012-09-20,114.25720712137036,114.85184418570326,113.94424275884255,114.78926086425781,154009800
2012-09-21,115.34693397499157,115.37053099646791,114.69405504151999,114.74124908447266,108737500
2012-09-24,114.17490705628846,114.8277860497578,114.08838063540566,114.56820678710938,95682000
2012-09-25,114.81205147088467,115.03229833839433,113.3175054384359,113.34897613525391,133165200
2012-09-26,113.32542710839137,113.35688581597837,112.44442726268623,112.71186828613281,146502200
2012-09-27,113.18378550514733,114.03331428483855,112.88487389676871,113.77373504638672,111830300
2012-09-28,113.34112272135988,113.71082545846026,112.84557318215258,113.24673461914062,150696100
2012-10-01,113.6793595085538,114.59967945416584,113.27818609459476,113.54563903808594,135911200
2012-10-02,113.9939826707006,114.17489717049834,113.13659221236111,113.66361236572266,113422200
2012-10-03,113.97039094954616,114.39514936068521,113.37257970357697,114.12770843505859,121283100
2012-10-04,114.56032464601549,115.11094177028021,114.40300718230458,114.94576263427734,124311600
2012-10-05,115.55935941787332,115.75600933370148,114.60756854413937,114.95367431640625,124842100
2012-10-08,114.52890506706686,114.93792821189011,114.30078446461042,114.56036376953125,78415400
2012-10-09,114.47379847359096,114.568186551499,113.38828756743597,113.42761993408203,148872900
2012-10-10,113.41189123491834,113.52202666900453,112.55450080351991,112.70395660400391,124247500
2012-10-11,113.49055381534643,113.65574496078155,112.74328682968601,112.76688385009766,123601500
2012-10-12,112.84556901217132,113.23099508369478,112.15335761465948,112.39720153808594,124181900
2012-10-15,112.66465277800773,113.45125234610606,112.30282369811435,113.33326721191406,107689100
2012-10-16,113.86818072707892,114.56039237974015,113.78952794999665,114.48172760009766,108815500
2012-10-17,114.56034545397834,115.09523933081365,114.38729261169827,115.00083923339844,128834100
2012-10-18,114.70194244384766,115.25255968178007,114.31650437601718,114.70194244384766,148108500
2012-10-19,114.48955455148528,114.49741622521675,112.5230558886379,112.79049682617188,185645200
2012-10-22,112.60172033266335,113.01075545774884,111.91738256770913,112.80624389648438,125578600
2012-10-23,111.58699617425788,111.74431366052846,110.77679971753726,111.24089050292969,192056300
2012-10-24,111.64207366313687,111.77580615522685,110.75322429123571,110.92627716064453,120179400
2012-10-25,111.71285155307247,111.91736307872385,110.5722848092451,111.24874877929688,134457400
2012-10-26,111.14651967246668,111.57127815161671,110.43071119583411,111.18585205078125,146023500
2012-10-31,111.57915182881365,111.7207339876781,110.65881978596795,111.18585205078125,103438500
2012-11-01,111.42180490170037,112.49158061085801,111.31955513713089,112.34999847412109,100995600
2012-11-02,113.01860787493116,113.05007857565967,111.23303569164537,111.35102081298828,137702200
2012-11-05,111.18583237165706,111.83083765213922,110.85545005433534,111.57913208007812,98378500
2012-11-06,111.91735382380905,112.89274133233145,111.79936872310425,112.45224761962891,107068100
2012-11-07,111.42971472736221,111.44543807928625,109.38455073671889,109.90370941162109,264304500
2012-11-08,109.88797270259067,110.44646375553609,108.49568791071829,108.58221435546875,181517300
2012-11-09,108.25182711331779,109.68344406722433,108.19677138569807,108.67659759521484,201055300
2012-11-12,109.01482052486971,109.18787337301129,108.5192710075149,108.76311492919922,97677500
2012-11-13,108.18889394098591,109.53398441674358,108.04731178698842,108.38554382324219,123018300
2012-11-14,108.715912577998,108.88895341036948,106.67861093092139,106.92245483398438,191505000
2012-11-15,106.96181645963033,107.36298996056722,106.33253434257011,106.74156951904297,178128400
2012-11-16,106.8988520149813,107.48093988294893,105.95493515000867,107.2685546875,239483900
2012-11-19,108.47207200531176,109.45532143249028,107.30004636975112,109.43959808349609,151495800
2012-11-20,109.26656183189593,109.6677233382383,108.61368267270934,109.48680877685547,119807400
2012-11-21,109.58116836527356,109.78569190560012,109.36092147765663,109.69129180908203,81710800
2012-11-23,110.22619963217767,111.22517242653913,110.15539655018874,111.18585205078125,65409200
2012-11-26,110.63518980073194,111.19368060028577,110.27336083416449,110.94983673095703,100124400
2012-11-27,110.83972825394676,111.21729261858236,110.31270807761766,110.38349914550781,128646200
2012-11-28,109.93515572215257,111.33530204927391,109.33734434736104,111.27238464355469,177086500
2012-11-29,111.68924652263853,112.09826954461353,111.20154676173969,111.79149627685547,151085900
2012-11-30,111.80725520805039,112.02750211327916,111.42969079945196,111.81511688232422,136568300
2012-12-03,112.32640226364035,112.42079035548088,111.17796180184274,111.26448822021484,124656300
2012-12-04,111.25664119723426,111.59487323923844,110.80827369684008,111.10718536376953,127512200
2012-12-05,111.20156360615715,111.82298391097301,110.41496413351815,111.30382537841797,147300500
2012-12-06,111.2015627004764,111.72858290254557,111.03638353399856,111.68138885498047,103220600
2012-12-07,112.11401088938457,112.23986967328766,111.43753492909825,112.01962280273438,108726400
2012-12-10,111.86232194378213,112.33427444970647,111.81511589088927,112.06683349609375,98840700
2012-12-11,112.530929943312,113.35686187309011,112.47587421602367,112.82984161376953,152570400
2012-12-12,113.27028748639962,113.70291945717048,112.72753210511904,112.88484954833984,145880100
2012-12-13,112.81408862644996,113.13659727283755,111.909504084446,112.19268035888672,135715000
2012-12-14,111.94884019381539,112.15335173119001,111.60273451321586,111.77578735351562,137701700
2012-12-17,112.06679692397492,113.15230773769821,112.03532623231656,113.08937835693359,143238200
2012-12-18,113.2702937597775,114.45019265310852,113.10510263358819,114.34793090820312,177762800
2012-12-19,114.473823669887,114.51315604519033,113.45911560137355,113.49843597412109,150895400
2012-12-20,113.56922266165942,114.16703387131096,113.25457570719489,114.15129852294922,168487000
2012-12-21,112.62400370288607,114.14498480771712,112.44180605216073,113.11515045166016,245883800
2012-12-24,112.86950017261918,112.93287585309929,112.63977390759446,112.76652526855469,53874600
2012-12-26,112.99634394336925,113.05180224202198,111.97443896812933,112.29130554199219,106947700
2012-12-27,112.32296760202685,112.55270610218909,110.84159789394081,112.14076995849609,167920600
2012-12-28,111.4119784298768,112.02987666332027,110.80199762948834,110.92874908447266,148806700
2012-12-31,110.63564949824115,112.93296225683683,110.54057986094672,112.81414031982422,243935200
2013-01-02,114.9530221401025,115.77688245809257,114.65199044329624,115.70558929443359,192059000
2013-01-03,115.65011166253893,115.95113118987209,115.13518852697835,115.44413757324219,144761800
2013-01-04,115.6342520264875,116.14124558749673,115.39659615058443,115.95111846923828,116817700
2013-01-07,115.53921980764864,115.74518183176248,115.20649425592858,115.63427734375,110002500
2013-01-08,115.42832615885735,115.58675942979809,114.85002719278221,115.30157470703125,121265100
2013-01-09,115.55505419157195,115.9115441258356,115.37285655224075,115.59466552734375,90745600
2013-01-10,116.23632070650177,116.52150538324001,115.63426953902407,116.51358795166016,130735400
2013-01-11,116.48189979825473,116.56903990066064,116.14126890828408,116.50567626953125,113917300
2013-01-14,116.3631150446385,116.50571347942909,115.99870756700592,116.42649078369141,89567200
2013-01-15,115.88776603303693,116.61658075553129,115.81647288225457,116.50567626953125,93172600
2013-01-16,116.26802104375848,116.6720276549658,116.14126960537412,116.48983001708984,104849500
2013-01-17,117.00471473400279,117.57508399044919,116.56901431759516,117.24237060546875,133833500
2013-01-18,117.21866045468863,117.63059668328722,116.79087727061327,117.50384521484375,169906000
2013-01-22,117.50377496080195,118.13751983642578,117.22650780031711,118.13751983642578,111797300
2013-01-23,118.13756741723442,118.43066955409235,117.92367586693332,118.32768249511719,104596100
2013-01-24,118.15340850060336,118.93766950119608,118.04250400344027,118.35938262939453,146426400
2013-01-25,118.731678193401,119.0247802734375,118.32765955585808,119.0247802734375,147211600
2013-01-28,119.05647025210718,119.08816415290636,118.43857215101912,118.8822021484375,113357700
2013-01-29,118.64454827796115,119.50010229899029,118.56532561228595,119.34958648681641,105694400
2013-01-30,119.33373748953348,119.57139339480153,118.77128558332181,118.8822021484375,137447700
2013-01-31,118.73959661106434,119.12776830252092,118.50987023868765,118.58908081054688,108975800
2013-02-01,119.34170272364543,119.95168363770449,119.1357406366777,119.80909729003906,131173000
2013-02-04,119.08024385308421,119.83281079523695,118.37519358562271,118.46233367919922,159073600
2013-02-05,119.10400881245938,119.99916204607491,119.05646796217501,119.65853118896484,113912400
2013-02-06,119.23868050733037,119.82488471029775,119.15154041125663,119.74567413330078,138762800
2013-02-07,119.78533255470049,119.89623707623937,118.7158865995363,119.58728790283203,162490000
2013-02-08,119.79319781594393,120.32395580126919,119.79319781594393,120.25266265869141,103133700
2013-02-11,120.20513271410115,120.33187204820973,119.92786548989682,120.22889709472656,73775000
2013-02-12,120.23685949055009,120.64879572157672,120.10219058741714,120.42698669433594,65392700
2013-02-13,120.67252086373382,120.89432981883378,120.18929162133429,120.52992248535156,82322600
2013-02-14,120.16555405243022,120.78345229203657,120.03088516304773,120.64085388183594,80834300
2013-02-15,120.75176659889384,120.87851806376528,120.05465771747086,120.49827575683594,215226500
2013-02-19,120.70422341342146,121.42510868518251,120.53787271235879,121.40134429931641,95105400
2013-02-20,121.31422183243684,121.35383317720256,119.82492230057987,119.88829803466797,160574800
2013-02-21,119.58719909820202,119.95159421793836,118.77917413406033,119.15941619873047,183257000
2013-02-22,119.73773547528525,120.32395172119141,119.21490702642905,120.32395172119141,106356600
2013-02-25,120.91020338031019,121.09240104331035,118.03459167480469,118.03459167480469,245824800
2013-02-26,118.60497249841968,118.98521481474326,117.82071138879733,118.84262847900391,186596200
2013-02-27,118.73959456244391,120.67251138013496,118.63660752435497,120.33979797363281,150781900
2013-02-28,120.33190692280898,121.1003210195482,119.9437472016435,120.10218048095703,126866000
2013-03-01,119.69025027788669,120.68047343278552,119.15157468371052,120.49827575683594,170634800
2013-03-04,120.22106136689524,121.13999176025391,120.03094617357299,121.13999176025391,99010200
2013-03-05,121.72610228601374,122.54996227630077,121.71025533783136,122.22516632080078,121431900
2013-03-06,122.66088587947003,122.72426159440957,122.12221043400653,122.39154815673828,94469900
2013-03-07,122.55002758149072,122.77183662352384,122.40744123490637,122.6134033203125,86101400
2013-03-08,123.15203164136439,123.30253534980814,122.51828664658511,123.13618469238281,123477800
2013-03-11,123.04112165837695,123.61147883166288,122.8906058689999,123.60356140136719,83746800
2013-03-12,123.51645162575906,123.6590500198311,122.95401174475779,123.32632446289062,105755800
2013-03-13,123.38972872434091,123.67491349076646,122.96987505261519,123.50063323974609,92550900
2013-03-14,123.82536767419725,124.213539328609,123.5085012416388,124.1580810546875,126329900
2013-03-15,124.01012672468562,124.16129986340705,123.58044096616408,123.99420928955078,138601100
2013-03-18,122.80857200654026,123.84298643040096,122.69717427729015,123.30986785888672,126704300
2013-03-19,123.57248892992084,123.73957950460274,122.21183354314007,123.02345275878906,167567300
2013-03-20,123.74759038028876,124.08973644540768,123.54070006979809,123.88285827636719,113759300
2013-03-21,123.14278447426888,123.84300582001012,122.61763060640672,122.82450866699219,128605000
2013-03-22,123.21443425487043,123.81121063232422,123.11894177829421,123.81121063232422,111163600
2013-03-25,124.13741000678905,124.34430020624833,122.81655449569897,123.29396820068359,151322300
2013-03-26,123.80326701401687,124.31251579086872,123.66799913563653,124.28069305419922,86856600
2013-03-27,123.54068390606143,124.32048058112251,123.33380576408831,124.28069305419922,99950600
2013-03-28,124.20105115653341,124.80579210082504,123.93051554537242,124.66255950927734,102932800
2013-04-01,124.59890108896079,124.85353140935518,123.8668571299898,124.16922760009766,99194100
2013-04-02,124.61486443607468,125.09229039200993,124.4238916254113,124.78196716308594,101504300
2013-04-03,124.85357769209115,124.94905802691227,123.19056377290897,123.51679229736328,154167400
2013-04-04,123.67589314788107,124.26471669940958,123.40535751938532,124.01805114746094,131885000
2013-04-05,122.49826289004631,123.61225245127258,122.35504242526419,123.46106719970703,159666000
2013-04-08,123.54859310503551,124.3045072106566,123.13482486581771,124.29655456542969,86571200
2013-04-09,124.52733949116733,125.17982083588446,124.11357112967467,124.72626495361328,101922200
2013-04-10,125.06045271054541,126.41314336671748,125.02862998020615,126.25400543212891,135711100
2013-04-11,126.2778645302938,127.08153106344102,126.15054933711967,126.66776275634766,110142500
2013-04-12,126.26195991727803,126.54841306028567,125.65723090046031,126.35745239257812,116359900
2013-04-15,125.7208775692646,125.82432268290685,123.41334733121695,123.42925262451172,217259000
2013-04-16,124.3602096747547,125.31506139968539,124.05785129387441,125.25140380859375,147507800
2013-04-17,124.36026349911054,124.38414572986991,122.76090680808905,123.42134094238281,226834800
2013-04-18,123.62820798392438,123.66004286110905,122.18003674967593,122.64949798583984,167583200
2013-04-19,122.93590638612923,123.77139555684799,122.6335358702735,123.71569061279297,149687600
2013-04-22,123.9544396265411,124.55916869286729,123.13486765000869,124.26476287841797,106553500
2013-04-23,124.8853047469604,125.6650885473054,124.26465876321521,125.54573822021484,166141300
2013-04-24,125.58557107766046,125.95955175956136,125.35481084000678,125.62535858154297,96781200
2013-04-25,125.99142616902293,126.73143519223258,125.80046549834678,126.13465881347656,131060600
2013-04-26,125.98344495206125,126.19828779929813,125.50601910074458,125.91183471679688,95918800
2013-04-29,126.25397600015395,127.03376019686914,126.05505059292965,126.75527191162109,88572800
2013-04-30,126.73144965919519,127.08951309903404,126.20628347199266,127.05767822265625,116010700
2013-05-01,126.7791844870561,126.84284209567986,125.80047455504145,125.94369506835938,138874200
2013-05-02,126.2619280887036,127.22473239765834,126.14257770147267,127.11333465576172,96407600
2013-05-03,128.21938152060116,128.80820519575775,127.13722663796858,128.40238952636719,144202300
2013-05-06,128.49785905005206,128.91161515082334,128.44215410873102,128.72860717773438,66882100
2013-05-07,129.00715316820336,129.4209094151179,128.64112495129706,129.38113403320312,90359200
2013-05-08,129.23794144260685,130.00977349761089,129.1663311632233,129.96998596191406,97419200
2013-05-09,129.91422027281934,130.25636617675355,129.27765648299084,129.60389709472656,106738600
2013-05-10,129.69147190390572,130.13706307630227,129.30952620632397,130.02566528320312,103203000
2013-05-13,129.85850792980202,130.34388642598941,129.55614955647351,130.12904357910156,81843200
2013-05-14,130.23250783493023,131.56929312819963,130.23250783493023,131.47380065917969,119000900
2013-05-15,131.25898662973611,132.44457465284708,131.21919910770049,132.18199157714844,120718500
2013-05-16,131.91142048818668,132.37292890888602,131.36238439905395,131.56130981445312,109913600
2013-05-17,132.04675376745104,132.91406609455976,131.87169834381169,132.83450317382812,129801000
2013-05-20,132.70709616391159,133.3436597968298,132.57182836490068,132.82644653320312,85071200
2013-05-21,132.94584581330705,133.51875202724028,132.48433735533609,133.0174560546875,95804200
2013-05-22,133.15271928614405,134.52929196611092,131.4260480577212,132.03077697753906,244031800
2013-05-23,130.62241473230139,132.01489292846441,130.44735935918234,131.64886474609375,211064400
2013-05-24,130.86902819696078,131.59311948432037,130.47913008651145,131.53741455078125,151573900
2013-05-28,132.91400680075077,133.50283043044595,131.93529710806669,132.3251953125,143679800
2013-05-29,131.62501931444743,131.92738995036473,130.76565972403668,131.46588134765625,160363400
2013-05-30,131.56928422546781,132.5559465874949,131.46583911663154,131.95121765136719,107793800
2013-05-31,131.58517981441139,132.33314131849667,129.80281586402313,130.05743408203125,176850100
2013-06-03,130.35976092795934,130.86105669179372,129.42879175329531,130.77352905273438,168390700
2013-06-04,130.84519516651969,131.37036122524734,129.48453985826075,130.14497375488281,157631500
2013-06-05,129.77095484162413,130.03353779384105,128.21138669938227,128.32278442382812,211737800
2013-06-06,128.2671050207629,129.49249237500578,127.51119087289409,129.48452758789062,200225500
2013-06-07,130.37567790295324,131.25094214906909,129.810724572542,131.131591796875,188337800
2013-06-10,131.53739513577455,131.609005347091,130.78943388485251,131.131591796875,105667100
2013-06-11,129.93811438195499,130.92477690427998,129.49252328910543,129.77897644042969,159505400
2013-06-12,130.67014197856361,130.80540981869916,128.58540728485278,128.70475769042969,177361500
2013-06-13,128.63312881906873,130.89291854133751,128.34667574572174,130.66217041015625,163587800
2013-06-14,130.5189722724086,131.02822096602273,129.62779009394555,129.84262084960938,141197500
2013-06-17,130.72586752562452,131.46587664986058,129.87447275591862,130.84523010253906,136295600
2013-06-18,130.91678857828327,132.07851830356347,130.90883593288066,131.87959289550781,114695600
2013-06-19,131.7681999383089,131.99894807779887,130.0017412793035,130.05743408203125,206149500
2013-06-20,128.79223929088482,130.07331913201273,126.50061519211177,126.83480834960938,321255900
2013-06-21,127.69794787573338,127.79393340742052,125.96214034549116,127.24200439453125,271956800
2013-06-24,125.91417518619379,126.73007679579644,124.5703164194933,125.63420104980469,222329000
2013-06-25,126.77008541574841,128.06595151414243,125.92218041406962,126.84208679199219,162262200
2013-06-26,127.88193597756126,128.3858844766547,127.38599441063712,128.09791564941406,134848000
2013-06-27,128.86580939453009,129.44174692746438,128.7458152885182,128.84980773925781,129483700
2013-06-28,128.48985577038937,129.1057791614374,127.87392017365407,128.32186889648438,160402900
2013-07-01,128.9937954273974,129.9696889735049,128.84981713650657,129.07379150390625,131954800
2013-07-02,128.88185604403776,129.82575883303363,128.38591436167087,128.953857421875,154863700
2013-07-03,128.36983378603841,129.40172677521409,128.16186112579186,129.009765625,75216400
2013-07-05,129.96170306522058,130.44964987137848,129.0258074938728,130.40165710449219,122416900
2013-07-08,131.07365594969707,131.49760857628416,130.44972520846721,131.14564514160156,108092500
2013-07-09,131.96946816611322,132.24944222679954,131.40153752509244,132.08946228027344,119298000
2013-07-10,131.96153052801571,132.58546113336436,131.68956328069817,132.13751220703125,121410100
2013-07-11,133.67331391454016,134.07326997170702,132.12947718691711,133.93728637695312,135592200
2013-07-12,133.89725483255916,134.329201895734,133.68928212891012,133.99324035644531,104212700
2013-07-15,134.36124018255171,134.69720180929329,134.12925883185775,134.50521850585938,69450600
2013-07-16,134.59323954772771,134.67323566020926,133.64135416107857,134.00131225585938,88702100
2013-07-17,134.5132170082266,134.76918252440572,134.16924847017674,134.34523010253906,92873900
2013-07-18,134.63321264583038,135.40113368394051,134.54522182068956,135.08116149902344,103620100
2013-07-19,134.80119846121539,135.36912925052997,134.6332115398026,135.32113647460938,103831700
2013-07-22,135.51307860701718,135.77705100006054,135.19310652195534,135.58506774902344,79428600
2013-07-23,135.8250640053991,135.84906038964439,135.22512998788912,135.297119140625,80829700
2013-07-24,135.81705746298297,135.87305716350846,134.52919861347436,134.80117797851562,112914000
2013-07-25,134.56121961297177,135.24914453365335,134.33724519281409,135.129150390625,111088600
2013-07-26,134.56118070434485,135.31309984275123,134.00124481585721,135.27310180664062,107814600
2013-07-29,134.92912109305902,135.23309149307863,134.47317769871546,134.85713195800781,79695000
2013-07-30,135.2650948013364,135.40907307143885,134.53717210954514,134.85713195800781,85209600
2013-07-31,135.13713185538717,135.8650546865592,134.77717390552141,134.95315551757812,142388700
2013-08-01,135.97704565268245,136.63296714755089,135.90504429615874,136.51298522949219,110438400
2013-08-02,136.20899458461642,136.76093573729807,136.02501826895141,136.74493408203125,91116700
2013-08-05,136.44100264473096,136.75296785238507,136.26502101931692,136.54498291015625,54072700
2013-08-06,136.28097077868654,136.57694644741616,135.46506952288627,135.76902770996094,87495000
2013-08-07,135.3370779744765,135.52904899282299,134.82513491607702,135.32907104492188,84854700
2013-08-08,135.96911265730569,136.12909270360623,135.12920215710886,135.82513427734375,102181300
2013-08-09,135.64911570327564,136.06507347518041,134.96119070599508,135.43313598632812,91757700
2013-08-12,134.75316395426358,135.43308174539612,134.68916953762402,135.27310180664062,68593300
2013-08-13,135.51310047882777,135.90504956346942,134.71318844559795,135.67308044433594,80806000
2013-08-14,135.60909804335253,135.82507772907147,134.94516953220929,134.9771728515625,79829200
2013-08-15,133.91326380897857,133.92925326004223,132.85737416576069,133.08935546875,152931800
2013-08-16,132.83337513277448,133.2893307984348,132.38542639817405,132.64939880371094,130868200
2013-08-19,132.49741791957433,132.95337360016188,131.79349148176391,131.80149841308594,96437600
2013-08-20,132.01750346955779,132.94540454636964,131.87352513299635,132.449462890625,89294400
2013-08-21,132.08152440620498,132.80944758002369,131.33761177335506,131.63357543945312,159530500
2013-08-22,131.90550355352065,133.02538784364259,131.89750882637836,132.83340454101562,101471400
2013-08-23,133.22538456108265,133.44935900938611,132.60145399713838,133.2813720703125,90888900
2013-08-26,133.41732554005301,133.82528849747257,132.69740957683737,132.785400390625,89702100
2013-08-27,131.47356677446004,132.78542226523834,130.55367264706771,130.649658203125,158619400
2013-08-28,130.59362107404468,131.57752156449044,130.42564639907241,131.11357116699219,108113000
2013-08-29,130.82562214065587,132.01748331924551,130.70562800614502,131.32156372070312,119200500
2013-08-30,131.59359537493722,131.60959704185044,130.52171559996737,130.90567016601562,134928900
2013-09-03,132.16946653742514,132.4494406412966,130.94560205947627,131.49754333496094,142375100
2013-09-04,131.52954410227244,132.80940837722392,131.28958023069805,132.58543395996094,97389400
2013-09-05,132.66541190052743,133.10535374200632,132.56941415934358,132.75340270996094,63090500
2013-09-06,133.19331182415166,133.56927135338142,131.56949181734458,132.81735229492188,159756500
2013-09-09,133.14534617707861,134.16923253154167,133.14534617707861,134.08924865722656,87559300
2013-09-10,134.8971851212529,135.10515788718087,134.59321459700439,135.08116149902344,105847200
2013-09-11,134.89715248104827,135.50508117675781,134.66518338309095,135.50508117675781,94545900
2013-09-12,135.45706093817458,135.63304251018192,134.96111952925509,135.14509582519531,83209000
2013-09-13,135.28908624371485,135.55305860162423,134.97712113085566,135.44906616210938,72727800
2013-09-16,136.91294708099602,136.97694150859138,136.0170373003503,136.23301696777344,106299200
2013-09-17,136.35307162970034,136.87300980191321,136.35307162970034,136.84101867675781,82523300
2013-09-18,136.79299208994834,138.80077968742182,136.44903567461424,138.42481994628906,203460600
2013-09-19,138.80073574056865,138.86473016621161,138.05681122244661,138.19279479980469,146616900
2013-09-20,138.52079062256598,138.52079062256598,137.11412097123537,137.22665405273438,132867100
2013-09-23,137.0417276682696,137.17032809346452,136.15753075341019,136.59158325195312,104616500
2013-09-24,136.56751730166098,137.07392228002755,136.012897879147,136.27011108398438,106333100
2013-09-25,136.35852757418286,136.63182043071544,135.75566919143944,135.87623596191406,117306500
2013-09-26,136.10127551491487,136.78450746116542,135.88424312484389,136.398681640625,77146900
2013-09-27,135.71550161176876,135.95664746309237,135.41809534540926,135.77177429199219,99141800
2013-09-30,134.62229039022063,135.47432826212312,134.35703123412523,135.04830932617188,143937000
2013-10-01,135.15278457455747,136.24596805367807,135.01613817281523,136.11735534667969,127160000
2013-10-02,135.32161704528102,136.11738226368135,134.90363179747175,135.98876953125,113350000
2013-10-03,135.67532114978741,135.79590021920313,134.10789136889173,134.73486328125,176698000
2013-10-04,134.8393319705919,135.89232270492207,134.66249252121887,135.75567626953125,96878000
2013-10-07,134.57408910503869,135.4020137796245,134.43744265308823,134.58212280273438,96295000
2013-10-08,134.55794873793147,134.73478812895294,132.91817978912897,133.01463317871094,178015000
2013-10-09,133.27190481300786,133.59342439996112,132.25106111339292,133.11114501953125,168973000
2013-10-10,134.46957438093511,136.05308347478018,134.42134766988374,135.98074340820312,195955000
2013-10-11,135.77175007773712,136.90512679119433,135.65921700254751,136.85688781738281,105040000
2013-10-14,136.0128529076959,137.51597542244306,135.90835356190271,137.4034423828125,112106000
2013-10-15,137.05783862742908,137.57227728729643,136.22188040458903,136.40675354003906,155485000
2013-10-16,137.22667835543004,138.38416869308782,137.16237197387258,138.31182861328125,161676000
2013-10-17,137.74911992714186,139.31656156231293,137.7250065726179,139.23617553710938,129389000
2013-10-18,139.75057114692069,140.27304335419558,139.46923241058397,140.17658996582031,138316000
2013-10-21,140.22483961324139,140.46598538883404,139.87116077772995,140.18464660644531,104104000
2013-10-22,140.594630624328,141.41450927972554,140.20879238806111,140.99653625488281,126663000
2013-10-23,140.51422640806084,140.57853277245005,139.83099428364727,140.32131958007812,105484000
2013-10-24,140.60264822766283,140.96436080072215,140.27308270468623,140.78752136230469,70350000
2013-10-25,141.07689363353305,141.47076552118932,140.80360078014789,141.43057250976562,93625000
2013-10-28,141.3823315637861,141.84854346594273,141.22960549486777,141.65562438964844,84979000
2013-10-29,141.97714130296657,142.46746650512145,141.77618855233234,142.41119384765625,87401000
2013-10-30,142.57997480773915,142.68446187960936,141.19741914212648,141.70381164550781,140002000
2013-10-31,141.59126752022161,142.18609192771262,141.09290874905687,141.30189514160156,133795000
2013-11-01,141.48683081597031,141.96107641314663,140.84377949402446,141.63955688476562,142805000
2013-11-04,142.02537587955621,142.19416933095059,141.4546646394144,142.13790893554688,85677000
2013-11-05,141.58327529873222,142.07360052098198,141.12510938640415,141.68777465820312,85825000
2013-11-06,142.29866079790835,142.67645295031537,141.90478899119952,142.41119384765625,87348000
2013-11-07,142.67648792607812,142.78902100341242,140.47404082375243,140.61068725585938,157000000
2013-11-08,140.56243858486056,142.52373956784072,140.54637119431285,142.50765991210938,136713000
2013-11-11,142.37104251548504,142.70060806663051,142.20224902404985,142.53181457519531,62614000
2013-11-12,142.22635198279221,142.56395120616921,141.76817372344721,142.242431640625,83990000
2013-11-13,141.54310046283447,143.42401558365245,141.54310046283447,143.38383483886719,103844000
2013-11-14,143.51239134646659,144.21974885670571,143.27929158432732,144.09918212890625,103435000
2013-11-15,144.33230920296162,144.78244142549903,144.14743609695876,144.72618103027344,102818000
2013-11-18,144.96732296848415,145.08788971591454,143.89825283559759,144.21977233886719,104796000
2013-11-19,144.14742626754605,144.58147880534244,143.65710107317813,143.90628051757812,93891000
2013-11-20,144.19562019335797,144.62967263250783,143.06224401171727,143.45611572265625,124909000
2013-11-21,143.85807829834803,144.72619578683501,143.7696585838211,144.61366271972656,92841000
2013-11-22,144.66991722949612,145.35316156530737,144.50112376829924,145.33708190917969,81296000
2013-11-25,145.59428830684658,145.62643534971409,144.9833841057231,145.1923828125,79486000
2013-11-26,145.26474903552486,145.66665460229751,145.01556954655533,145.23258972167969,86994000
2013-11-27,145.38527469042714,145.68269306606652,145.20843530983541,145.58622741699219,58800000
2013-11-29,145.74700199317661,146.09263480170657,145.32901688026345,145.48977661132812,55870900
2013-12-02,145.5621623235885,145.83545517866767,144.88696388215106,145.11203002929688,99726000
2013-12-03,144.63771135970347,144.99942375177591,144.01877363493486,144.4849853515625,116563000
2013-12-04,143.96254056658418,145.07179129500187,143.35968237705106,144.46893310546875,123033000
2013-12-05,144.21177663672179,144.47703581613411,143.69733793685174,143.833984375,106934000
2013-12-06,145.22458738587159,145.57826632343512,144.80660207191585,145.44161987304688,127728000
2013-12-09,145.86759773615634,146.02835749919382,145.61841826367072,145.81132507324219,70124000
2013-12-10,145.47370670801917,145.77915880313969,145.20041392037561,145.28883361816406,80976000
2013-12-11,145.3450816407873,145.36919498471727,143.48023460900293,143.65707397460938,130591000
2013-12-12,143.59278523155925,143.76962461883556,142.88542768245404,143.18284606933594,115565000
2013-12-13,143.48026436573736,143.60887707015718,142.89348576644792,143.16677856445312,107808000
2013-12-16,143.84201904446959,144.53329720195526,143.80182602940457,144.05905151367188,96195000
2013-12-17,144.18759029609788,144.21170363973096,143.27928013531937,143.60079956054688,89886000
2013-12-18,143.81789611558429,146.07660358877175,142.53180557541174,146.052490234375,234906000
2013-12-19,145.63453620318145,146.05252154430596,145.25675614825099,145.88372802734375,136531200
2013-12-20,146.02916089577758,147.07979099287832,145.93218382987621,146.73226928710938,197087000
2013-12-23,147.45151883985764,147.60507405518922,147.1444207409657,147.51617431640625,85598000
2013-12-24,147.52424403809067,147.90408723591813,147.51616672835181,147.83943176269531,45368800
2013-12-26,148.170794760669,148.67187162334656,148.1546401402839,148.59104919433594,63365000
2013-12-27,148.78502104303476,148.84966419047174,148.4294220732726,148.58297729492188,61814000
2013-12-30,148.59916048865281,148.72039415989448,148.36479512175748,148.55876159667969,56857000
2013-12-31,148.76079148043308,149.26185607910156,148.64763513180682,149.26185607910156,86119900
2014-01-02,148.688038681449,148.76078380635218,147.47577613551184,147.83137512207031,119636900
2014-01-03,148.08189016625383,148.38092327837163,147.59699260340241,147.80711364746094,81390600
2014-01-06,148.29204117148336,148.34860701124387,147.15251141588993,147.37879943847656,108028200
2014-01-07,147.96874781140204,148.53446780689566,147.85560381230331,148.283935546875,86144200
2014-01-08,148.25970600863388,148.56681646458838,147.80712996729395,148.3162841796875,96582300
2014-01-09,148.79311231159528,148.80927926585699,147.73440494525138,148.41326904296875,90683400
2014-01-10,148.66379706328632,148.88200777833541,147.90411054789305,148.81735229492188,102026400
2014-01-13,148.43747833750206,148.8496430857756,146.55442939226609,146.83729553222656,149892000
2014-01-14,147.32221455961982,148.51832243228938,147.04743802067077,148.4375,105016100
2014-01-15,148.78501858926671,149.46388261210492,148.46983084067958,149.23759460449219,98525800
2014-01-16,148.93054186544492,149.2376524226604,148.56686545029706,149.04368591308594,72290600
2014-01-17,148.78503500035086,149.06788887517999,148.15465943364575,148.41326904296875,107848700
2014-01-21,149.26992487668747,149.32650304777363,147.93644101613151,148.84967041015625,88621200
2014-01-22,149.10025632039751,149.16491182021426,148.63151319555783,148.94670104980469,61270900
2014-01-23,148.1950460812761,148.21929034477975,146.94238469434842,147.72630310058594,132496900
2014-01-24,146.76460764677631,146.81309618119715,144.5259590974151,144.57444763183594,208677100
2014-01-27,144.71186778451951,145.08363384988738,143.144005723589,143.86328125,180843100
2014-01-28,143.9682549330704,144.90574063825764,143.95208798456207,144.71986389160156,110463200
2014-01-29,143.51572605072113,144.29965683134887,142.95000598526104,143.32984924316406,216597300
2014-01-30,144.52596277971566,145.31797096957408,144.06529702743305,144.84922790527344,118938100
2014-01-31,143.05509259149397,144.89773112379567,142.98235978063937,144.00065612792969,194677900
2014-02-03,143.83086268980151,144.15412766034368,140.48501968444046,140.75979614257812,254837100
2014-02-04,141.39025054383893,142.10952598757322,140.7113863269656,141.745849609375,165012400
2014-02-05,141.25286635136501,141.88324204707249,140.38812526387932,141.56805419921875,164230500
2014-02-06,141.89933304029,143.43486022949219,141.60838961865741,143.43486022949219,132877600
2014-02-07,144.1057098679679,145.36646113627285,143.63696679840788,145.21290588378906,170787200
2014-02-10,145.22906668475696,145.52809986494242,144.83306876805457,145.47959899902344,92218800
2014-02-11,145.60081367609496,147.44345172393125,145.50382428868059,147.07168579101562,117814100
2014-02-12,147.28985946779036,147.7586023385015,146.85345049534561,147.14439392089844,94717700
2014-02-13,146.15037536347182,148.05766900451155,146.14229805228391,147.90411376953125,100542200
2014-02-14,147.7666993551056,148.99512868591864,147.62931109857206,148.72035217285156,96498400
2014-02-18,148.84967723809916,149.10022186640924,148.42134544109558,148.89817810058594,80460900
2014-02-19,148.51021193072023,149.47194201373208,147.79093677875028,147.91217041015625,126524300
2014-02-20,148.11426258691034,149.12448152027378,147.57278671844043,148.78504943847656,104998100
2014-02-21,149.06790203282642,149.42350106733417,148.54259312479616,148.61532592773438,118116400
2014-02-24,148.93039081386723,150.44167313136009,148.86573537625205,149.43954467773438,114063900
2014-02-25,149.56084084140892,149.98917253989748,148.89005421334176,149.38304138183594,117085000
2014-02-26,149.60131068624079,149.99732097082347,148.97093502132952,149.39118957519531,98677200
2014-02-27,149.17292278315702,150.21546296602693,149.00320063015621,150.17506408691406,93880800
2014-02-28,150.15079844332743,151.24991672152882,149.55275695268293,150.55488586425781,150842000
2014-03-03,149.22951657663256,149.87605907660458,148.50216397152187,149.4962158203125,167748500
2014-03-04,150.95899277246195,151.92072293150895,150.92667120059369,151.59745788574219,167545900
2014-03-05,151.72681648626715,151.99351578207808,151.49243877247503,151.73489379882812,88376900
2014-03-06,152.10662353880682,152.42988860899442,151.75910187317177,152.08236694335938,82516500
2014-03-07,152.71275078826312,152.71275078826312,151.47623171439068,152.14701843261719,114513500
2014-03-10,151.91268315252438,152.12280425100749,151.19340776598619,152.06623840332031,74939200
2014-03-11,152.29253362898004,152.51074438153248,150.96712682063952,151.31463623046875,99009100
2014-03-12,150.5792154442303,151.41163494829974,150.23977099415453,151.35505676269531,104824400
2014-03-13,151.80760079899065,151.9288344574442,149.23761001917646,149.65785217285156,155014300
2014-03-14,149.391149823609,150.15891358742164,149.05979512254339,149.23759460449219,153919600
2014-03-17,149.98922621071054,150.94287931982785,149.92457071756917,150.5872802734375,98359500
2014-03-18,150.89439120728747,151.86419894358681,150.73274630809223,151.66215515136719,101804600
2014-03-19,151.67825711951039,151.88839048280494,149.89219752212787,150.85392761230469,176267300
2014-03-20,150.52263099883749,151.84803783355625,150.25593170302656,151.73489379882812,117241000
2014-03-21,152.37206992232737,153.43544977665977,151.00833715731488,151.14633178710938,163128000
2014-03-24,151.66584499733312,151.85255454177693,149.86377709092969,150.52128601074219,121411000
2014-03-25,151.2843134875383,151.74701225336207,150.39140494996821,151.23561096191406,103852000
2014-03-26,151.82821820001527,152.07174327720705,150.10732912393993,150.14791870117188,119843000
2014-03-27,149.96930871684563,150.44823344181953,149.27932318098993,149.83131408691406,142383000
2014-03-28,150.2615718981304,151.32495200556909,150.17227977686909,150.57003784179688,101642000
2014-03-31,151.5278894553723,152.03929091878669,150.59439103714698,151.80387878417969,99745000
2014-04-01,152.29903861123373,152.89973218392848,151.79576250661418,152.81044006347656,89193000
2014-04-02,153.00524425580738,153.52475860714139,152.72112961949384,153.32182312011719,78774000
2014-04-03,153.55720110681719,153.59779067571844,152.64805421717659,153.11886596679688,77435000
2014-04-04,153.95495629994662,153.98742052276629,151.06515740730475,151.30867004394531,169381000
2014-04-07,150.94337935190498,151.19501731830951,149.32802116000644,149.636474609375,140803000
2014-04-08,149.57156060630595,150.49694589276663,149.02769501029996,150.25343322753906,112660000
2014-04-09,150.65930216444289,151.91749220524406,150.22095460051347,151.86878967285156,100254000
2014-04-10,151.86069226060837,151.93374606667649,148.49195558624794,148.67866516113281,172959000
2014-04-11,147.85068057483451,148.88970929608286,147.17693325952203,147.33927917480469,167251000
2014-04-14,148.4919662051237,148.84913468637583,147.28247848639344,148.50009155273438,132382000
2014-04-15,148.80853320629592,149.62838807812591,147.33926994163235,149.52285766601562,157093000
2014-04-16,150.55380109986282,151.09766679458849,149.88816666422193,151.08955383300781,105197000
2014-04-17,150.88656851258338,151.72266156884425,150.62680519333503,151.30055236816406,105255000
2014-04-21,151.34114837015176,151.87690094923428,151.15445121787656,151.82818603515625,68329000
2014-04-22,151.98249665875562,152.93223359653373,151.90132986619383,152.51824951171875,85790000
2014-04-23,152.46137894499472,152.54254570824892,152.03926966299568,152.16102600097656,73869000
2014-04-24,152.907817597541,152.92405590366147,151.73890728083381,152.469482421875,88170000
2014-04-25,151.97431726582141,152.06360936895146,150.87846076251643,151.21939086914062,100380000
2014-04-28,151.83632838007861,152.35584271263289,150.13979074257153,151.69833374023438,135121000
2014-04-29,152.18533676181895,152.63991015088729,151.86064502282611,152.40451049804688,84098000
2014-04-30,152.15290410935202,153.01334854377458,151.94184328764186,152.85911560058594,101508000
2014-05-01,152.78605884919645,153.28933485518132,152.38830086582885,152.87535095214844,93019000
2014-05-02,152.8590480567496,153.53279502411868,152.42882602964056,152.65611267089844,98122000
2014-05-05,151.90936621944945,153.05392517732443,151.48725699791166,152.94839477539062,75883000
2014-05-06,152.6074831297984,152.71301354448244,151.58469275508773,151.61715698242188,85454000
2014-05-07,152.12855112022453,152.58312459845425,150.99210503845188,152.51007080078125,106500000
2014-05-08,152.37206567677944,153.4597967656976,151.86066435587421,152.34770202636719,93618000
2014-05-09,152.37212244853268,152.63998645469766,151.65778540222055,152.57505798339844,83679000
2014-05-12,153.25683894802157,154.13352149044789,152.60744309590623,154.06045532226562,86940000
2014-05-13,154.26343004108605,154.57189593629766,154.04426863930826,154.19850158691406,66454000
2014-05-14,154.06044820809973,154.13351437290797,153.24870652698888,153.46788024902344,72367000
2014-05-15,153.15946633500567,153.191942949522,151.37363650878549,152.12043762207031,154956000
2014-05-16,152.20969328387758,152.7129815987667,151.56842274203342,152.64804077148438,97458000
2014-05-19,152.35582898525544,153.32991672275381,152.21783435784459,153.20816040039062,63839000
2014-05-20,153.13509610947057,153.15133441471846,151.85255487743461,152.2421875,111644000
2014-05-21,152.68054641712189,153.59781882033832,152.6561951485586,153.52476501464844,89093000
2014-05-22,153.56526952008082,154.21466527553272,153.30551864961635,153.89808654785156,61549000
2014-05-23,154.03610812589881,154.62056316960408,153.89811351644008,154.51504516601562,61092800
2014-05-27,155.09143695018824,155.51354629210567,155.00214482759418,155.46484375,72010000
2014-05-28,155.46480913983154,155.70833418234639,155.09140242314902,155.35116577148438,66723000
2014-05-29,155.70836745106047,156.17916694466268,155.31060938376112,156.15481567382812,64377000
2014-05-30,156.00871791678986,156.50388109874788,155.87883620665625,156.40646362304688,76316000
2014-06-02,156.62562681137751,156.65810342980359,155.83012306674956,156.58503723144531,64656000
2014-06-03,156.20346182174021,156.58498144201047,156.05735424948168,156.50381469726562,65047000
2014-06-04,156.23604016346701,156.90978775316913,156.07369418206753,156.82049560546875,55529000
2014-06-05,156.99904013876741,158.00559240024415,156.42269780663051,157.84324645996094,92103000
2014-06-06,158.18413299486167,158.63870645668231,158.11107919982575,158.59812927246094,78696000
2014-06-09,158.57384658201471,159.14206365501349,158.42772654255603,158.76054382324219,65119000
2014-06-10,158.56573351427292,158.80925867476395,158.2248032440672,158.77679443359375,57129000
2014-06-11,158.20853891066312,158.38712317323879,157.86760869652838,158.22477722167969,68772000
2014-06-12,158.03801797726675,158.12731007351337,156.75546440672332,157.10450744628906,106350000
2014-06-13,157.41300956242438,157.73771379911304,156.90973347830712,157.58348083496094,82017000
2014-06-16,157.38865654179597,158.04616558274969,157.2019593491523,157.71334838867188,87424000
2014-06-17,157.4942090066782,158.26536154057905,157.32373771218138,158.15171813964844,84834000
2014-06-18,158.15166930017966,159.40174632437521,157.80261385684202,159.31245422363281,105267000
2014-06-19,159.45046877398346,159.58847580835146,158.93907975693509,159.49105834960938,85929000
2014-06-20,159.8882384411842,159.94533861879486,159.61907855862407,159.81483459472656,100587000
2014-06-23,159.85569595638603,159.90463187768751,159.47234797878485,159.76597595214844,70611000
2014-06-24,159.48045782839148,160.2716215359433,158.62404209443264,158.80348205566406,96237000
2014-06-25,158.46908359033011,159.68437935030542,158.43646379712285,159.52125549316406,82782000
2014-06-26,159.5456687928006,159.56198490659099,158.33853772882671,159.40701293945312,84312000
2014-06-27,159.03187038984927,159.76594641029976,158.95846652146997,159.71701049804688,71445100
2014-06-30,159.61915140745461,160.00249937464412,159.48049548568142,159.63546752929688,70201200
2014-07-01,160.02686665641551,161.19322594603094,159.96977893421501,160.70384216308594,90470000
2014-07-02,160.72019669188401,161.07091227857435,160.64679284056038,160.86700439453125,52475000
2014-07-03,161.32376068108738,161.73157646084655,161.20142092537961,161.65817260742188,52938800
2014-07-07,161.34825420750755,161.47874580903132,160.85887025375294,161.09539794921875,61696000
2014-07-08,160.80175504653752,160.85885522888091,159.66802769026663,160.05953979492188,108143000
2014-07-09,160.45917168834768,160.92408758875314,160.1166079727823,160.77726745605469,72992000
2014-07-10,159.22764017011843,160.56527581739485,159.0971360958589,160.14114379882812,99040000
2014-07-11,160.04323230129921,160.47551605028872,159.68435240880592,160.361328125,64243000
2014-07-14,161.17697507850266,161.38088299634674,161.03831918783487,161.1688232421875,58658000
2014-07-15,161.26666832765358,161.57661229397496,160.15740894063711,160.86700439453125,111307000
2014-07-16,161.58475734961232,161.70709709668557,161.02196962197732,161.46241760253906,79986400
2014-07-17,160.96492433648638,161.57664812426799,159.39890048767944,159.62728881835938,145398000
2014-07-18,160.14923987781853,161.42162294608454,160.05951992066909,161.25849914550781,124330000
2014-07-21,160.75284866692263,161.08726065064889,160.21452875832216,160.95675659179688,67592000
2014-07-22,161.50320061982541,161.95180046667048,161.38901269931483,161.65817260742188,67678000
2014-07-23,161.90282565673516,162.18830161218244,161.57657808954994,162.01701354980469,65612000
2014-07-24,162.1720124022138,162.3596041621868,161.86206845008962,162.02519226074219,56888000
2014-07-25,161.56848813477049,161.70714403688541,160.94861249374739,161.26670837402344,76837000
2014-07-28,161.29933797380184,161.56849795740723,160.36951823296201,161.33197021484375,69259000
2014-07-29,161.63371290646916,161.86208875914718,160.61417340503141,160.63864135742188,80466000
2014-07-30,161.20960346937582,161.42167568040014,159.99432017934629,160.66313171386719,104222000
2014-07-31,159.54567497440098,159.6843308331207,157.39240835592946,157.49028015136719,183479000
2014-08-01,157.058014882951,158.03677028877806,156.25054758478004,157.00907897949219,189261000
2014-08-04,157.31087448658664,158.47723423359307,156.64206299620199,158.142822265625,91340000
2014-08-05,157.49848403427856,157.90629987854592,156.03849634229232,156.60943603515625,152690000
2014-08-06,155.87532877666999,157.32715177943726,155.85086082852041,156.65834045410156,94818000
2014-08-07,157.36796372122566,157.5229357173271,155.41860468481659,155.81010437011719,135733000
2014-08-08,156.16078702544573,157.71863347803531,155.74480706306284,157.61260986328125,117014000
2014-08-11,158.2080986592938,158.77088658339628,157.99603887515443,158.06944274902344,74544000
2014-08-12,157.9144188851005,158.35485442930118,157.36794726085824,157.84916687011719,73632000
2014-08-13,158.46903325782057,159.09707297616865,158.19988582407711,158.91763305664062,69047000
2014-08-14,159.17870395230693,159.66807556152344,159.03188375765453,159.66807556152344,57371000
2014-08-15,160.2471914200604,160.39399917997753,158.48542362772838,159.63546752929688,139951000
2014-08-18,160.51631648956729,161.04647210128712,160.42659650729374,160.97306823730469,75424000
2014-08-19,161.36457146559817,161.93551116268256,161.0383237659934,161.81317138671875,59135000
2014-08-20,161.59288425569216,162.44114785637055,161.56026447668779,162.24539184570312,72763000
2014-08-21,162.38410914046244,162.93058087581412,162.25360508396156,162.71852111816406,67791000
2014-08-22,162.58802276218751,162.87349884009836,162.09865120147899,162.46568298339844,76107000
2014-08-25,163.24052331918924,163.60755508468893,162.4330434786485,163.28945922851562,63855000
2014-08-26,163.39546203613281,163.79512595678364,163.35467797148695,163.39546203613281,47298000
2014-08-27,163.47700788454617,163.59120823690358,163.07735643348892,163.3302001953125,47874000
2014-08-28,162.79192437790732,163.3465603931991,162.62880053066331,163.24052429199219,58330000
2014-08-29,163.49335688930495,163.72173274886646,162.97951742806706,163.70542907714844,65907000
2014-09-02,163.91746817814251,163.94193612818935,163.01211668976188,163.62384033203125,72426000
2014-09-03,164.25186304189728,164.27633098940461,163.30572758645442,163.53410339355469,57462000
2014-09-04,163.81149278513803,164.41506481618143,162.8490532052744,163.29765319824219,85236000
2014-09-05,163.26499671176148,164.09694453467529,162.64512109706121,164.03169250488281,102177000
2014-09-08,163.87671915772555,164.11325931949449,163.1263394895399,163.60755920410156,64146000
2014-09-09,163.46072118959793,163.57490910826399,162.23727387008293,162.57168579101562,88591000
2014-09-10,162.66137929334809,163.28941901465467,162.12307197777685,163.18339538574219,67251000
2014-09-11,162.53093305580742,163.3955006703068,162.40858083294015,163.37103271484375,66774400
2014-09-12,163.20788114303116,163.22418481353597,161.9518015633592,162.41671752929688,117409300
2014-09-15,162.44122326371507,162.5717273314084,161.80503149065129,162.29440307617188,76401000
2014-09-16,161.9926404814978,163.81149600265169,161.90292048114202,163.51786804199219,116201000
2014-09-17,163.75436848578198,164.49658382245588,162.92242072498516,163.73805236816406,151266000
2014-09-18,164.23555234095838,164.63521623932931,164.02349264039032,164.61074829101562,94990000
2014-09-19,165.1343830434694,165.44576330744155,164.1264577702575,164.46243286132812,121649000
2014-09-22,164.17566490678607,164.2002472346494,162.84815668352988,163.19232177734375,125553000
2014-09-23,162.60226739755998,163.28240742001179,162.20893777744294,162.25810241699219,111393000
2014-09-24,162.28274619727253,163.63483681556261,161.85664415732163,163.52830505371094,107276000
2014-09-25,163.1021449633603,163.11034740658323,160.83229385356177,160.8896484375,150300000
2014-09-26,161.18462324717908,162.56948553000137,160.9551799403624,162.16795349121094,103547000
2014-09-29,160.77493372077427,162.15979628311524,160.65202210435788,161.87298583984375,95112000
2014-09-30,161.9959408370328,162.4958023452765,161.11093951897536,161.44691467285156,131302000
2014-10-01,161.18464293399998,161.24201001957209,158.89839952479491,159.25895690917969,177798000
2014-10-02,159.11960951881483,159.84072414755815,157.62003819433875,159.28350830078125,157285000
2014-10-03,160.34884300398676,161.38135074956119,159.857183961847,161.03718566894531,121569000
2014-10-06,161.70914342495001,161.92220695622399,160.26692588459017,160.84872436523438,104778000
2014-10-07,160.0210799166851,160.38163740480442,158.33302668024245,158.36579895019531,147913000
2014-10-08,158.45591216051469,161.3649414098457,157.62827806577931,161.135498046875,186461000
2014-10-09,160.88146818559673,161.10272160262301,157.80855268582943,157.93966674804688,210705000
2014-10-10,157.89866820188027,158.68532744896868,156.09589388160242,156.13685607910156,221909000
2014-10-13,156.07135949951424,156.63676553664666,153.48191263306643,153.57205200195312,230939000
2014-10-14,154.39967796092162,155.54690736765764,153.26884093957901,153.80967712402344,215847000
2014-10-15,151.72828160840331,153.8014743047838,149.07327806467541,152.76896667480469,380715000
2014-10-16,150.00744197330471,153.71133297987618,149.86813797022521,152.63786315917969,270391000
2014-10-17,154.39968385615117,155.48954620748617,153.74412595637554,154.44065856933594,214625000
2014-10-20,154.16200876789924,156.06311240819849,154.11284412688548,155.94020080566406,130011000
2014-10-21,157.07102724313978,159.13602972048261,156.90714093624166,159.02951049804688,154949000
2014-10-22,159.30814185230938,159.71786393155276,157.83313986628806,157.89869689941406,151822000
2014-10-23,159.4801967576069,160.77491985500632,159.18519639992448,159.73422241210938,154944000
2014-10-24,159.99650165661532,161.01261710317735,159.37372848185478,160.96343994140625,117927000
2014-10-27,160.38980474430343,160.97980555013282,159.81619632300422,160.74217224121094,82954000
2014-10-28,161.28306954605947,162.59417321987453,161.20931003957125,162.58598327636719,106736000
2014-10-29,162.70069121043585,163.16776802536646,161.26666348320364,162.34013366699219,142557000
2014-10-30,161.90582643320721,163.84790566458111,161.75831993892109,163.38082885742188,113330000
2014-10-31,165.34749009344492,165.38027487154554,164.5198557504784,165.24916076660156,146903000
2014-11-03,165.46216027750094,165.89646467410421,164.96229884884286,165.33924865722656,93600000
2014-11-04,164.89674181917516,165.19994465539864,163.93799366984507,164.76564025878906,93343000
2014-11-05,165.97020651363579,166.01118122036854,165.0770154239963,165.80632019042969,91709000
2014-11-06,165.84728924740159,166.56020160611078,165.2327061785214,166.47006225585938,107089000
2014-11-07,166.48647418671993,166.83884168952119,166.0275874420052,166.62577819824219,89540000
2014-11-10,166.65856376537008,167.19938742924273,166.45370271737593,167.15022277832031,66319000
2014-11-11,167.21580337473031,167.42066445158923,166.879828207787,167.31413269042969,54499400
2014-11-12,166.63397340571314,167.36327820125999,166.60118863752817,167.13383483886719,90120300
2014-11-13,167.29772907592934,167.84675518358503,166.5192595950362,167.32231140136719,85357900
2014-11-14,167.24852907005439,167.56811173691545,166.93713634203266,167.36325073242188,80417500
2014-11-17,167.04371610602499,167.64190691013869,166.87981725231535,167.46981811523438,80441000
2014-11-18,167.52719913961997,168.73997323476939,167.52719913961997,168.43678283691406,76068100
2014-11-19,168.24014409699129,168.43681527342761,167.41250967398295,168.16639709472656,82373000
2014-11-20,167.37969224228925,168.5678965088488,167.31413519626523,168.46136474609375,72840300
2014-11-21,170.14943457616693,170.31332095528654,168.78915387238862,169.36276245117188,142327300
2014-11-24,169.76429621719066,169.94457498694348,169.55124517281433,169.83804321289062,65880800
2014-11-25,170.06745818349572,170.27231925086241,169.46107742647573,169.71510314941406,79108300
2014-11-26,169.8625730896859,170.24771284215686,169.64952211110162,170.14938354492188,62167800
2014-11-28,170.02649471542804,170.3378750329878,169.55121554220537,169.78884887695312,57890100
2014-12-01,169.13330005779574,169.24802176069073,168.29747586687284,168.60885620117188,103968400
2014-12-02,168.64978202442651,169.90353045106741,168.62519970262761,169.69866943359375,74507200
2014-12-03,169.87082463379227,170.56734486340764,169.70693825645509,170.35429382324219,68952000
2014-12-04,170.06744493595394,170.66564820875078,169.37911480411441,170.16578674316406,91316600
2014-12-05,170.33789572185978,170.82956734111156,170.07568002765987,170.44442749023438,91025500
2014-12-08,170.05105607536652,170.54271507055114,168.74813035437211,169.30535888671875,108588200
2014-12-09,167.46979040238645,169.29715978829483,167.09285311017462,169.19062805175781,125180100
2014-12-10,168.73171189811325,168.78906647442909,166.28975984986093,166.47824096679688,159856400
2014-12-11,167.0682857026919,168.9611997837637,166.92898169063534,167.32231140136719,159012800
2014-12-12,166.0521607965465,167.01911138815058,164.58536128080959,164.61813354492188,202330200
2014-12-15,165.51137916585503,165.96207609410263,162.88915954295462,163.48735046386719,189965800
2014-12-16,162.72523462275879,165.85550503958038,162.13523378436992,162.17620849609375,259543800
2014-12-17,162.61050607904625,165.80633339919441,162.48758194905534,165.35563659667969,253910100
2014-12-18,167.77301095507579,174.5170332580484,167.10106070549944,169.44467163085938,257633900
2014-12-19,170.09148283703885,170.83306059811451,169.41583651008966,170.1656494140625,245084600
2014-12-22,170.35512246158166,170.94837951660156,170.11617764043442,170.94837951660156,148318900
2014-12-23,171.52520280260094,171.5746388092108,170.89074471471864,171.17913818359375,122167900
2014-12-24,171.40162469157829,171.66528760272422,171.15443206862091,171.19563293457031,42963400
2014-12-26,171.64054568327762,172.08549485715466,171.5911096801218,171.74766540527344,57326700
2014-12-29,171.56642527618339,172.18440058212315,171.50050640148774,171.97840881347656,79643900
2014-12-30,171.55816232914077,171.68998748442894,170.98137541221183,171.0555419921875,73540800
2014-12-31,171.37689873891466,171.54168962233103,169.23457953628642,169.35816955566406,130333800
2015-01-02,170.05029571624917,170.46227917320471,168.23755844745486,169.26751708984375,121465900
2015-01-05,168.22928728132675,168.39407811427461,165.90570761947222,166.2105712890625,169632600
2015-01-06,166.51547647443184,167.03457967173875,163.85406676921181,164.64508056640625,209151400
2015-01-07,165.96335599811968,167.03451512451664,165.518419552892,166.69668579101562,125346700
2015-01-08,168.097518405351,169.86905515983162,168.08104811622749,169.65481567382812,147217800
2015-01-09,170.06678156629934,170.0832644264525,167.68551747007763,168.29525756835938,158567300
2015-01-12,168.42713425283634,168.58369002864853,166.37545144879564,166.97694396972656,144396100
2015-01-13,168.18813502289086,169.30873061252777,165.21361373830064,166.50724792480469,214553300
2015-01-14,164.50500854587861,165.69977076877643,163.61513523893473,165.50201416015625,192991100
2015-01-15,166.13645505534498,166.44955393727855,163.8705460123544,163.98590087890625,176613900
2015-01-16,163.77994346674541,166.29304562830481,163.59866969950244,166.13648986816406,211879600
2015-01-20,166.77091419250849,167.03458966492749,164.93347132026571,166.49076843261719,130991100
2015-01-21,166.02933800464061,167.80910960815234,165.56791853100518,167.33120727539062,122942700
2015-01-22,168.08105475506835,169.951451036386,166.71326633940515,169.81962585449219,174356000
2015-01-23,169.56413505878655,169.81957534719535,168.75665105410798,168.88848876953125,117516800
2015-01-26,168.67426912441425,169.37463344366853,167.96565708963297,169.28399658203125,92009700
2015-01-27,167.24059532939023,168.18815242017473,166.22711936501577,167.05108642578125,134044600
2015-01-28,168.22930726446546,168.32817926143179,164.71921307206398,164.90872192382812,168514300
2015-01-29,165.1065029059678,166.68851795505324,163.70574902054628,166.43309020996094,173585400
2015-01-30,165.26313824090812,166.58147846377506,164.07662323940704,164.34028625488281,197729700
2015-02-02,164.83458263222118,166.46603359139985,163.0300930901773,166.37539672851562,163107000
2015-02-03,167.26530627751242,168.78965030470357,166.89452363036131,168.78140258789062,124212900
2015-02-04,168.02333226827574,169.22632949954669,167.68550281472338,168.13868713378906,134306700
2015-02-05,168.79786576480814,169.98438015552031,168.72371175857302,169.8360595703125,97953200
2015-02-06,170.19862672989211,170.75893084490582,168.84732131134493,169.36642456054688,125672000
2015-02-09,168.72373806397397,169.44058538148425,168.20463479392058,168.60838317871094,87219000
2015-02-10,169.63830363592191,170.66001451068226,168.64953333130174,170.40458679199219,96164200
2015-02-11,170.23981611142796,170.93194534851392,169.59712288088554,170.50347900390625,91087800
2015-02-12,171.29444271671267,172.20081114732452,170.53639483508027,172.14312744140625,97545900
2015-02-13,172.26676666191346,172.90121212565114,172.0113263605628,172.85177612304688,93670400
2015-02-17,172.53868091400219,173.29674160106663,172.29150087771853,173.12370300292969,76968200
2015-02-18,172.75288656616885,173.21430597391142,172.48921114875259,173.14015197753906,80652900
2015-02-19,172.54690121906617,173.37910321207133,172.40682836317836,173.01655578613281,91462500
2015-02-20,172.60461947074984,174.12896358965654,171.98664416406976,174.0548095703125,140896400
2015-02-23,173.80761570283403,174.03009033203125,173.42858531874762,174.03009033203125,74411100
2015-02-24,173.95587493225989,174.72217062993801,173.65924636747098,174.5244140625,72472300
2015-02-25,174.40081663109649,174.87871888581321,174.03826922595033,174.3760986328125,73061700
2015-02-26,174.28545982874681,174.44201553128175,173.56860016833596,174.17010498046875,72697900
2015-02-27,174.07123108368191,174.33490650889712,173.52742252146405,173.57685852050781,108076000
2015-03-02,173.67573928656043,174.73041589519372,173.62630328502087,174.67274475097656,87491400
2015-03-03,174.24429556723729,174.72219791696278,173.09898198568862,173.95590209960938,110325800
2015-03-04,173.36265283818838,173.43681942392635,172.25854006884833,173.22257995605469,114497200
2015-03-05,173.54390400580067,173.6922245852403,172.90945854681257,173.41207885742188,76873000
2015-03-06,172.55515958878649,172.98362592918326,170.64356277570667,170.97314453125,188128000
2015-03-09,171.17087675755448,172.03603188586268,171.01432104550287,171.68173217773438,89818900
2015-03-10,170.32223105375601,170.40462021347557,168.85555816697376,168.89675903320312,157121300
2015-03-11,169.15216429988467,169.32520288593318,168.41883424041714,168.50123596191406,110145700
2015-03-12,169.12744599474263,170.70946097729438,169.07800999102813,170.6435546875,93993500
2015-03-13,170.37163782391494,171.32742986360563,168.56714831832349,169.59710693359375,162410900
2015-03-16,170.32220773195343,171.95365871478418,169.62183082017279,171.86302185058594,136099200
2015-03-17,171.12971349315757,171.73120590124896,170.54469137319978,171.35218811035156,94510400
2015-03-18,170.8824944460516,174.07949003305748,170.24803641432641,173.41207885742188,228808500
2015-03-19,173.00009353333743,173.42031212051029,172.23379778880226,172.62106323242188,117917300
2015-03-20,173.56542645661938,174.64963931072836,173.38334355895196,174.144775390625,177715100
2015-03-23,174.15304453556226,174.72412155748765,173.80543518066406,173.80543518066406,71784500
2015-03-24,173.68123886803394,174.13643333296994,172.76255278014776,172.82876586914062,77805300
2015-03-25,173.03576524929349,173.26750486448071,170.25487723818503,170.29624938964844,159521700
2015-03-26,169.63408764432745,170.80105724108509,168.93885639849546,169.89065551757812,153067200
2015-03-27,169.77484484187508,170.4535072626137,169.58447737448242,170.27970886230469,118939000
2015-03-30,171.30592790729784,172.65499305710676,171.28938410303803,172.35704040527344,96180400
2015-03-31,171.53770065967885,172.23293206776975,170.79282520034084,170.85075378417969,126768700
2015-04-01,170.81764381892094,170.84247215756182,169.26166724350648,170.24656677246094,137303600
2015-04-02,170.18039472729888,171.3059926564647,169.99831178075269,170.85906982421875,86900900
2015-04-06,169.97343313110727,172.52258099944964,169.84101954187773,172.00944519042969,114368200
2015-04-07,172.03426528224779,172.7791406227922,171.52112949782202,171.55422973632812,81236300
2015-04-08,171.77770943669464,172.57224150514753,171.38871530546015,172.13359069824219,89351900
2015-04-09,171.96806125782373,173.12675909960655,171.47975378370523,172.89501953125,85548900
2015-04-10,173.14331280004919,173.87991626544922,172.94468610394253,173.83853149414062,72722900
2015-04-13,173.6978233352913,174.32684151356358,173.00260468138251,173.05226135253906,74436600
2015-04-14,172.85368471473123,173.56546000806065,172.23295088783445,173.38337707519531,75099900
2015-04-15,173.84680420211387,174.66616452554595,173.76403466512599,174.16130065917969,99529300
2015-04-16,173.8302523325971,174.61651243919104,173.63161301592615,174.11164855957031,68934900
2015-04-17,172.92813769447821,173.16814917303128,171.33077637562587,172.1087646484375,191113200
2015-04-20,173.02747352351051,174.01237316154683,172.94471659516188,173.68132019042969,92189500
2015-04-21,174.35992331825929,174.5171778462026,173.17639735128731,173.47434997558594,72559800
2015-04-22,173.81366442620546,174.50889559423757,172.8949782748459,174.32681274414062,78264600
2015-04-23,173.92957348475434,175.41106495177615,173.81370370204252,174.7655029296875,102585900
2015-04-24,175.17938133600694,175.43594932046571,174.72417396251723,175.17109680175781,61327400
2015-04-27,175.73384252477726,175.85798420780441,174.25235108673922,174.44271850585938,79358100
2015-04-28,174.41790446824817,175.04691009525052,173.25092203668677,174.99725341796875,86863500
2015-04-29,174.11163683614478,174.87306855549284,173.47435941717836,174.27717590332031,125684900
2015-04-30,173.70613818403748,174.09513234780124,171.8356523849537,172.5308837890625,161304900
2015-05-01,173.308808999056,174.4426909164271,173.20949566834142,174.40130615234375,103399700
2015-05-04,174.82345157006768,175.47729819879763,174.7158663066121,174.89794921875,70927200
2015-05-05,174.65790726018889,175.01380114443174,172.75432140966632,172.89501953125,113326200
2015-05-06,173.44128197674513,173.74750658162085,171.12387348040323,172.18325805664062,135060200
2015-05-07,172.0839636979741,173.29233107273606,171.7529107171728,172.87022399902344,88244900
2015-05-08,174.5337909840612,175.34487959139798,174.45102142808634,175.146240234375,155877300
2015-05-11,175.10480145490089,175.36964120129437,174.23577196328995,174.31025695800781,75708100
2015-05-12,173.48263957883145,174.32684087196131,172.66326662118848,173.78886413574219,119727600
2015-05-13,174.19442865787971,174.81516235263751,173.59025139772936,173.82199096679688,94667900
2015-05-14,174.83173533709504,175.72559345762346,174.55861097008409,175.63455200195312,95934000
2015-05-15,175.82485961914062,175.96555771670614,175.34482412981623,175.82485961914062,76510100
2015-05-18,175.65934918463969,176.61940762185802,175.59313608054563,176.37112426757812,74549700
2015-05-19,176.48702817355368,176.76015254493973,176.03182088791033,176.31321716308594,72114600
2015-05-20,176.41246559994647,176.93388581059369,175.87450158780857,176.18901062011719,76857500
2015-05-21,176.04840587671254,176.90915127827915,175.88286674318647,176.70223999023438,64764600
2015-05-22,176.3214777359704,176.73530021835089,176.21389247817623,176.28010559082031,57433500
2015-05-26,175.79182085776333,176.21392795724918,173.97100409445636,174.38482666015625,124308600
2015-05-27,174.83995667852528,176.27177858648724,174.43440619711916,176.0400390625,93214000
2015-05-28,175.73384804161094,175.94903117523288,175.15449912119854,175.84144592285156,74974600
2015-05-29,175.77526208308507,175.81663423304281,174.48413780864081,174.74897766113281,124919600
2015-06-01,175.41103715023283,175.74209001155137,174.31853997593876,175.10481262207031,93338800
2015-06-02,174.64963403240489,175.61797707044715,174.02890034426045,174.9310302734375,91531000
2015-06-03,175.46075963166066,176.01528032824069,174.90623893508064,175.39454650878906,87820900
2015-06-04,174.69101312012216,175.34484702699578,173.59851580268213,173.91302490234375,151882800
2015-06-05,173.76405181375941,174.28547216475346,172.96123521540898,173.61508178710938,121704700
2015-06-08,173.50744950653794,173.65643213251184,172.47289354148063,172.54737854003906,89063300
2015-06-09,172.52259826660156,173.06057509560912,171.89359261101387,172.52259826660156,105034700
2015-06-10,173.28403988801946,174.97244286033785,173.22611130159058,174.59172058105469,134551300
2015-06-11,175.03032567825258,175.53518953133928,174.79858613541191,175.15447998046875,73876400
2015-06-12,174.33512578619542,175.03034448943524,173.54058110473616,173.81370544433594,135382400
2015-06-15,172.67985349324155,173.35024392727638,171.97635018681504,173.06884765625,124384200
2015-06-16,172.919816678556,174.09508337176823,172.7460183480668,174.01231384277344,85308200
2015-06-17,174.29377746582031,174.89796747774531,173.27577753539802,174.29377746582031,126708600
2015-06-18,174.88957786213487,176.56969538460768,174.32678559773314,176.10621643066406,165867900
2015-06-19,175.86510226832593,175.93994959010971,174.95025936778484,175.32450866699219,130478700
2015-06-22,176.23935425368018,176.80488428060616,176.01479959461781,176.22271728515625,70696000
2015-06-23,176.43066056771565,176.68016437061112,175.95661476347576,176.34748840332031,68476800
2015-06-24,176.0813201690699,176.45556944293014,175.04173180263163,175.06668090820312,92307300
2015-06-25,175.56573082290518,175.69047638090552,174.45960701090294,174.53445434570312,97107400
2015-06-26,174.89206382419744,175.13325548603285,173.95228435891167,174.50119018554688,104174800
2015-06-29,173.02914128035582,174.50951453555447,170.76699531257759,170.84184265136719,202621300
2015-06-30,172.37206314597526,172.42197404736314,170.7253587282307,171.19941711425781,182925100
2015-07-01,172.76295124025881,173.01245498872441,171.78989804250199,172.57167053222656,135979900
2015-07-02,173.04577430966137,173.21210595550116,171.9978608293174,172.4136962890625,104373700
2015-07-06,171.13287379186576,172.69640598984356,170.93326826667652,171.92295837402344,117975400
2015-07-07,172.12262698231274,173.12894173452543,169.75235967684756,173.00419616699219,173820200
2015-07-08,171.67345000139576,171.95621497005811,169.86872625629306,170.10159301757812,164020100
2015-07-09,172.18910717984457,172.4469357732105,170.30122370685766,170.40933227539062,144113100
2015-07-10,172.39700373915278,172.97085851904532,170.45089746061146,172.55502319335938,129456900
2015-07-13,173.81086208595383,174.5676727692977,173.76927601339287,174.45956420898438,106069400
2015-07-14,174.41800327550561,175.5241269755584,174.35978022747096,175.21640014648438,81709600
2015-07-15,175.25793849896726,175.71535985792673,174.68408376593501,175.15814208984375,97914100
2015-07-16,176.20609564533783,176.563720703125,175.96491668705937,176.563720703125,106683300
2015-07-17,176.55538994013611,176.77163247162599,176.14787936670868,176.71340942382812,89030000
2015-07-20,176.93794096279018,177.29555327151789,176.48884436968999,176.80487060546875,70446800
2015-07-21,176.67176154876014,176.92959006845186,175.80682979620676,176.10623168945312,77965000
2015-07-22,175.42425459551885,176.12286746858538,175.39099335884183,175.79019165039062,88667900
2015-07-23,175.92332831501918,176.02312475296651,174.44295526411543,174.80056762695312,90509100
2015-07-24,174.90037902667021,174.95858938613225,172.65487031166467,172.98753356933594,117755000
2015-07-27,172.10594413765847,172.61326379422815,171.54040143823062,171.98118591308594,132361100
2015-07-28,172.81289339372969,174.23505623840128,171.98954731181183,174.09367370605469,123544800
2015-07-29,174.21841248207889,175.51581702512468,174.07702995523832,175.29127502441406,105791300
2015-07-30,174.78393420524174,175.4991715837956,174.16849325941527,175.33283996582031,91304400
2015-07-31,175.83181642306718,175.85676552863868,174.78391591820096,175.06668090820312,103266900
2015-08-03,175.03347276634796,175.09168313357893,173.52813769521094,174.47624206542969,113965700
2015-08-04,174.40132086197809,174.85874222631105,173.65282240418682,174.13519287109375,81820800
2015-08-05,175.02513274776874,175.74037020641771,174.42632870377005,174.7091064453125,85786800
2015-08-06,174.89204086553411,175.00016212666623,172.69643053750892,173.27861022949219,116030800
2015-08-07,173.12057928564661,173.27027392318615,172.04771695546134,172.9459228515625,117858000
2015-08-10,174.05201578835769,175.20803737247493,174.05201578835769,175.1248779296875,80270700
2015-08-11,173.79422725889259,174.21006260904733,172.78790012779152,173.54472351074219,126081400
2015-08-12,172.24736322543484,173.9356541628801,170.79193912830678,173.752685546875,172123700
2015-08-13,173.59461781946641,174.27659386972576,172.9958139134832,173.53640747070312,89383300
2015-08-14,173.34508337499091,174.24328907488041,173.20370090699234,174.16844177246094,72786500
2015-08-17,173.57802326635939,175.14155578613281,173.12060177508673,175.14155578613281,79072600
2015-08-18,174.86706781860337,175.21636797180136,174.40133428100603,174.63420104980469,71692700
2015-08-19,173.89403946974545,174.65917506066171,172.44694044161014,173.253662109375,172946000
2015-08-20,171.74837937859328,173.22875279282042,169.57771748847259,169.63594055175781,194327900
2015-08-21,167.77296077441142,169.61095897780012,164.27163352406336,164.52944946289062,346588500
2015-08-24,155.9299546251587,164.23833735657138,151.69674083211345,157.60160827636719,507244300
2015-08-25,162.53340216734364,162.5500391349679,155.45588893263704,155.74697875976562,369833100
2015-08-26,159.74737966890103,162.00120114821678,156.66187443439154,161.72676086425781,339257000
2015-08-27,163.85577631670665,165.85178106006242,162.35045427496829,165.72703552246094,274143900
2015-08-28,165.08660377393164,166.20103926255567,164.60423333326926,165.73530578613281,160414400
2015-08-31,164.76233006550046,165.61063797570014,163.84748695741337,164.39639282226562,163298800
2015-09-01,160.6122805745164,161.98454517734268,158.62458762583853,159.48953247070312,256000400
2015-09-02,161.85977286453277,162.55838600631341,160.03009957669445,162.51679992675781,160269300
2015-09-03,163.22368832369426,164.71238599520521,162.14252655724599,162.63320922851562,152087800
2015-09-04,160.38776664206407,161.22774983182461,159.35648997430124,160.17152404785156,207081000
2015-09-08,162.95755041138966,164.34643888445279,162.31716045281516,164.19673156738281,116025700
2015-09-09,165.76865591602316,165.89340147944961,161.63525037727649,162.00117492675781,149347700
2015-09-10,161.80981310175389,164.02205971368281,161.55199727297361,162.88267517089844,158611100
2015-09-11,162.49183680707179,163.68944472939279,161.7849115864469,163.62290954589844,119691200
2015-09-14,163.79753478393275,163.84743299334119,162.53339182100814,163.01576232910156,79452000
2015-09-15,163.51485493211069,165.49423620438924,162.97427379503497,165.05345153808594,113806200
2015-09-16,165.35279608532932,166.67514962395944,165.01180800848826,166.48385620117188,99581600
2015-09-17,166.35078023734928,168.73767113237793,165.73533933874756,166.10958862304688,276046600
2015-09-18,163.61247780284123,166.09536955900396,162.98548197154713,163.39511108398438,223657500
2015-09-21,164.2226869462412,165.25931149086216,163.194417750566,164.23941040039062,105726200
2015-09-22,162.08260246227937,162.56748075732094,160.97908370330285,162.10768127441406,153890900
2015-09-23,162.27487856604756,162.74303340367749,161.2716878059459,161.84852600097656,92790600
2015-09-24,160.63630989902919,161.72310510967256,159.30708193866133,161.2633056640625,159378800
2015-09-25,162.71798228185531,163.01894083672755,160.35211612255,161.2215576171875,155054800
2015-09-28,160.32701080110434,160.43569415903292,156.86599437037327,157.17530822753906,178515900
2015-09-29,157.39272558422127,158.62163881250041,156.27248299257263,157.26731872558594,159045600
2015-09-30,159.14826840780825,160.36882598691992,158.3707996481362,160.20162963867188,163452000
2015-10-01,160.57784188441451,160.92060272676466,158.68849870907687,160.61964416503906,131079000
2015-10-02,158.64670311133017,163.04403023419374,158.10329895285076,163.01895141601562,211003300
2015-10-05,164.23948596053989,166.14555241022586,164.13080259295467,165.91983032226562,126320800
2015-10-06,165.78605429593955,166.34616903640861,164.69090362754019,165.35133361816406,110274500
2015-10-07,166.27927740156187,167.05675880972396,165.09216691041397,166.70564270019531,124307300
2015-10-08,166.32113885633336,168.49473012450835,166.02018026160553,168.21049499511719,153055200
2015-10-09,168.35256277089263,168.78727069095308,167.68376467414845,168.31076049804688,107069200
2015-10-12,168.38598469378493,168.67021971845202,167.95963215678432,168.46958923339844,56395600
2015-10-13,167.7422906453634,169.00465049927638,167.24070160114641,167.40789794921875,88038700
2015-10-14,167.34936598496148,167.92620420717299,166.31274101172406,166.60533142089844,99106200
2015-10-15,167.26577168596364,169.17183801829088,166.89793208564382,169.16348266601562,134142200
2015-10-16,169.56476231562704,169.94931263384134,168.80400427550015,169.93260192871094,114580100
2015-10-19,169.28889366911423,170.01620483398438,168.97957977256289,170.01620483398438,76523900
2015-10-20,169.58145892755792,170.40908516969702,169.33065807141278,169.79881286621094,78448500
2015-10-21,170.21684441749224,170.3673173078115,168.57828954851979,168.74549865722656,102038000
2015-10-22,169.69012535632027,171.80518998853404,168.74546043865388,171.59619140625,174911700
2015-10-23,173.25981892550209,173.84501238509603,172.46562689060596,173.4771728515625,144442300
2015-10-26,173.30170428217502,173.3602172780584,172.68306361041638,173.0509033203125,69033000
2015-10-27,172.38205574263753,173.05085386438054,172.03929495125809,172.71646118164062,77905800
2015-10-28,173.05088906637462,174.70615486829857,172.39045891892656,174.68107604980469,135906700
2015-10-29,174.17946046172494,174.94857387664396,174.06242174111259,174.58073425292969,90525500
2015-10-30,174.77304721891704,175.09072928197455,173.66954086536282,173.828369140625,131076900
2015-11-02,174.15438566092635,176.07716286440782,174.02897882835313,175.8848876953125,86270800
2015-11-03,175.53379349489541,176.94662646070492,175.30807137302392,176.39486694335938,95246100
2015-11-04,176.68744138730514,176.812835458884,175.3247662802512,175.85980224609375,96224500
2015-11-05,175.91828149446698,176.37808092919406,174.79805214895825,175.6842041015625,78408700
2015-11-06,175.34148176571142,175.82636008086558,174.27140988270324,175.59226989746094,110471500
2015-11-09,174.98195895756905,175.13244455972097,173.00901196623019,173.95368957519531,131008700
2015-11-10,173.47722939150313,174.3884731715726,173.20971776118415,174.35502624511719,75874600
2015-11-11,174.62252780808376,174.67268543494629,173.6026135410018,173.66949462890625,67846000
2015-11-12,172.63285579222421,173.10101064828578,171.22839122403954,171.24510192871094,121315200
2015-11-13,170.8355028713583,171.10301451207161,169.2387501120885,169.32234191894531,153577100
2015-11-16,169.13842962780612,171.95572728172053,169.02137814053694,171.89720153808594,117645200
2015-11-17,172.20649496162457,173.08427889656232,171.27854064628644,171.77177429199219,121123700
2015-11-18,172.2482890016951,174.63923361307806,172.2064994846576,174.49711608886719,121342500
2015-11-19,174.38008333594689,174.76464640468254,174.0540460030841,174.34664916992188,88220500
2015-11-20,175.09904860954077,175.65916340382003,174.60581490721088,174.98200988769531,94011500
2015-11-23,175.0405130367167,175.54210202720819,174.32155733637617,174.78135681152344,64931200
2015-11-24,173.77814578240549,175.41670036198724,173.3935955153303,175.01542663574219,98874400
2015-11-25,175.14082931646865,175.34147256760596,174.73118746232842,174.9903564453125,51980100
2015-11-27,175.08231090258715,175.39163752221893,174.60580070108003,175.19099426269531,37317800
2015-11-30,175.34983615940328,175.46687487233424,174.35500072135858,174.46368408203125,112822700
2015-12-01,175.0907094642138,176.24438608367103,174.81482971798422,176.12733459472656,97858400
2015-12-02,176.07713550346458,176.39481745576794,174.0791094084104,174.32991027832031,108441300
2015-12-03,174.58074318982835,174.84825481223766,171.1698838993245,171.88883972167969,166224200
2015-12-04,171.88881680030758,175.53375305796652,171.88881680030758,175.24114990234375,192913900
2015-12-07,174.91510977830603,175.33310699034556,173.21804211792656,174.179443359375,102027100
2015-12-08,172.6244829344692,174.12926260313878,172.03092131598504,173.009033203125,103372400
2015-12-09,172.37373224132259,174.45535067510497,170.69337489596222,171.66313171386719,162401500
2015-12-10,171.72999093435479,173.41033530936133,171.49591349175481,172.10618591308594,116128900
2015-12-11,169.99946637762201,170.65989634100308,168.461226986545,168.77055358886719,211173300
2015-12-14,168.92936597128627,169.74863677302443,167.15704946866128,169.62322998046875,182385200
2015-12-15,171.12806621577792,172.30682148520253,169.59819479814959,171.40394592285156,154069600
2015-12-16,172.52418754324319,174.21290007018928,171.21168276083145,173.91194152832031,197017000
2015-12-17,174.22127138167102,174.28815248113082,171.24513261517026,171.26185607910156,173092500
2015-12-18,170.52348282570219,170.65802826719286,168.05102908372263,168.2108154296875,251393500
2015-12-21,169.37977160797016,169.77502853647761,168.26968504309372,169.59841918945312,99094300
2015-12-22,170.481434581934,171.43173476122777,169.49750124975691,171.13739013671875,111026200
2015-12-23,172.13813080808546,173.298673375871,172.04562360583907,173.25662231445312,110987200
2015-12-24,173.00428806393285,173.51728009526781,172.75199458698171,172.97064208984375,48539600
2015-12-28,172.28109485418102,172.61747768253213,171.50740408322761,172.575439453125,65899900
2015-12-29,173.66863652929521,174.74507664683293,173.63500338970022,174.41709899902344,92640700
2015-12-30,174.17324391339574,174.25734602053262,173.03792962794714,173.18089294433594,63317700
2015-12-31,172.50813170157173,173.14726410227843,171.44850158691406,171.44850158691406,114877900
2016-01-04,168.60606005038835,169.0601781507124,167.008209539375,169.05177307128906,222353500
2016-01-05,169.37134067094848,169.79182564067,168.23603895201018,169.33770751953125,110845800
2016-01-06,166.79798532046539,168.24445473490096,166.17567573828563,167.20166015625,152112600
2016-01-07,164.266579741724,166.04102596230607,162.80328814076918,163.19013977050781,213436100
2016-01-08,164.14885412025239,164.70389712191917,161.11295342784626,161.39888000488281,209817200
2016-01-11,162.31559887064284,162.65199453635876,159.6329156175855,161.55873107910156,187941300
2016-01-12,162.9967561099256,163.61066040807131,160.74295060390733,162.86219787597656,172330500
2016-01-13,163.52660092153366,163.87140167382151,158.42192010045551,158.80035400390625,221168900
2016-01-14,159.4058339037432,162.52582478821185,157.81640143772412,161.40733337402344,240795600
2016-01-15,157.06802350410371,158.74154615632671,156.01681064931512,157.942626953125,324846400
2016-01-19,159.75065206514014,159.87679242059539,156.58859694511347,158.15280151367188,195244400
2016-01-20,155.60465563792062,157.68185226499943,152.232371043732,156.12605285644531,286547800
2016-01-21,156.59696377239331,158.83393328321989,155.27663526582242,157.00062561035156,195772900
2016-01-22,159.59922019374599,160.42336686312356,158.84235263666966,160.22154235839844,168319600
2016-01-25,159.71698596011285,159.91040542483697,157.60615634093995,157.79957580566406,130371700
2016-01-26,158.45551327781075,160.2299599022607,158.11913052231051,159.95243835449219,141036800
2016-01-27,159.43108907549262,161.09620602958827,157.31184114979959,158.21168518066406,185681700
2016-01-28,159.75065722654782,159.95248180179701,157.39593880190375,159.03582763671875,143798800
2016-01-29,159.80105825951978,163.0472016578334,159.68332302050027,162.91264343261719,210529300
2016-02-01,161.91195376186431,163.63594483563136,161.33168240624761,162.85383605957031,136061600
2016-02-02,161.43261768664232,161.44102276762055,159.39745885765609,159.91886901855469,182564900
2016-02-03,160.97007068979818,161.28122548332553,157.34549204497247,160.8775634765625,205054900
2016-02-04,160.38134396695014,162.09691658189121,159.75061666507509,161.12980651855469,139531800
2016-02-05,160.6168586201288,161.18871203825225,157.42957525911237,158.060302734375,180788300
2016-02-08,156.22700761015,156.5213394242484,153.72932556978992,155.93266296386719,191526700
2016-02-09,154.20023904512558,157.21091278145332,154.06568078343693,155.9410400390625,184513100
2016-02-10,156.76517780220183,158.3882432977866,155.68031961359517,155.80647277832031,148214100
2016-02-11,153.34247713354156,154.82259264665174,152.29126456215525,153.77978515625,219058900
2016-02-12,155.54579243158952,156.96702072947815,154.70482256358872,156.95021057128906,127632400
2016-02-16,158.749883486931,159.62448649198512,157.79117836331056,159.59925842285156,120250700
2016-02-17,160.75981426882714,162.57631239023576,160.63366108051162,162.20628356933594,136009500
2016-02-18,162.47542375265101,162.53429782018674,161.2307915746886,161.54194641113281,102343000
2016-02-19,160.76824088605645,161.6176160062314,160.16274143113696,161.46624755859375,114793000
2016-02-22,163.03882201667372,163.94707100179681,162.97154288827403,163.80410766601562,103640300
2016-02-23,163.14814417523996,163.41726067559446,161.61757295188102,161.73532104492188,111455300
2016-02-24,160.31407141872498,162.75287861972492,159.21240307277986,162.47535705566406,150812200
2016-02-25,162.92109906093668,164.45167047527613,162.16423126556654,164.44325256347656,110728300
2016-02-26,165.30947943673962,165.40197381805424,163.90504824121246,164.06483459472656,129833700
2016-02-29,164.08164316183976,165.02352537488105,162.58471771660658,162.77813720703125,125918100
2016-03-01,163.99751126866474,166.68862481548388,163.5265702476255,166.60452270507812,141799700
2016-03-02,166.29336429362644,167.40343769963121,165.88128449329778,167.35298156738281,102415000
2016-03-03,167.17639213163855,168.02577989932098,166.6045387886515,168.00895690917969,95172200
2016-03-04,168.20236673015884,169.32927602568247,167.37821991107634,168.55557250976562,129293600
2016-03-07,167.63891229032535,169.09379924390373,167.56322809010834,168.69012451171875,100219000
2016-03-08,167.62207678333789,168.12665087398832,166.68859995862931,166.84837341308594,123974900
2016-03-09,167.65570814209983,168.01731892828218,166.8735997032415,167.67253112792969,94801200
2016-03-10,168.16033226714995,169.09380928848529,165.99062857344666,167.80711364746094,156838700
2016-03-11,169.2536206606367,170.55712675079579,167.79034104660434,170.51507568359375,137964500
2016-03-14,170.01047529591776,170.7505200699857,169.68249755354461,170.29640197753906,73612000
2016-03-15,169.33767639070157,170.32160949911452,169.07697781054694,170.01885986328125,93169100
2016-03-16,169.53952827882171,171.40648238765817,169.49747721954162,171.0028076171875,129303200
2016-03-17,170.91875964917796,172.59228185632429,170.52350269432179,172.08770751953125,134278500
2016-03-18,172.58642628748746,173.10206436515764,172.27366664801107,172.76394653320312,138372400
2016-03-21,172.50185659245642,173.23726977202659,172.2736200235548,173.009033203125,72926700
2016-03-22,172.23982817229395,173.48243106046039,172.07923060372747,172.91607666015625,97471900
2016-03-23,172.53567375544654,172.72164239357073,171.6058305648256,171.77490234375,81052500
2016-03-24,170.75206675765449,171.73262627622688,170.53229151316006,171.69880676269531,84360900
2016-03-28,172.11299145548446,172.32431824559737,171.35222017042349,171.80023193359375,62408200
2016-03-29,171.39452408970951,173.49934416291794,171.09021290922598,173.38945007324219,92922900
2016-03-30,174.38689252345583,174.86871096060034,173.78671868598366,174.15020751953125,86365300
2016-03-31,174.05723892949831,174.47989260303018,173.56695912039737,173.72756958007812,94584100
2016-04-01,172.73854722967599,175.09694885743517,172.42577476626965,174.91098022460938,114423500
2016-04-04,174.8348995022013,175.03777788495927,174.04030862602207,174.34461975097656,63497000
2016-04-05,173.00901531062104,174.3530506026861,172.34967675608485,172.603271484375,99662200
2016-04-06,172.60332559316583,174.54753525505535,172.42580535820343,174.48835754394531,91839800
2016-04-07,173.40629284919677,173.76132027289253,171.67341076577799,172.40037536621094,113859000
2016-04-08,173.57538089461733,174.00649583036841,172.33277825338988,172.86532592773438,95040600
2016-04-11,173.49931906851236,174.19247722872257,172.36661040990907,172.4595947265625,83757500
2016-04-12,172.62868429513696,174.34465734525966,172.18912082022655,174.06570434570312,115350600
2016-04-13,174.97862148284912,175.9084647273703,174.84336921121576,175.82392883300781,96336400
2016-04-14,175.8831267424022,176.33113865758003,175.48583121032101,175.8323974609375,65212900
2016-04-15,175.83241761188859,175.96766991455871,175.31677949403209,175.63800048828125,75761600
2016-04-18,175.63790106262655,176.90586166105635,174.97856258331203,176.87205505371094,82531000
2016-04-19,177.29476856107817,177.68360271971372,176.61852010015124,177.43000793457031,88316100
2016-04-20,177.47227147877379,178.29222062132038,176.99890143737912,177.59907531738281,81100300
2016-04-21,177.6159733995986,177.72586748080948,176.37337058320233,176.64387512207031,85695000
2016-04-22,176.28884758858086,176.91436676257194,175.74785140921125,176.64387512207031,99251700
2016-04-25,176.04363019016489,176.38176072728697,175.43500812170629,176.33949279785156,66166500
2016-04-26,176.70304102989175,177.10879784072287,176.12823822876399,176.60160827636719,75864200
2016-04-27,176.22125892529519,177.35396790133811,175.86623131631319,176.96513366699219,77329400
2016-04-28,176.21276214228232,177.31165129306655,174.94480121596311,175.35899353027344,97216200
2016-04-29,174.74188544090396,175.08846444889349,173.31331437246743,174.41221618652344,142424100
2016-05-02,174.91102380143397,175.97610659248889,174.4799216261336,175.79859924316406,62188000
2016-05-03,174.57285054359738,174.80953553313523,173.52466494824083,174.26853942871094,106422100
2016-05-04,173.27956615175552,174.00653102154735,172.79773474926188,173.29646301269531,92243800
2016-05-05,173.76136247711989,174.11638998704692,172.83998063718795,173.26263427734375,67619200
2016-05-06,172.49339333129973,173.93887438698562,172.34124421931429,173.8966064453125,89315000
2016-05-09,173.76980686573199,174.47140048943743,173.59228667889047,174.04029846191406,74374900
2016-05-10,174.74193707613085,176.22122494415262,174.67431094007443,176.20431518554688,77472200
2016-05-11,175.74787107035834,176.28040598098474,174.55598449707031,174.55598449707031,81727000
2016-05-12,175.2237449131014,175.39281669215237,173.60075644146539,174.60667419433594,89586300
2016-05-13,174.31081939665557,174.86026396777297,172.76390553077735,173.08511352539062,96474600
2016-05-16,173.25418056057407,175.26600305543033,173.1950028615428,174.79263305664062,77486800
2016-05-17,174.52213902450458,174.80954039145021,172.63709458622989,173.16119384765625,114924900
2016-05-18,172.81464906527623,174.38692136473108,172.1299521265143,173.21194458007812,120062100
2016-05-19,172.49347385334042,172.89921790640599,171.4114811129183,172.61181640625,115430500
2016-05-20,173.22034766601115,174.21781685643347,173.16963129839655,173.70217895507812,104990400
2016-05-23,173.71909700572874,173.99804996000537,173.27954650053434,173.46551513671875,58682600
2016-05-24,174.27701511625924,176.02680752513348,174.25165692758279,175.71403503417969,93537800
2016-05-25,176.39023068428872,177.32007365192106,175.71398242586181,176.90586853027344,76621400
2016-05-26,177.04117041438258,177.26940700651471,176.64387493482036,176.95663452148438,55280700
2016-05-27,177.11718776058558,177.72580987740929,177.06647140057731,177.71736145019531,64211200
2016-05-31,177.98789472041207,178.09778879176213,176.82136657335826,177.3792724609375,109879400
2016-06-01,176.77070173826971,177.92032046373686,176.57628462320091,177.74281311035156,69936200
2016-06-02,177.34549124942043,178.30067981979306,176.87212117943628,178.28378295898438,63044700
2016-06-03,177.72580148916146,178.09773864281715,176.55082524376448,177.75115966796875,101757100
2016-06-06,178.10625841860303,179.01074348626975,177.94564795624228,178.65571594238281,64887000
2016-06-07,178.80784042031084,179.4925372247059,178.78248223484178,178.93463134765625,60974800
2016-06-08,179.06988674393691,179.64470238750525,178.94309581436713,179.51789855957031,66170900
2016-06-09,178.79093478154198,179.39110861431743,178.52044316418721,179.27276611328125,73786900
2016-06-10,177.90336926227769,178.24148700246033,177.03269092949563,177.57369995117188,113829200
2016-06-13,176.97354797252618,177.82730375580104,176.11979218925129,176.20431518554688,117751200
2016-06-14,175.82390517781542,176.44943717618631,174.91097181466529,175.85771179199219,125059300
2016-06-15,175.85777389070537,176.97358602802487,175.42667169130613,175.61264038085938,109124500
2016-06-16,175.61257137659956,176.3057294740903,173.78670472299714,176.13665771484375,149533100
2016-06-17,176.033014798285,176.05850485768823,174.82643777990978,175.480712890625,117055700
2016-06-20,177.43500710950025,178.10626685198173,176.52581857142499,176.61079406738281,82789600
2016-06-21,176.99316366305985,177.51997545201309,176.55131440740573,177.11212158203125,72461700
2016-06-22,177.29059917623738,178.01285221148314,176.6788117256736,176.82327270507812,95560500
2016-06-23,178.27625795292974,179.17694143028672,177.81742384830335,179.12596130371094,102731400
2016-06-24,173.02509410890087,179.1599532196565,172.2518609629972,172.69371032714844,333444400
2016-06-27,171.29168557521669,171.30019090612234,168.7935557923299,169.60078430175781,230775800
2016-06-28,171.19817759408187,172.68515802460951,170.89228395832714,172.65966796875,159382400
2016-06-29,174.05318920322799,175.82906566552239,173.95122897471458,175.59965515136719,137328600
2016-06-30,176.06698710863597,178.04678394513175,175.51467230793205,177.99580383300781,165021900
2016-07-01,177.99584892144873,178.85405757773114,177.83440321519981,178.36972045898438,106055300
2016-07-05,177.54544281111083,177.65590835226263,176.49181936789969,177.08660888671875,109803700
2016-07-06,176.59386018302237,178.26777692778586,175.93958493097367,178.14881896972656,96021500
2016-07-07,178.3271955191567,178.98996293735152,177.27357191353474,178.03829956054688,85593800
2016-07-08,179.32988980433601,180.93582857417718,179.10046627566044,180.68940734863281,133971000
2016-07-11,181.14824498624836,181.89598802426735,180.94431153075868,181.32667541503906,73633900
2016-07-12,182.28686393145924,182.94113916028226,181.35218503314061,182.64373779296875,101275600
2016-07-13,183.06004383663773,183.06853620035284,182.13387053950225,182.61819458007812,87324100
2016-07-14,183.87574847601795,184.10517194686253,183.24697647024917,183.63783264160156,91230900
2016-07-15,184.19867977283846,184.394107900916,182.94961488842702,183.39146423339844,107155400
2016-07-18,183.51043630721267,184.04575357473655,183.25552270527538,183.88430786132812,58725900
2016-07-19,183.46793365806346,183.73133960469437,183.2215254076342,183.69735717773438,54345700
2016-07-20,183.69736933902962,184.70001306876955,183.69736933902962,184.46209716796875,58159500
2016-07-21,184.35163243052796,184.57255061947964,183.32348573966109,183.76533508300781,67777300
2016-07-22,183.88428332133688,184.64051869471388,183.62087738848371,184.58953857421875,62787500
2016-07-25,184.38558182789097,184.43656194194426,183.51038862880034,184.08818054199219,55873100
2016-07-26,183.98626673898971,184.53007636851208,183.33199152418422,184.17320251464844,70080500
2016-07-27,184.5470523114183,184.61503012777584,183.21301197560646,183.97775268554688,84083900
2016-07-28,183.78230340812408,184.47906627064395,183.32346937496968,184.19017028808594,65035700
2016-07-29,183.92675458751242,184.844422605039,183.64635098448537,184.487548828125,79519400
2016-08-01,184.54702050402642,184.93787667391334,183.88425311557421,184.3345947265625,73311400
2016-08-02,184.08819970987324,184.24115303340008,182.32082839994354,183.15353393554688,92295500
2016-08-03,183.09403788081178,183.74831296075291,182.79664954661428,183.68882751464844,53993600
2016-08-04,183.79933233886757,184.19869395663233,182.04894548591287,183.88430786132812,46585500
2016-08-05,183.88429438086453,185.43074764581084,183.88429438086453,185.38825988769531,71892200
2016-08-08,185.57518988034602,185.67716308974096,185.01439557316738,185.27780151367188,39906500
2016-08-09,185.34578509502322,185.88108935785985,185.06538144999288,185.38825988769531,51251700
2016-08-10,185.4987583746688,185.57522857357711,184.58107709143189,184.92945861816406,57941100
2016-08-11,185.45625962486258,186.03406467954329,185.19285364503773,185.78764343261719,72504300
2016-08-12,185.48169871991223,185.83858545983358,185.22679814202752,185.62615966796875,61313500
2016-08-15,185.99154570606294,186.50986521228654,185.98305334103861,186.16148376464844,49813500
2016-08-16,185.74513401953985,185.81309886935878,185.20132446289062,185.20132446289062,53213600
2016-08-17,185.23526611798286,185.68560770020883,184.40256075383064,185.54965209960938,75134300
2016-08-18,185.52419988498724,186.00003161869705,185.41374728173182,185.96604919433594,52989300
2016-08-19,185.4987399467648,185.8726115026584,185.01441576968043,185.69416809082031,75443000
2016-08-22,185.45623017437353,185.91507719867337,185.09086399339671,185.68565368652344,61368800
2016-08-23,186.29742513423651,186.59482643807337,186.00002383039967,186.05950927734375,53399200
2016-08-24,185.91506457591981,186.00853244745392,184.69148988145241,185.10784912109375,71728900
2016-08-25,184.72549412913961,185.39676700367531,184.57255375698327,184.98040771484375,69224800
2016-08-26,185.16733625551717,186.18697759310794,183.74833334117491,184.63201904296875,122506300
2016-08-29,184.75945811639133,185.80458937813714,184.72546272917282,185.54118347167969,70502200
2016-08-30,185.45622396033679,185.73662758458175,184.68300386790159,185.23530578613281,58114500
2016-08-31,184.90392421035452,185.02288214638892,183.93526302680513,184.70849609375,85269500
2016-09-01,184.70001280074456,185.00590652496516,183.56141342492953,184.71701049804688,97844200
2016-09-02,185.56664979104423,185.97450362740292,184.98035260821879,185.54965209960938,79293900
2016-09-06,185.83008528271236,186.18695906708723,185.11633771396262,186.11048889160156,56702100
2016-09-07,185.94904261442906,186.27193397492189,185.49020859754495,186.09349060058594,76554900
2016-09-08,185.76207747367664,186.03398867430494,185.36271600115361,185.66860961914062,74102900
2016-09-09,184.36007682465325,184.41105693457354,181.19918035519612,181.22467041015625,221589100
2016-09-12,180.46844336840837,184.22412956612516,180.40046556362213,183.82476806640625,168110900
2016-09-13,182.55021246279313,182.81361835158876,180.56191030339323,181.18218994140625,182828800
2016-09-14,181.23320049009482,182.43128518431683,180.56194062738072,181.11424255371094,134185500
2016-09-15,180.95281320717464,183.30648191855082,180.77436981654438,182.92411804199219,134427900
2016-09-16,182.31090472165383,182.4902494601258,181.53377893743152,182.21696472167969,155236400
2016-09-19,182.86605270272938,183.50654930012172,181.92665248084597,182.25117492675781,80250500
2016-09-20,183.1051341044178,183.25884700248145,182.2255199941184,182.25967407226562,69665300
2016-09-21,182.95996619560697,184.48861211944993,182.27676731793207,184.30928039550781,110284400
2016-09-22,185.31700546359937,185.76962199207247,185.06935252631513,185.47071838378906,76678700
2016-09-23,185.07788075540699,185.21452314433975,184.36052775991317,184.4544677734375,73630900
2016-09-26,183.62612218361085,183.80545394726772,182.76357836004044,182.96000671386719,89827300
2016-09-27,182.79768771836007,184.18969112891062,182.43046298105889,184.09576416015625,78494800
2016-09-28,184.31784825725526,185.16330848389094,183.36137747790448,185.00958251953125,87411000
2016-09-29,184.80458160763706,185.20596044958225,182.78915213586723,183.33570861816406,128070600
2016-09-30,184.16408772176285,185.41946189947149,183.91643480964768,184.71919250488281,117202900
2016-10-03,184.30931360142856,184.49718062147466,183.6431851282554,184.275146484375,83512100
2016-10-04,184.3861322416042,184.60816633315358,182.74646279471364,183.33570861816406,119948100
2016-10-05,183.95913841626216,184.57401610052685,183.89081722568446,184.14701843261719,72816000
2016-10-06,183.92500520473021,184.49718062147466,183.3869969050393,184.275146484375,62927400
2016-10-07,184.5484039938564,184.71920046104418,182.91726971570253,183.64315795898438,89788300
2016-10-10,184.599609375,185.0607610589214,184.45443175171116,184.599609375,51855000
2016-10-11,184.17269965574511,184.24102086947295,181.54239156644945,182.26828002929688,130367400
2016-10-12,182.40488168196612,183.02830773126979,181.90956276636723,182.50736999511719,73866100
2016-10-13,181.18365766516459,182.40486476810696,180.37236468400783,181.9095458984375,101357000
2016-10-14,182.8830931438124,183.34425791539365,181.92662255228754,182.00347900390625,93346200
2016-10-17,181.97789627449495,182.23409752829875,181.19222198551714,181.37156677246094,58275700
2016-10-18,182.95998653281447,183.01975943712776,182.13160991908106,182.50736999511719,76869700
2016-10-19,182.77210650321214,183.30157950259496,182.41342998450736,182.994140625,66519200
2016-10-20,182.6439938203751,183.20763391733061,181.99496200114302,182.65254211425781,73639800
2016-10-21,182.65252332556983,182.82331978348961,181.69603970553706,182.7379150390625,89089100
2016-10-24,183.60901570123647,183.88230049108293,183.16493443320397,183.51507568359375,60146600
2016-10-25,183.33569463099104,183.59189581303832,182.73790056016966,182.90016174316406,66542300
2016-10-26,182.08037296255412,183.11370014460235,181.84124225159334,182.53298950195312,75705500
2016-10-27,183.25034029279843,183.28449437626719,181.96934715227448,182.04620361328125,77220200
2016-10-28,182.02058116932071,182.69523180962065,180.79937398784872,181.5081787109375,140623200
2016-10-31,181.84124830762158,182.06329546856531,181.35447766812322,181.51673889160156,61272500
2016-11-01,181.84119205076937,181.89244270885695,178.99739949620968,180.20152282714844,122781800
2016-11-02,179.89413032457617,180.27843868899564,178.68145838977213,179.11700439453125,103330800
2016-11-03,179.3304744269453,179.54397324800323,178.02386268454555,178.29713439941406,88939300
2016-11-04,178.40816209729829,179.24507384660942,177.95554562862452,178.10072326660156,109122100
2016-11-07,178.10069797102224,182.06323509779662,178.10069797102224,182.02906799316406,109794900
2016-11-08,181.6362965160798,183.41260863701984,181.37156000836592,182.84896850585938,106772100
2016-11-09,181.36302155876751,185.40242968708276,181.33740273604562,184.78755187988281,258429000
2016-11-10,185.57316432198863,186.43569480495751,183.79685269675403,185.24864196777344,172113300
2016-11-11,184.53131524308765,185.06078818574503,183.88228347367101,184.82167053222656,100552700
2016-11-14,185.34260267593842,185.5475662432321,184.22387089519597,184.96684265136719,94580000
2016-11-15,185.35116668357506,186.41012573242188,185.14621611543055,186.41012573242188,91652600
2016-11-16,185.79526103549384,186.29057999491258,185.67570218535394,186.05999755859375,65617700
2016-11-17,186.21369124955535,187.07622187385005,186.10266768262042,187.01644897460938,69797200
2016-11-18,187.08479086709053,187.25558735216379,186.4186624227128,186.59800720214844,86265800
2016-11-21,187.17019862550617,188.03272941911158,187.02502094921246,188.00711059570312,72402600
2016-11-22,188.31448165775444,188.55359927737081,187.64836642726124,188.374267578125,67429000
2016-11-23,187.86189841231175,188.52801376045227,187.66548312527937,188.47677612304688,56620200
2016-11-25,188.8184017170154,189.21123233191221,188.74153222198203,189.17707824707031,37872300
2016-11-28,188.86964889000694,189.14292067534129,188.1864498802652,188.28892517089844,76572500
2016-11-29,188.32300931577677,189.1086832699942,188.02410580853982,188.65606689453125,69886700
2016-11-30,189.27103138798421,189.4332926218375,188.14375104601663,188.20353698730469,113291800
2016-12-01,188.50237388560947,188.50237388560947,187.15305978393636,187.51174926757812,79040500
2016-12-02,187.59719288541658,188.09251184695535,187.24705159745926,187.60572814941406,74840300
2016-12-05,188.4340676083672,189.07456411693533,188.23765232773474,188.73297119140625,67837800
2016-12-06,188.92086588064257,189.36494714306397,188.4426305353899,189.33078002929688,59877400
2016-12-07,189.17706563752486,191.86714594909836,189.05750680214237,191.807373046875,110738100
2016-12-08,191.78177842075769,192.74678448846174,191.51702886600049,192.27708435058594,99714400
2016-12-09,192.49913507671366,193.45560589808821,192.46496795827164,193.43852233886719,88005800
2016-12-12,193.34454001164195,193.82278834864064,192.79798351457825,193.21644592285156,102016100
2016-12-13,193.87401799993626,195.00128502767251,193.85693444515616,194.50596618652344,110477500
2016-12-14,194.20707871517268,194.9073481010056,192.46492096624655,192.90046691894531,142501800
2016-12-15,193.13965597432892,194.54874355996077,192.90907350417379,193.69474792480469,124972600
2016-12-16,194.14914666021619,194.20928498412835,192.99805090404419,193.31588745117188,156420200
2016-12-19,193.49627408622837,194.15773005848882,193.35024073531872,193.73680114746094,90341100
2016-12-20,194.26938888388705,194.63019257228481,194.03746050844165,194.48414611816406,89838800
2016-12-21,194.35524698360638,194.52705010524872,193.94291687011719,193.94291687011719,67909000
2016-12-22,193.7969128096895,193.91717632376344,193.21276637865904,193.60792541503906,56219100
2016-12-23,193.65090878603661,193.90003454615945,193.46193445773551,193.89144897460938,36697800
2016-12-27,194.15770982245942,194.7676129828244,194.14052557480761,194.37246704101562,42672500
2016-12-28,194.63018703901284,194.64735817969307,192.65441791828655,192.76608276367188,64095000
2016-12-29,192.83480937821537,193.1870143832582,192.28503139062656,192.72314453125,48696100
2016-12-30,193.0495852394987,193.13549338336978,191.33152722401641,192.01875305175781,108998300
2017-01-03,193.3158546351365,193.99449479504997,192.31939108978972,193.4876708984375,91366500
2017-01-04,193.81407474891321,194.78478149283592,193.80548917965118,194.63874816894531,78744400
2017-01-05,194.37248126960412,194.638778142869,193.69384106895362,194.48414611816406,78379000
2017-01-06,194.59583090323432,195.64384729190249,194.05463845938746,195.17997741699219,71559900
2017-01-09,194.92225069076343,195.05969846051255,194.50132181130951,194.53569030761719,46939700
2017-01-10,194.55286144803023,195.38612052899077,194.14911681673016,194.53569030761719,63771900
2017-01-11,194.44980880377815,195.08549499511719,193.78835279054965,195.08549499511719,74650000
2017-01-12,194.57002486213338,194.78478206396795,193.24712626623767,194.59579467773438,72113200
2017-01-13,194.76761545137668,195.34316323147314,194.73326006337803,195.04251098632812,62717900
2017-01-17,194.40682528050235,194.81056990593012,193.96872526700736,194.35528564453125,61240800
2017-01-18,194.60441870404389,194.82777462704385,194.0546406830118,194.78482055664062,54793300
2017-01-19,194.86209240708132,194.99954016274512,193.63368749865208,194.06320190429688,66608800
2017-01-20,194.74184610378717,195.26585424928098,194.11475868630788,194.77621459960938,129168600
2017-01-23,194.77623096881686,194.83635617994787,193.51345734990758,194.26939392089844,75061600
2017-01-24,194.48412377975026,195.92729904435441,194.37245894401616,195.51496887207031,95555300
2017-01-25,196.45992651817147,197.20729064941406,196.29670891355826,197.20729064941406,84437700
2017-01-26,197.06120857616509,197.32751852426006,196.72618785640532,197.00108337402344,59970700
2017-01-27,197.07840913926478,197.22444247968724,196.51144691804279,196.69184875488281,59711100
2017-01-30,196.00460906777474,196.03037888438419,194.49272302648026,195.47201538085938,79737300
2017-01-31,194.98236549341132,195.51497229583404,194.41541641199498,195.454833984375,75880800
2017-02-01,195.45488657316525,196.36545530561506,194.9480625591026,195.53219604492188,79117700
2017-02-02,195.53216379489243,195.94450712507191,194.84495112674284,195.66102600097656,69657600
2017-02-03,196.56298850611725,197.19007589886635,196.25373759461604,197.00967407226562,80563200
2017-02-06,196.60594632353383,197.00110539735095,196.32246520470133,196.65748596191406,57790100
2017-02-07,197.04411262238983,197.28463973821272,196.47715023177383,196.6661376953125,57931200
2017-02-08,196.66613202205741,197.05269251078272,196.12493947319538,196.92384338378906,51566200
2017-02-09,196.92380686219033,198.39273906846634,196.92380686219033,198.09208679199219,65955200
2017-02-10,198.43569449439863,199.09715047954771,198.109259287333,198.87379455566406,66015900
2017-02-13,199.36339903137048,200.21384223466117,199.33762921682276,199.95613098144531,55182100
2017-02-14,199.77577342501249,200.76366459654861,199.43216708310359,200.75506591796875,71109000
2017-02-15,200.54029652138877,201.99205747727612,200.48875688400074,201.80307006835938,86785800
2017-02-16,201.82887489338543,202.00927676327441,200.88395079264967,201.63130187988281,84722400
2017-02-17,200.96978909393363,201.94908142089844,200.9526048474284,201.94908142089844,77204100
2017-02-21,202.31855036297171,203.32361290192492,202.30995168246056,203.15180969238281,88946100
2017-02-22,202.74798596072392,203.1946715099792,202.58476838752929,202.97132873535156,62115200
2017-02-23,203.48676997916627,203.50394111958892,202.35284553971434,203.10879516601562,74615900
2017-02-24,202.26692976537299,203.40942655009553,202.22397570324117,203.36648559570312,82381600
2017-02-27,203.28064248779106,203.85619040276794,203.03152982013438,203.68438720703125,56515400
2017-02-28,203.30640096446803,203.54692804662338,202.74803733255226,203.13459777832031,96961900
2017-03-01,204.78388621854029,206.44181870851824,204.76670197144094,205.97793579101562,149158200
2017-03-02,205.78898883041961,205.79758750952877,204.62930752428397,204.68084716796875,70246000
2017-03-03,204.5949198902585,204.97289471892341,204.21694506159358,204.80967712402344,81974300
2017-03-06,204.01939671842646,204.5519905280137,203.59846777061998,204.19979858398438,55391500
2017-03-07,203.89912523381324,204.25133027186428,203.38370258750723,203.58987426757812,65103700
2017-03-08,203.88194037727087,204.13965169965755,203.07445101740572,203.21189880371094,78168800
2017-03-09,203.33214146120667,203.79602441541863,202.50748104353806,203.46958923339844,90683900
2017-03-10,204.42312899634726,204.46608306722703,203.23766480032393,204.18260192871094,81991700
2017-03-13,204.12245744905488,204.3286291184119,203.79603535725005,204.28567504882812,57256800
2017-03-14,203.74446380575915,203.79601654914697,202.89403360209778,203.50393676757812,59880800
2017-03-15,204.07091913324487,205.68589778433662,203.83897764218042,205.26496887207031,96081800
2017-03-16,205.40238315086498,205.47969259936318,204.53476875521514,204.86119079589844,78344000
2017-03-17,205.12259632066389,205.31240587517215,204.50140380859375,204.50140380859375,89002100
2017-03-20,204.50141401919228,204.78612836517027,203.88885756113731,204.277099609375,52537000
2017-03-21,204.88104650841805,205.00183322385271,201.52488723873597,201.654296875,131809300
2017-03-22,201.68883923366832,202.41355961375712,201.06764657508759,202.12884521484375,97569200
2017-03-23,202.12886904531643,203.04339913250152,201.54219433458178,201.91317749023438,100410300
2017-03-24,202.21512154769727,202.78453716514386,200.98999527263658,201.7664794921875,112504900
2017-03-27,200.10132571992898,201.81823491644124,199.82524742676122,201.55940246582031,87454500
2017-03-28,201.25743479982341,203.44885471585678,201.14527100359123,203.02610778808594,93483900
2017-03-29,202.74140106431437,203.44886238743723,202.51707346339117,203.21591186523438,61950400
2017-03-30,203.15552999280033,204.06143701011919,202.98297940968379,203.86299133300781,56737900
2017-03-31,203.52650607361866,204.05279389108298,203.33669648930265,203.38847351074219,73733100
2017-04-03,203.44026066489053,203.63869319312118,201.80963316908782,203.03475952148438,85546500
2017-04-04,202.74996910723706,203.25037486608164,202.37035003744035,203.16409301757812,56466200
2017-04-05,203.83713195325583,204.81206194462604,202.35317307771257,202.56024169921875,108800600
2017-04-06,202.69827087803006,203.64730569496527,202.25825173889314,203.12965393066406,69135800
2017-04-07,202.87942071232564,203.61277708212893,202.43941478930236,202.92256164550781,74412300
2017-04-10,203.06063974628262,203.83712400832349,202.51709286399407,203.04338073730469,67615300
2017-04-11,202.66375784908317,202.90533131132202,201.31784479810486,202.80180358886719,88045300
2017-04-12,202.52574729916523,202.71555692081887,201.68886301226544,201.91317749023438,81864400
2017-04-13,201.57666019979496,202.31001661112745,200.60173034667969,200.60173034667969,92880400
2017-04-17,201.11938415921915,202.3790283203125,200.92095166399889,202.3790283203125,68405400
2017-04-18,201.64566056275982,202.30999403591392,201.09349087676208,201.77507019042969,83225800
2017-04-19,202.33591803559278,202.70690115523192,201.17980140736037,201.40412902832031,68699900
2017-04-20,202.01668692176702,203.48339989525888,201.69746766189169,203.04338073730469,92572200
2017-04-21,202.96569946578953,203.01746331890843,201.99940576819876,202.39627075195312,110389800
2017-04-24,204.63089159988832,204.82933731480338,202.37044825148874,204.62226867675781,119209900
2017-04-25,205.26072684126791,206.15799797125723,205.17444494819824,205.81289672851562,76698300
2017-04-26,205.77837649513734,206.65840176887531,205.64034389838443,205.6834716796875,84702500
2017-04-27,206.00264092985702,206.1579324903357,205.32104841949567,205.85597229003906,57410300
2017-04-28,206.1147793456623,206.14066127087531,205.27789532440579,205.40731811523438,63532800
2017-05-01,205.92501831054688,206.34777846325539,205.51089424478687,205.92501831054688,66882500
2017-05-02,206.06302654432156,206.18381325671331,205.5971387007431,206.00263977050781,57375700
2017-05-03,206.00262037527455,206.0975251521302,205.07945453088197,205.75241088867188,73137700
2017-05-04,206.05440323436233,206.13204901401798,205.1484963107537,205.99400329589844,61462700
2017-05-05,206.36503246575137,206.82229746086,205.92501331458789,206.80503845214844,62001300
2017-05-08,206.84818412390703,206.99485278939494,206.34777817795415,206.77053833007812,48385700
2017-05-09,207.02931518062752,207.22774765535095,206.23555895220755,206.58067321777344,51363200
2017-05-10,206.53759710752405,206.95172119140625,206.33052848319932,206.95172119140625,54293800
2017-05-11,206.50306399394864,206.69287358241365,205.45048833601197,206.52894592285156,62358300
2017-05-12,206.2787732193799,206.5721105758289,205.91641298527799,206.18386840820312,53912700
2017-05-15,206.60658023464333,207.44346432873161,206.58932122807815,207.32267761230469,61918900
2017-05-16,207.61603570807566,207.64191763813506,206.74464667828815,207.13288879394531,51241800
2017-05-17,207.13288305142774,207.13288305142774,203.39710432748612,203.45750427246094,172174100
2017-05-18,203.3798156405783,205.12260656227809,203.12098322016524,204.277099609375,107047700
2017-05-19,204.76025169239898,206.27009215798319,204.70848783994123,205.60575866699219,115011400
2017-05-22,206.11484101574749,206.81369269988741,206.04583130437399,206.64976501464844,61010600
2017-05-23,207.02072800972687,207.27093755697564,206.64110881029163,207.10700988769531,48341700
2017-05-24,207.33998303359678,207.6937071763966,207.00349157169038,207.59017944335938,46927700
2017-05-25,208.09917427224806,208.85841262956913,207.89211884008088,208.58232116699219,64071700
2017-05-26,208.39253325515998,208.70312960048525,208.31488746002037,208.53921508789062,46629900
2017-05-30,208.21992548366171,208.60816751752535,208.06463393602158,208.35797119140625,35201900
2017-05-31,208.65132977757364,208.68584779042027,207.61601319317401,208.30622863769531,91796000
2017-06-01,208.76352414554896,209.98002756363837,208.4788097393089,209.9627685546875,68962000
2017-06-02,210.01450080915959,210.81688004503397,209.7211635249752,210.66157531738281,88666100
2017-06-05,210.48904287204337,210.77375725994833,210.3078562016436,210.50630187988281,44698800
2017-06-06,209.94549414389621,210.49766390691767,209.75568455366084,209.83334350585938,50375400
2017-06-07,210.16980902082295,210.44588730323053,209.50547549523361,210.22157287597656,54144300
2017-06-08,210.31648083869817,210.79962771377498,209.7988159498216,210.32510375976562,65950700
2017-06-09,210.59256449448196,211.38630769016876,208.74624565207091,210.00588989257812,132256400
2017-06-12,209.76433602843528,210.01453241677359,209.117261422826,209.9627685546875,86108100
2017-06-13,210.49768839506231,211.04123529985745,210.15258718981383,210.98947143554688,60067000
2017-06-14,211.25691089926207,211.26553382107394,209.90236178312665,210.72200012207031,78602300
2017-06-15,209.37605754936908,210.43726926369385,209.09997926055743,210.31648254394531,66464900
2017-06-16,210.47521386871369,210.52723017531824,209.48686435632018,210.36250305175781,84553100
2017-06-19,211.18605582964852,212.17440501626334,211.09068822265215,212.11372375488281,65123800
2017-06-20,211.75827945203483,211.76694442469216,210.66589759374787,210.6832275390625,56906400
2017-06-21,211.07335999027543,211.18605754202875,210.16303523046781,210.63119506835938,55977600
2017-06-22,210.63984291287238,211.13401082448709,210.36240510153831,210.53579711914062,44148100
2017-06-23,210.5965572329753,211.11673344789349,210.21508673798837,210.78729248046875,66986800
2017-06-26,211.45481868793817,211.87097546785719,210.7178991944742,210.92596435546875,56700500
2017-06-27,210.7091862550555,211.00396723280721,209.20932614131149,209.22666931152344,82247700
2017-06-28,210.24105677624263,211.29876541916607,210.00697024603113,211.099365234375,70042600
2017-06-29,211.24678645033342,211.29880274868893,208.03898683839509,209.24407958984375,106949700
2017-06-30,210.05031405965292,210.42311950029898,209.44343532612194,209.63417053222656,86820700
2017-07-03,210.57055579302573,211.00404260041984,209.98968505859375,209.98968505859375,39153800
2017-07-05,210.35376768150232,210.68320858940575,209.54747551205259,210.47514343261719,54427600
2017-07-06,209.71220203435601,209.8335777851548,208.36839057474916,208.55046081542969,65400800
2017-07-07,209.12266804298659,210.05032273922362,208.55912737294966,209.90293884277344,57972300
2017-07-10,209.90293335006723,210.50114712110005,209.59948736422132,210.12834167480469,36663300
2017-07-11,210.12839998180763,210.28446211836459,208.81060955449681,209.97235107421875,50354600
2017-07-12,210.9346576321268,211.71492849955277,210.9346576321268,211.55020141601562,59610400
2017-07-13,211.5589012768821,212.01839622591481,211.33347967466187,211.90568542480469,39471600
2017-07-14,211.90564799352268,213.24945948004287,211.81028038534473,212.89399719238281,60262700
2017-07-17,212.81599517902561,213.19746565192824,212.69461941300807,212.86801147460938,33531900
2017-07-18,212.46050827823697,213.03271392140289,212.12238916708705,212.98069763183594,42742500
2017-07-19,213.29283890987202,214.14246929446003,213.2841607077344,214.13380432128906,51034300
2017-07-20,214.38519010386159,214.50656585569095,213.68294373763698,214.22914123535156,47135200
2017-07-21,213.65692071154007,214.06439925622144,213.43149916743999,214.03839111328125,82340800
2017-07-24,213.96033727264219,214.12506431811352,213.51818564713727,213.98635864257812,46622300
2017-07-25,214.73196960532394,214.83601541107564,214.28115295326981,214.50656127929688,54915600
2017-07-26,214.79265083895899,214.82732395276011,214.25513158677771,214.51521301269531,47575400
2017-07-27,214.97470406923577,215.00937718029547,212.99799278580355,214.3157958984375,70766600
2017-07-28,213.83900103873171,214.19446333630827,213.38818435928198,214.06442260742188,50088400
2017-07-31,214.46323036159643,214.55859797571054,213.73497579688825,213.94305419921875,65838700
2017-08-01,214.5412671176901,214.57594023678143,213.89970196829188,214.41989135742188,55050400
2017-08-02,214.54993392803271,214.662644716735,213.59625778278055,214.52392578125,47211200
2017-08-03,214.41117504181935,214.43718318375602,213.83030449029465,214.10774230957031,40856000
2017-08-04,214.59329242240065,214.82736575126967,214.11645433383487,214.4979248046875,60191800
2017-08-07,214.56722662240449,214.89666748046875,214.46318083078597,214.89666748046875,31995000
2017-08-08,214.58455643506318,215.79832699082584,213.99502094174966,214.36781311035156,61719400
2017-08-09,213.68292322041066,214.41117766146201,213.32746097098197,214.35916137695312,62632600
2017-08-10,213.52687674210125,213.6569306918411,211.28141877028361,211.33343505859375,120479500
2017-08-11,211.55886418157053,212.2351024117232,211.32477764683614,211.64555358886719,74869900
2017-08-14,212.92001492033617,213.96038045612352,212.88534180169498,213.74363708496094,73291900
2017-08-15,214.1250994302894,214.14244260343631,213.41418807884588,213.71762084960938,55242700
2017-08-16,214.23782275073549,214.63663638266544,213.66561706408348,214.09043884277344,56715500
2017-08-17,213.48353766081379,213.79564861818639,210.7525634765625,210.7525634765625,128490400
2017-08-18,210.58784005945023,211.70624318814319,209.98096130653698,210.42312622070312,136748000
2017-08-21,210.36246699989866,210.84797008362776,209.66022052315,210.58787536621094,65469700
2017-08-22,211.16872667254094,212.94601163751298,211.15138349966844,212.78996276855469,63140100
2017-08-23,211.82765361632846,212.45187564407556,211.68026969713355,212.02705383300781,50203800
2017-08-24,212.4085058976072,212.56455477652642,211.32478903078268,211.53286743164062,50741700
2017-08-25,212.3218216713976,212.93737872588625,211.8796699138129,212.02705383300781,64445900
2017-08-28,212.55585111283773,212.58185925459006,211.61951832286454,212.03567504882812,40565600
2017-08-29,210.7265525878525,212.53852381976515,210.61384181253018,212.2784423828125,51135700
2017-08-30,212.2611267744893,213.5529220712823,212.07905651601493,213.28414916992188,62030800
2017-08-31,213.89968749141116,214.81001224629438,213.31881687594364,214.5672607421875,103803900
2017-09-01,214.94008701250172,215.29554935301522,214.72334361886669,214.8707275390625,62007000
2017-09-05,214.36780362126316,214.59322513552098,212.36509750621255,213.32743835449219,91398800
2017-09-06,214.00372406587485,214.38519450201161,213.47486973013341,214.05574035644531,57916900
2017-09-07,214.35920881876066,214.37655199375652,213.62227601455146,214.02975463867188,58034700
2017-09-08,213.74364922171279,214.23783048592747,213.53558404012031,213.77833557128906,63832800
2017-09-11,215.04405548210252,216.13645032681001,215.02672554063565,216.05842590332031,71364800
2017-09-12,216.4225853869284,216.82138576355234,216.24051514266796,216.78671264648438,56896000
2017-09-13,216.5006268937401,216.92544867786958,216.38791610369299,216.89076232910156,59228000
2017-09-14,216.56994890171208,217.02077875495351,216.39655687476187,216.82136535644531,95446300
2017-09-15,216.67762799637953,217.20038561340729,216.57307913189729,217.11326599121094,95432400
2017-09-18,217.47918658122356,217.92353252183636,217.19166392743324,217.57502746582031,46235200
2017-09-19,217.81898389418555,217.87997959109146,217.47047883780115,217.7928466796875,47108100
2017-09-20,217.88002864292014,217.98457752444963,216.87805311466042,217.87130737304688,59574100
2017-09-21,217.71442081132639,217.80154042242248,217.11323832791953,217.28749084472656,48211400
2017-09-22,216.99131857041976,217.49666031124144,216.96518135060299,217.33111572265625,51214000
2017-09-25,217.07840052513041,217.42691888655668,216.14614215937439,216.88671875,57064400
2017-09-26,217.31370202233495,217.55765828782063,216.78222302367988,217.01747131347656,54082000
2017-09-27,217.71444876388071,218.24592764987884,216.83445150490712,217.86256408691406,81001400
2017-09-28,217.58379265803785,218.20240458395338,217.49667301843147,218.12399291992188,44778800
2017-09-29,218.11525085510596,218.96911098633009,217.93229032314218,218.89068603515625,85578000
2017-10-02,219.11717146994283,219.84033203125,218.94290566173225,219.84033203125,59023000
2017-10-03,219.84038408200522,220.33700452806738,219.76195913189625,220.31086730957031,66810200
2017-10-04,220.16276478522528,220.81622187491448,220.0494946354012,220.572265625,55953600
2017-10-05,220.90328184235207,221.89653581860907,220.6070512324157,221.87911987304688,63522800
2017-10-06,221.43478306625389,221.9139875099942,221.17341091022851,221.62646484375,80646000
2017-10-09,221.85301843326477,221.91400084179554,220.99915835689742,221.26054382324219,35803100
2017-10-10,221.82688336786683,222.21895492387861,221.28668318694972,221.84429931640625,43057400
2017-10-11,221.74842033186039,222.19277954101562,221.58288908146568,222.19277954101562,47674300
2017-10-12,221.87918461635664,222.22768975390164,221.62650709121053,221.86175537109375,47065100
2017-10-13,222.2973957914904,222.41066594496903,221.86175771764218,222.13185119628906,54800400
2017-10-16,222.35833391748938,222.6197060584137,222.01853683967224,222.42802429199219,38221700
2017-10-17,222.37578885832031,222.62846636500922,222.1579698396109,222.58489990234375,31561000
2017-10-18,222.9594966198149,223.00306307356746,222.6109915790245,222.80267333984375,40888300
2017-10-19,222.02726047930824,222.89853646284217,221.60905172970456,222.86367797851562,61903800
2017-10-20,223.65656366015176,224.03992723384582,222.84627005309531,224.01376342773438,89176400
2017-10-23,224.33617238355043,224.36230960211688,223.06409017535535,223.14250183105469,63915300
2017-10-24,223.56940437990878,223.76978082259956,223.17731958374134,223.5345458984375,66935900
2017-10-25,223.20345933083723,223.31672945498144,221.30408420217105,222.42802429199219,103715300
2017-10-26,223.03794206480885,223.30802219583489,222.59358280813078,222.71556091308594,69798000
2017-10-27,223.45614062888649,224.69336415870453,222.72427203250467,224.53651428222656,85562500
2017-10-30,223.45617803770907,224.44072426563199,223.40390359987563,223.70013427734375,54285700
2017-10-31,224.07473645739699,224.3012767069032,223.75236861878045,224.04859924316406,60304800
2017-11-01,224.82409696890787,225.16388082857785,223.97895807074607,224.34487915039062,54202700
2017-11-02,224.27519876788108,224.57142947055752,223.21224079275353,224.43202209472656,56449500
2017-11-03,224.58883223063762,225.22487336002712,224.17933139732267,225.18132019042969,59589700
2017-11-06,225.05059788255923,225.66050176627039,224.98090749633522,225.52981567382812,49652600
2017-11-07,225.63434274067811,225.96543186902304,224.86761562013888,225.37297058105469,57502200
2017-11-08,225.19874475358787,225.85220185796175,224.91993000763799,225.75634765625,50469600
2017-11-09,224.55399905935963,225.12904447666784,223.36032846615589,224.93736267089844,95085500
2017-11-10,224.55398339327081,225.04189584860146,224.24031019242418,224.86763000488281,59984700
2017-11-13,224.18809002264956,225.30332256038469,224.15323152762127,225.0767822265625,50228600
2017-11-14,224.27514039902618,224.65850393547925,223.49969205826346,224.553955078125,61315200
2017-11-15,223.5868617639876,224.10963272602055,222.72430695963646,223.43003845214844,80811500
2017-11-16,224.3709977699362,225.69535437682566,224.32744460333475,225.32940673828125,67777000
2017-11-17,224.980924822167,225.30329273809534,224.58883992541021,224.66725158691406,75756800
2017-11-20,224.9112021225821,225.24226467162944,224.66721931396768,225.05058288574219,48075500
2017-11-21,225.81732454351769,226.70604314849561,225.01576545227593,226.52305603027344,69176800
2017-11-22,226.53176008503942,226.66244616724182,226.15711778631481,226.32266235351562,45033400
2017-11-24,226.81064233702512,226.95004972930482,226.67123494474544,226.84547424316406,27856500
2017-11-27,226.8890621204865,227.18529286870498,226.53183565048244,226.73223876953125,52274900
2017-11-28,227.19398392499647,229.05850111328471,227.09812971933246,229.03236389160156,98971700
2017-11-29,229.16303780870749,229.69453007364146,228.44861159096217,228.8929443359375,77512100
2017-11-30,229.80772526269257,231.80292780242951,229.729313627392,230.89682006835938,127894400
2017-12-01,230.67906235051507,231.15825355653811,227.19395804711638,230.41766357421875,164390900
2017-12-04,232.02952439117243,232.45644115013991,230.08656921379136,230.13887023925781,94040600
2017-12-05,229.31112670898438,231.01882018037301,229.18044063016967,229.31112670898438,77994500
2017-12-06,229.40694972345096,229.78161859421627,228.89290009755459,229.35467529296875,75898600
2017-12-07,230.07789611816406,230.39154276497604,229.09334982805265,230.07789611816406,77218600
2017-12-08,231.02755234801791,231.34119895197028,230.04300619244404,231.33250427246094,76563900
2017-12-11,232.02949523925781,232.09049093694262,231.30634790275653,232.02949523925781,83077500
2017-12-12,232.81368348611781,232.90953768527061,232.06439878927281,232.43904113769531,85195800
2017-12-13,232.68299629956121,233.1186343554788,232.32576990300038,232.41290283203125,102905400
2017-12-14,232.70906813284395,232.82233824983382,231.41087559953095,231.46315002441406,100666700
2017-12-15,232.46243006770646,233.85483690706474,232.40988843038323,233.39070129394531,144610300
2017-12-18,234.78310346051757,235.22096824626072,234.67802018796249,234.87068176269531,83653600
2017-12-19,235.11593860352298,235.15971440202429,233.89866139342681,233.96873474121094,82382900
2017-12-20,234.9319041475629,234.9844457707853,233.54826352747463,233.84600830078125,76751500
2017-12-21,234.46778715101851,235.03703265605478,234.08246406690523,234.32766723632812,67032300
2017-12-22,234.34524617275827,234.38028283977948,233.73222476304568,234.26643371582031,78720900
2017-12-26,233.8635910762803,234.20513846600218,233.72349785116904,233.9862060546875,45244400
2017-12-27,234.15257825763103,234.45908895419569,233.82856259060253,234.10003662109375,57751000
2017-12-28,234.59918147383397,234.62545228903213,234.21385836749923,234.58164978027344,45116100
2017-12-29,235.15963882046495,235.17714378920894,233.50452398186329,233.69715881347656,96007400
2018-01-02,234.555389977197,235.40484867534212,234.17006685277175,235.36981201171875,86655700
2018-01-03,235.5361757988972,237.00742152610201,235.5361757988972,236.85853576660156,90070400
2018-01-04,237.49786222367834,238.33855510004886,236.91987751956589,237.85688781738281,80636400
2018-01-05,238.6450993999332,239.56460485750245,238.15469292587647,239.4420166015625,83524000
2018-01-08,239.3456281426395,240.037461932517,239.05664916593514,239.87983703613281,57319200
2018-01-09,240.30023657018512,241.04461219811591,240.01999663788041,240.4228515625,57254000
2018-01-10,239.66969998396797,240.3177581407534,239.00416357923262,240.05502319335938,69574300
2018-01-11,240.60660593894715,241.80635070800781,240.4402152472388,241.80635070800781,62361500
2018-01-12,242.06924828928308,243.54920709602126,241.77147663273473,243.38284301757812,90816100
2018-01-16,244.63505234884229,245.28308365640876,241.85897794792402,242.55081176757812,106555100
2018-01-17,243.47909097378709,245.24805508192381,242.55081976875894,244.86273193359375,113258800
2018-01-18,244.74882506591211,245.16915800981948,243.96064734581316,244.45108032226562,100728000
2018-01-19,245.02911505714175,245.56332397460938,244.45115707779536,245.56332397460938,140920100
2018-01-22,245.35309302019471,247.55992126464844,245.30052467436559,247.55992126464844,91322400
2018-01-23,247.60375143882754,248.37439767846362,247.27973579833136,248.08541870117188,97084700
2018-01-24,248.72469958795423,249.32021599885377,246.81561556442963,247.98908996582031,134816100
2018-01-25,248.84731857566186,248.94363600058514,247.30602597572388,248.09417724609375,84587300
2018-01-26,248.92611472279938,251.01035524522612,248.67214568032333,250.966552734375,107743100
2018-01-29,250.39735056563376,250.83521535243415,249.14506368941963,249.30268859863281,90118300
2018-01-30,247.48118459117052,249.35523199482623,246.27267349504925,246.74557495117188,131796400
2018-01-31,247.59503458235346,248.0941801334713,245.79977290240802,246.8681640625,108364800
2018-02-01,246.14133246507811,247.88402586927523,245.79978508276858,246.58793640136719,90102500
2018-02-02,245.27431660496606,245.40569741543945,241.18467463924171,241.21971130371094,173174800
2018-02-05,239.46821716686404,241.5699623998002,230.58830814689736,231.13125610351562,294681800
2018-02-06,227.63717692788254,236.18430722321384,226.55128066828357,235.68513488769531,355026800
2018-02-07,235.13332245849423,238.51362480618141,234.32763972490162,234.40647888183594,167376100
2018-02-08,234.70430506757302,234.84442501442311,225.57919062692255,225.61422729492188,246449500
2018-02-09,228.39022881983215,230.85102642500632,221.48948987210917,229.00325012207031,283565300
2018-02-12,231.04374379103615,233.82858441314198,229.14342540024649,232.36610412597656,143736000
2018-02-13,231.16630106964814,233.48697873784749,230.58831643292163,232.94403076171875,81223600
2018-02-14,231.46404036631154,236.4469428934477,231.45527452008523,236.087890625,120735700
2018-02-15,237.8218908915382,239.10921445633494,235.36983200732504,239.10044860839844,111200300
2018-02-16,238.47863369841039,241.10582186620243,238.43483119386315,239.17044067382812,160420100
2018-02-20,238.2246874768384,239.66089664066095,236.88482245212231,237.6729736328125,86369700
2018-02-21,238.11084281540718,240.58040638947253,236.39442049927678,236.49073791503906,98883700
2018-02-22,237.41026252447509,239.11791894051447,236.13170499282666,236.7972412109375,110511300
2018-02-23,238.01452487737137,240.57164001464844,237.54162347110773,240.57164001464844,92766400
2018-02-26,241.64003095764554,243.46156325686482,241.05330716737791,243.36521911621094,86491400
2018-02-27,243.54909383633651,244.25845924687459,240.26510854277814,240.326416015625,99099200
2018-02-28,241.42106448617167,241.86769501354672,237.57662647794845,237.89187622070312,121907800
2018-03-01,237.68179569969399,239.22308848882619,232.94409492300156,234.43284606933594,176855100
2018-03-02,232.76887437600675,236.20174553860167,231.91067662921421,235.64126586914062,139083200
2018-03-05,234.45909118423782,238.9778590454444,234.35398118501777,238.36483764648438,97307400
2018-03-06,239.33683129424858,239.41567045737216,237.48028926581901,238.96903991699219,79213200
2018-03-07,236.81476112682188,239.23175614895945,236.62209958573243,238.8814697265625,87063500
2018-03-08,239.55577784083428,240.16003329299775,238.56622602184905,240.03744506835938,66901200
2018-03-09,241.43871892878965,244.21476745605469,241.1234423006041,244.21476745605469,113625300
2018-03-12,244.50365839105308,245.12541878003282,243.52281901706019,243.90814208984375,71924800
2018-03-13,245.06418140447812,245.56335371770083,241.72765358476482,242.3319091796875,91968900
2018-03-14,243.2864228406217,243.47031856209327,240.5366459654681,241.08833312988281,105895100
2018-03-15,241.59625351918692,242.23551893629133,240.32643508154899,240.82560729980469,83433000
2018-03-16,241.35061345671545,242.13314745083514,241.0341009414694,241.08685302734375,100343700
2018-03-19,240.33936858147553,241.26255642689597,236.18056913587742,237.82473754882812,109208400
2018-03-20,238.22047760805523,238.86233028486629,237.55224889423462,238.22927856445312,59757300
2018-03-21,238.18532197276792,240.26910957992783,237.56107115277595,237.77207946777344,78709600
2018-03-22,235.55632442999936,236.40038420959462,231.55578105845223,231.828369140625,148785900
2018-03-23,232.26805327234359,232.59336667364272,226.69366700379408,226.88710021972656,183534800
2018-03-26,230.47441888594253,233.37589050211707,228.08289296737831,233.09452819824219,141956100
2018-03-27,234.02649096831001,234.55401162788922,227.58166964459011,229.12913513183594,129941400
2018-03-28,229.26102769532312,230.92279835940749,227.35307176606125,228.45211791992188,146452300
2018-03-29,229.58635060675161,233.22640449908832,228.46092837170607,231.37120056152344,111601600
2018-04-02,230.84363252390713,231.35360494123992,223.91525502005953,226.37712097167969,186286300
2018-04-03,227.60806538774042,229.75340569640937,225.82321544912134,229.27861022949219,119956900
2018-04-04,225.74407307834551,232.43505297835821,225.61219291036392,231.73167419433594,123715300
2018-04-05,233.48133091233879,234.43972267526161,232.39988677736926,233.56048583984375,82652600
2018-04-06,231.60865686776592,233.09454293363027,226.8431798113038,228.35546875,179521200
2018-04-09,229.80614832654538,232.85710149682288,228.54884597701931,229.4808349609375,105442900
2018-04-10,232.35587555679948,233.91214170518515,231.22167952072598,233.12960815429688,103529000
2018-04-11,231.65253028400932,233.56048602453347,231.58220314327897,231.90751647949219,91140200
2018-04-12,233.22640173391812,234.75626543924633,233.05054361120307,233.81547546386719,68890500
2018-04-13,235.11669170403565,235.23099676941709,232.12729225821158,233.12960815429688,85079200
2018-04-16,234.7562655902731,235.81136066287758,233.93858166670489,235.04640197753906,63405300
2018-04-17,236.80489263199541,238.15892514346524,236.29494697120467,237.56105041503906,64682000
2018-04-18,238.00056139902352,238.53688285459143,237.27958093518973,237.73680114746094,57303900
2018-04-19,237.08624690459129,237.28848107010103,235.38932596852041,236.41804504394531,77655900
2018-04-20,236.34766193363552,236.56747115211715,233.5340932041984,234.413330078125,99953100
2018-04-23,234.98486470021984,235.53878824560172,233.30551898549322,234.37818908691406,65558000
2018-04-24,235.39810066376964,235.61790988481712,229.72701202787209,231.22172546386719,112885500
2018-04-25,231.16016129125893,232.23283131151314,229.34893554377416,231.793212890625,103840900
2018-04-26,232.81319696608398,234.9761126981133,232.37357842034385,234.14962768554688,67731900
2018-04-27,234.75625114629821,235.05518847096741,233.43739580277969,234.369384765625,57053600
2018-04-30,234.98490323714532,235.53882687336926,232.49664735254967,232.56700134277344,82182300
2018-05-01,232.00424241401504,233.08571348812194,230.45677684433647,232.98020935058594,74203400
2018-05-02,232.7867531910517,233.59563605382283,231.02827951976636,231.41514587402344,86368900
2018-05-03,230.58863901611761,231.55577797694872,227.76626972486298,230.9051513671875,136311500
2018-05-04,229.93805620593548,234.57165248189582,229.61274280112596,233.89462280273438,91222100
2018-05-07,234.65952179650694,235.6530368387894,233.97369133547201,234.68589782714844,55304900
2018-05-08,234.31660656598947,235.04636130185671,233.12963152276564,234.68589782714844,67499200
2018-05-09,235.35414325335651,237.27967434429695,234.83539666628883,236.95436096191406,59666100
2018-05-10,237.6929170304401,239.49536890141917,237.58741288817453,239.17002868652344,72063900
2018-05-11,239.29315035999548,240.16358642268503,238.78317786284757,239.89982604980469,59871500
2018-05-14,240.33059624739451,240.9812229270874,239.46893447879592,240.01408386230469,54790600
2018-05-15,238.79194725689806,238.80952233537226,237.42033983484427,238.36112976074219,87036100
2018-05-16,238.39630995615346,239.82066946496752,238.36990708981571,239.36344909667969,53942600
2018-05-17,239.09965609109528,240.23387906923861,238.38747643398094,239.16120910644531,56536400
2018-05-18,238.81826435018246,239.17875461129131,238.21158889028879,238.56327819824219,64368000
2018-05-21,240.04046697569012,240.89332781469182,239.65360060549267,240.35697937011719,58025900
2018-05-22,240.87572636643998,241.13071257278165,239.36343787063615,239.68875122070312,52966400
2018-05-23,238.42270128509759,240.37460843443773,238.26441823782346,240.34820556640625,64694200
2018-05-24,239.95254971554198,240.22511101264362,238.07977079326324,239.85581970214844,76043800
2018-05-25,239.28425598144531,239.90850650833002,238.783084636457,239.28425598144531,56374800
2018-05-29,237.66657197437712,238.42272981281562,235.42452816243849,236.5323486328125,115908600
2018-05-30,237.83357429694598,240.12836965748122,237.76324715322068,239.68875122070312,69678400
2018-05-31,239.28426686243395,239.58320412597479,237.62252342213708,238.22039794921875,93519900
2018-06-01,239.51287973354013,240.85811085094338,239.44252576944658,240.55917358398438,71258400
2018-06-04,241.37683517187193,241.957134577657,241.13945093721244,241.7021484375,45385200
2018-06-05,241.83411958605708,242.25616299424539,241.06918770986454,241.87809753417969,51135000
2018-06-06,242.48466475901316,244.00572687514185,241.86918841799286,243.90022277832031,62732200
2018-06-07,244.38390430698379,244.67404067452273,242.96831896135797,243.87393188476562,72969400
2018-06-08,243.41675065452628,244.64767699624716,243.24969349041612,244.59492492675781,72139700
2018-06-11,244.81467715999997,245.63236087888467,244.70037209199285,244.92018127441406,58892500
2018-06-12,245.33345854568515,245.59721886927935,244.59490280744205,245.23675537109375,72329000
2018-06-13,245.47415693489702,245.72914315376619,244.25200474116306,244.45423889160156,79070600
2018-06-14,245.31587212434545,245.59720751244333,244.4805864179566,245.06968688964844,77097600
2018-06-15,244.28894738544173,245.09264887433613,243.18496626652041,244.75703430175781,120041600
2018-06-18,243.30861721127397,244.37729042408938,242.83171673643022,244.25363159179688,52917600
2018-06-19,241.99275753069702,243.53833171200623,241.57765938675271,243.31753540039062,97531500
2018-06-20,243.99758029303945,244.39502443820325,243.397020789273,243.73263549804688,53785500
2018-06-21,243.7237148345327,243.74139578349843,241.71005419706711,242.20463562011719,71061400
2018-06-22,243.45873637045227,243.5735547121451,242.42539824787929,242.64619445800781,54898500
2018-06-25,241.498113246504,241.65708008095126,237.66509350638052,239.3431396484375,137854200
2018-06-26,239.90839708211846,240.7209122250151,239.15768440796265,239.87306213378906,68547400
2018-06-27,240.45596646380378,241.8778814341139,237.73574146013553,237.88589477539062,105110700
2018-06-28,237.8328704421767,240.00549776015927,237.12630634708913,239.2459716796875,76650500
2018-06-29,240.33228043700777,241.69239278499663,239.47558997110553,239.59040832519531,97592500
2018-07-02,238.02716769142265,240.26162437903321,237.7886905220563,240.10263061523438,63554800
2018-07-03,240.99475886203552,241.09192325654197,238.83097113516365,239.2548828125,42187100
2018-07-05,240.37645023882541,241.26844867540132,239.30777708547188,241.20661926269531,56925900
2018-07-06,241.23316543663134,243.61774878084054,240.85337540008626,243.246826171875,66493700
2018-07-09,244.24476777541028,245.49006169049153,244.20061931247707,245.43707275390625,50550400
2018-07-10,245.88752997331039,246.41744634420857,245.59606384061661,246.32028198242188,51966800
2018-07-11,244.77471640082183,245.56076398502361,244.21830554057422,244.51858520507812,77054700
2018-07-12,245.77268329342385,246.788340498217,245.17212405352254,246.7353515625,60124700
2018-07-13,246.55876489862447,247.2299671615263,246.10833193000164,246.9296875,48216000
2018-07-16,246.9738644918861,247.11515037248324,246.26730032556523,246.70889282226562,48201000
2018-07-17,245.94038760036329,248.09535992612442,245.88739868683243,247.70675659179688,52315500
2018-07-18,247.78638905382061,248.33395945821087,247.34479654025839,248.22798156738281,44593500
2018-07-19,247.56567066428585,247.94543387675657,246.81495776457345,247.29188537597656,61412100
2018-07-20,247.08857762818857,247.71565818077715,246.8501274584666,247.00909423828125,82337700
2018-07-23,246.80597999240081,247.67148376551953,246.46152501543094,247.46836853027344,47047600
2018-07-24,248.87276945761016,249.55281237067854,247.84827137316475,248.71377563476562,68026900
2018-07-25,248.46640268548683,251.15129239985026,248.42225422037487,250.83335876464844,78882900
2018-07-26,250.11805205099407,250.92172684096013,250.02088766646702,250.24168395996094,57919500
2018-07-27,250.56835700469614,250.66552134999688,247.62736342184445,248.54588317871094,76768700
2018-07-30,248.62540123873816,248.78436805939725,246.72653205442597,247.24763488769531,63742500
2018-07-31,248.00712323271455,249.07576930129864,247.62736023474866,248.46636962890625,68570500
2018-08-01,248.66949437434937,249.17291614708773,247.40654665901724,248.05125427246094,53853300
2018-08-02,246.75307857584471,249.57041402631015,246.54993631589619,249.40263366699219,63426400
2018-08-03,249.52622289304165,250.52422611916688,249.34957513610027,250.47123718261719,53935400
2018-08-06,250.50661599135427,251.69889422516871,250.1180124201648,251.38980102539062,39400900
2018-08-07,252.05217509411352,252.59974547083937,251.91967578460455,252.21995544433594,43196600
2018-08-08,252.05224170837093,252.51148831768614,251.65479758013788,252.11404418945312,42114600
2018-08-09,252.17584989951115,252.56445351417111,251.63711990576564,251.76959228515625,35717000
2018-08-10,250.33877277144211,250.87750262765104,249.37607750407815,250.0826416015625,77076000
2018-08-13,250.35641280057763,250.96581250887203,248.85498776076128,249.14645385742188,65732900
2018-08-14,249.87073245133811,250.97471379143497,249.48212886341045,250.73623657226562,43842000
2018-08-15,249.39374687675829,249.53505968969637,247.43307539532,248.86383056640625,102925400
2018-08-16,250.29458194532776,251.74301804150076,250.25924700446282,250.87748718261719,69967900
2018-08-17,250.67435404087598,252.20227359482701,250.26809654053721,251.76068115234375,65618500
2018-08-20,252.21119086458458,252.56445953560558,251.76075781124641,252.29951477050781,39807500
2018-08-21,252.81175192152355,253.74792603443402,252.3348243886177,252.8912353515625,67272000
2018-08-22,252.48492715788865,253.26213425506418,252.21995549148787,252.74105834960938,44993300
2018-08-23,252.56442337927021,253.42111393400779,252.08749591769774,252.40545654296875,49204900
2018-08-24,252.97951560301087,254.06584286476027,252.92652665879552,253.92453002929688,57487400
2018-08-27,255.11682494643034,256.03534496080584,254.95785810336608,255.92936706542969,57072400
2018-08-28,256.38862725312487,256.49463210681671,255.59376604279515,256.05303955078125,46943500
2018-08-29,256.26500578635142,257.66042646106132,256.02655549934548,257.43081665039062,61485500
2018-08-30,256.95392338238366,257.3248461005133,255.79695284042529,256.388671875,61229500
2018-08-31,255.9823019313726,256.83899234156138,255.49656102929859,256.39739990234375,66140800
2018-09-04,255.98245761912602,256.30923191046406,254.95795930272467,255.95596313476562,57594400
2018-09-05,255.60255183907739,255.805694074358,254.2601204588702,255.26693725585938,72452400
2018-09-06,255.37292541687469,255.67320506851195,253.47408314620807,254.49858093261719,65909900
2018-09-07,253.45647312213768,254.97555259274915,253.2179958922097,254.00404357910156,73524800
2018-09-10,255.01079621296216,255.27576785124796,254.25127014573667,254.44557189941406,50210900
2018-09-11,253.80089298042441,255.72622999265644,253.45646481345469,255.28463745117188,50530500
2018-09-12,255.29341609336652,255.94696427161637,254.56038451122114,255.34640502929688,59810800
2018-09-13,256.40622248919806,257.04211663541832,256.12359687917535,256.85662841796875,51034200
2018-09-14,257.0598152146336,257.24527651158894,256.12364130263728,256.90084838867188,55079900
2018-09-17,256.84792579819566,256.88323380019739,255.26701674673669,255.54080200195312,68244000
2018-09-18,255.75268656671341,257.51905647089109,255.72619209625736,256.92733764648438,61930400
2018-09-19,256.98028412073057,257.61617825925799,256.85662531059347,257.20108032226562,49080600
2018-09-20,258.4552922550464,259.603422066902,257.21881159283953,259.28546142578125,100360600
2018-09-21,260.02442954150337,260.13976764895608,258.88883652721029,259.04852294921875,105479700
2018-09-24,258.47183223840591,258.61378473456199,257.61126384429548,258.18792724609375,53409600
2018-09-25,258.64045746369817,258.74691509115587,257.70892614876709,257.94845581054688,44370000
2018-09-26,258.09040260622646,259.2703440505764,256.75962814321076,257.17660522460938,79739700
2018-09-27,257.64676201637326,258.97753622577073,257.37173751240476,257.89517211914062,59249500
2018-09-28,257.27431290521008,258.41878710505534,257.23884506196538,257.92196655273438,70091400
2018-10-01,259.15500840244488,259.88250494708444,258.15251437347689,258.81790161132812,62078900
2018-10-02,258.66705322265625,259.37678873765856,258.29445155341608,258.66705322265625,47258200
2018-10-03,259.71393789226317,260.13091497744125,258.4541532176749,258.80902099609375,64694600
2018-10-04,258.3299446701572,258.38317348526033,255.20707019384005,256.7862548828125,111545900
2018-10-05,257.00798070728808,257.52253480483751,253.92945538964233,255.34895324707031,105951700
2018-10-08,254.66580518133145,255.70382094275988,253.29068270753319,255.34895324707031,87742200
2018-10-09,254.96754123389658,256.27167428222162,254.41746501850835,254.97639465332031,74339000
2018-10-10,254.47065350086825,254.54164329306923,246.53038297144042,246.90298461914062,214731000
2018-10-11,245.82065967789862,247.43533927490867,239.85878869058828,241.46461486816406,274840500
2018-10-12,245.54570701859305,245.82961216653356,241.64210599580883,244.8182373046875,183186500
2018-10-15,244.46320216125636,245.78512290321214,243.35422369550096,243.44294738769531,102263700
2018-10-16,245.39481358463459,249.13872678069512,244.92460769607447,248.76609802246094,118255800
2018-10-17,248.80155957111899,249.43145181105547,246.24646864194278,248.81044006347656,110626000
2018-10-18,247.87883317257976,248.47325747574666,243.94862043305275,245.21728515625,134557500
2018-10-19,245.86499957010082,247.79017128688514,244.39227271815466,245.08427429199219,139901600
2018-10-22,245.7497848866474,246.06915789281646,243.45198328775271,243.98429870605469,82415800
2018-10-23,240.38225863237349,243.86000103241318,238.30622646615907,242.74214172363281,146352700
2018-10-24,242.49373869531894,242.87524799545511,234.83737147811587,235.38742065429688,177806700
2018-10-25,237.21498902513562,241.14520312034239,236.1947340152179,239.61036682128906,138061500
2018-10-26,235.91970200064176,240.42657947423916,232.6992235598691,235.396240234375,201574600
2018-10-29,238.47477285454744,239.76119899819159,230.53450147295581,234.09208679199219,160749100
2018-10-30,233.92362072973702,237.87156996918745,233.43565369473689,237.56105041503906,157116000
2018-10-31,240.11604628903387,242.4049933311253,239.64584043537533,240.09831237792969,128296300
2018-11-01,240.95893467655137,242.84863900602303,239.87657021470125,242.65345764160156,99495000
2018-11-02,243.75351677776416,244.17937434285767,239.17564948304059,241.2161865234375,122634100
2018-11-05,241.70411669077308,243.0970003719423,240.73709055773415,242.54695129394531,65622500
2018-11-06,242.48482303305352,244.24142774806884,242.42271373563915,244.08174133300781,60085900
2018-11-07,246.24644437000291,249.38707891710627,245.82058689889206,249.30723571777344,102752100
2018-11-08,248.50885923276533,249.49364660842488,247.7192803078386,248.85487365722656,65584900
2018-11-09,247.55072413356709,247.73702502233843,245.02224663008394,246.42401123046875,98812600
2018-11-12,245.91823881720697,246.15776846170135,241.30487674599945,241.8194580078125,99673600
2018-11-13,242.2808171165137,244.26809849479571,240.64840354511375,241.36701965332031,98176600
2018-11-14,243.23003308661183,243.62924909095995,238.16422701719475,239.716796875,125335900
2018-11-15,238.45704177005678,242.68004144511647,236.88673763253698,242.21868896484375,135101400
2018-11-16,241.12751063205505,243.75356511756121,240.61292925451721,242.84864807128906,126668000
2018-11-19,242.24530815536264,242.53809370819096,237.82715412792231,238.74095153808594,103061700
2018-11-20,235.42291341024685,236.87790680745823,233.46224618200236,234.32281494140625,136021300
2018-11-21,235.86649217131097,237.01096598131056,235.11240817622902,235.12126159667969,75563700
2018-11-23,233.48880927282028,234.94380235022106,233.39123214124319,233.55091857910156,42807900
2018-11-26,235.79547071648918,237.5432221172012,235.40510807345996,237.32142639160156,79981400
2018-11-27,236.29229367184499,238.11988830566406,235.68901578925252,238.11988830566406,75502400
2018-11-28,239.18458266732486,243.60273742675781,238.05784273897061,243.60273742675781,127629600
2018-11-29,242.8308320751664,244.46324541663759,241.69523900828753,243.07038879394531,82346400
2018-11-30,242.91960354945388,245.11094689940396,242.60023062784805,244.55201721191406,98204200
2018-12-03,248.65965601655134,248.76611364711172,246.20216879552547,247.79020690917969,103176300
2018-12-04,246.96507425321599,247.39093174849302,239.45063477666545,239.76115417480469,177986000
2018-12-06,235.91964350334305,239.51272273041573,232.83223785568441,239.39738464355469,204185400
2018-12-07,239.06033286080262,240.62178366519305,233.00088464890422,233.8348388671875,161018900
2018-12-10,233.65738817873518,235.24545336906925,229.44326882411715,234.27842712402344,151445900
2018-12-11,237.46340468272001,237.64970553153896,232.86780324734315,234.33164978027344,121504400
2018-12-12,237.29485858637878,238.65224761061933,235.43176871054226,235.51161193847656,97976700
2018-12-13,236.45200246750798,237.3125710570535,234.32276869095844,235.43174743652344,96662700
2018-12-14,233.2936104737999,234.24290268558889,230.53448461905714,231.08453369140625,116961100
2018-12-17,230.13528484295244,231.24426368960766,224.92752451100824,226.55107116699219,165492300
2018-12-18,228.18351077181723,228.84889811612692,224.70574100603241,226.30267333984375,134515100
2018-12-19,226.38249365580683,230.13527410736953,221.21909542606414,222.91360473632812,214992800
2018-12-20,221.67157418955173,223.23301160227189,217.04934419283401,219.28504943847656,252053400
2018-12-21,220.18181530684748,222.83213647763179,214.14942822509974,214.79193115234375,255345600
2018-12-24,213.31063854385062,214.91689612055552,209.05407298607153,209.11653137207031,147311600
2018-12-26,210.57110150476595,219.68212890625,208.5989713794765,219.68212890625,218485400
2018-12-27,216.46071205816327,221.56502090465517,213.23927791934719,221.36871337890625,186267300
2018-12-28,222.71617263070129,224.34026776675762,219.92306940648027,221.08314514160156,153100200
2018-12-31,222.698295014504,223.26048853360041,220.83325804708889,223.01954650878906,144299400
2019-01-02,219.50369138098247,224.1707648723314,219.47692155048017,223.25161743164062,126925200
2019-01-03,221.5114719055297,221.81488595919683,217.44229497898931,217.92417907714844,144140700
2019-01-04,220.94034498117475,225.86619685844801,220.56555382761132,225.22369384765625,142628800
2019-01-07,225.49141469210105,228.40051582840488,224.59905087670086,226.99951171875,103139100
2019-01-08,229.17683667012506,229.61408613944522,226.66036466825665,229.1322021484375,102512600
2019-01-09,229.83722205027829,231.04191864728134,228.61468798077402,230.20309448242188,95006600
2019-01-10,228.67714800280606,231.26499748458872,227.99894282433766,231.01513671875,96823900
2019-01-11,229.94431128528677,231.13117046106527,229.36428022693917,231.10440063476562,73858100
2019-01-14,229.21257388587543,230.4975800558513,228.81102647824829,229.6944580078125,70908200
2019-01-15,230.06924024283958,232.63925233057913,230.0603078903963,232.32691955566406,85208300
2019-01-16,232.75522277360974,233.77253051091907,232.54999654199065,232.88909912109375,77636700
2019-01-17,232.02353358017845,235.5126795050289,231.97889904796466,234.65599060058594,96118400
2019-01-18,236.45860044849152,238.24332828187281,234.69171008964122,237.77928161621094,127900300
2019-01-22,236.31582539291418,236.52998402426385,232.96052826024231,234.5667724609375,115531200
2019-01-23,235.59299518230119,236.28903791498479,232.60357075666337,235.05757141113281,86030300
2019-01-24,234.87906418069994,235.76252284597601,233.87068874659369,235.18246459960938,59204100
2019-01-25,237.02074100226002,237.99344153026766,235.28064789407634,237.17245483398438,96883400
2019-01-28,235.03967233956106,235.43228728722033,233.61188506822671,235.36984252929688,85613700
2019-01-29,235.51268570154357,236.07485206684689,234.22767954385318,235.05757141113281,66136300
2019-01-30,236.56565691157263,239.61752596151732,235.80714220909275,238.77870178222656,92473700
2019-01-31,238.71624259165949,241.3576317452046,238.50205676698522,240.87574768066406,104012100
2019-02-01,241.07211551779636,242.00911400447021,240.20652139744502,240.99180603027344,85782500
2019-02-04,241.03637735263899,242.74972786238473,240.36710449040405,242.687255859375,60744800
2019-02-05,243.11555028425835,244.00791391700548,242.61582882854208,243.70451354980469,79552800
2019-02-06,243.42793531214494,243.91872452251008,242.65158314207002,243.38330078125,58347800
2019-02-07,241.77703623372531,242.32136504865792,239.4122777463993,241.06315612792969,95482000
2019-02-08,239.82275352737142,241.4557671782695,239.00176690961732,241.35762023925781,75788900
2019-02-11,242.00902597214602,242.26779181577442,240.96494854856473,241.49143981933594,68021400
2019-02-12,243.09774400981368,244.9716860928263,243.02633965967624,244.59690856933594,72270200
2019-02-13,245.42684598053933,246.2299680559357,245.00743385198552,245.39114379882812,65277200
2019-02-14,244.31139321741082,245.97120427162361,243.49933878131554,244.84681701660156,83234400
2019-02-15,246.61365742159327,247.55065579201292,246.40843116764839,247.51495361328125,97088700
2019-02-19,246.72074905298658,248.5946912150516,246.71181670064749,247.94328308105469,59120800
2019-02-20,247.90756947125925,248.89810738786227,247.40784795338431,248.4429931640625,76610800
2019-02-21,247.80946162843651,248.16640173569351,246.60476493775758,247.55960083007812,64214700
2019-02-22,248.17529101841103,249.29074580289446,247.54172032600366,249.09445190429688,78114600
2019-02-25,250.51331257734034,251.03087162618647,249.35322323654609,249.43353271484375,69030700
2019-02-26,249.08557560910279,250.12962627198809,248.88032207876299,249.255126953125,56844100
2019-02-27,248.54115166544071,249.49598745153119,247.61311293637814,249.14797973632812,56921600
2019-02-28,248.93386658080669,249.37114348152733,248.36276775256906,248.68400573730469,69268300
2019-03-01,250.25445551057405,250.6470976815869,248.80883080492509,250.23661804199219,78880500
2019-03-04,251.28951942516656,251.53044772071047,247.04186125564468,249.32630920410156,106494600
2019-03-05,249.45139709268793,249.64771822808515,248.44302158963777,248.98735046386719,59114600
2019-03-06,249.10334138821739,249.11227374042309,247.15799490205438,247.47923278808594,75039800
2019-03-07,247.03312420768393,247.17590572143885,244.57021798558137,245.40904235839844,94885100
2019-03-08,243.56173838491776,245.08767261110944,243.09771908771646,244.91812133789062,85795800
2019-03-11,245.63209223186442,248.63042182022505,245.6053224045678,248.46980285644531,65098900
2019-03-12,249.02304363607198,249.9243398022675,248.83565486040146,249.40675354003906,79667500
2019-03-13,250.29022784926497,251.9857137542711,250.12958165588518,251.05764770507812,80639200
2019-03-14,251.08445302283354,251.50386518997368,250.45981456574029,250.89706420898438,67518400
2019-03-15,251.44641412956332,252.94321031415885,251.25817262993999,252.13655090332031,81309000
2019-03-18,252.35167272500243,253.34657371407619,252.12759912913481,253.05078125,62199800
2019-03-19,254.10844168655152,254.87027006711818,252.22621791978662,253.11354064941406,90268100
2019-03-20,252.89842310146625,254.09945427674259,251.24924474051664,252.35166931152344,84609200
2019-03-21,251.53610874655385,255.60526619804367,251.49127760863934,255.20195007324219,79550400
2019-03-22,253.84849671028795,254.36833541817302,250.22745973759913,250.29020690917969,122659300
2019-03-25,249.94965341580806,251.13276877053153,248.84722863990814,250.10203552246094,85575200
2019-03-26,251.84984693779478,252.91643985263059,250.56815204105743,251.96636962890625,68125900
2019-03-27,251.95727892582767,252.5398921062087,249.10706960084804,250.64869689941406,72224700
2019-03-28,251.27623923046457,252.04703958797953,250.12898304184674,251.59889221191406,56238500
2019-03-29,253.10462425059868,253.50794037553487,251.98425609343445,253.18528747558594,82186800
2019-04-01,255.1750459210547,256.48362818526266,254.90614116907568,256.18783569335938,77617900
2019-04-02,256.37607115052464,256.54636928358838,255.5245804852058,256.31332397460938,40070400
2019-04-03,257.52333435925203,257.91770611530342,256.11614547301127,256.7166748046875,68243200
2019-04-04,257.03928437287942,257.64875794671855,256.34914759244964,257.39779663085938,48997500
2019-04-05,258.06112132804299,258.6974827565158,257.77430052688391,258.64370727539062,58621700
2019-04-08,258.2223751008699,258.94837124448276,257.56807046100243,258.8408203125,53566300
2019-04-09,257.88179668889666,258.20444950708367,256.96758635130226,257.51431274414062,66142300
2019-04-10,257.92660963770982,258.48233509890781,257.51432190445013,258.3927001953125,52601500
2019-04-11,258.8767125839089,258.88568428123676,257.75634452735699,258.32101440429688,55093100
2019-04-12,259.92543723613568,260.34669679749004,258.36589336559592,260.06884765625,69727800
2019-04-15,260.14048818573701,260.23909479705657,259.10078335831236,259.89849853515625,49596700
2019-04-16,260.77692805783312,260.83070354628342,259.47728993055614,260.06884765625,52153200
2019-04-17,261.18013036509177,261.20701809759578,259.0200580115087,259.432373046875,58268300
2019-04-18,260.01498668511488,260.21217252885253,258.72432068114665,259.94326782226562,68708500
2019-04-22,259.18145646807068,260.31974047739857,259.09182156001907,260.1673583984375,40160100
2019-04-23,260.53491578056912,262.739820258392,260.30189777726218,262.50677490234375,52246600
2019-04-24,262.4260865735888,262.75771117764339,261.78075340933111,261.92416381835938,50392900
2019-04-25,261.82550351738053,262.41706107606728,260.57966858301586,261.76275634765625,57770900
2019-04-26,261.80766774254926,263.05350305886378,261.03684013482405,262.9818115234375,50916400
2019-04-29,263.07132913895236,263.91384790637727,262.98169424508666,263.39398193359375,57197700
2019-04-30,263.05343795662469,263.81529367659437,261.64627651929874,263.52847290039062,81111700
2019-05-01,264.15585763921524,264.36201517554906,261.53866624356385,261.54763793945312,71671900
2019-05-02,261.4311489173669,262.34538672821753,259.49514969482624,260.98300170898438,65030200
2019-05-03,262.4529364877734,263.81529414807369,261.09055147473833,263.53744506835938,56543700
2019-05-06,259.25313406514931,262.89208684427564,258.93942558017659,262.45291137695312,107198100
2019-05-07,260.05984323993033,260.65140089120217,256.16992839920704,258.070068359375,144729900
2019-05-08,257.71151733398438,259.41447115468867,257.11995977153765,257.71151733398438,91568300
2019-05-09,255.6501289651859,257.53232581926937,253.92025952900033,256.93182373046875,103471100
2019-05-10,255.9996830011161,258.97538791355635,253.02397808867582,258.22250366210938,112429300
2019-05-13,253.1314596676614,254.0904738238759,250.89966816006009,251.73321533203125,127290500
2019-05-14,252.74598754646689,255.53347667499168,252.62052058444644,254.009765625,77003200
2019-05-15,252.38758320662529,256.13408792263772,252.18142560974579,255.49772644042969,73956400
2019-05-16,256.19680023221036,259.21730812782693,256.12510871199436,257.86392211914062,76749600
2019-05-17,255.56947903005445,258.67065097434647,255.55153563063962,256.19686889648438,100353000
2019-05-20,254.6013716078713,256.30432540724155,253.75885272822012,254.50279235839844,62877600
2019-05-21,256.18783174688377,257.17376111681273,255.93687039387783,256.79733276367188,46847100
2019-05-22,255.84727950945393,256.95867595197024,255.53357095956173,256.00860595703125,49482500
2019-05-23,253.79479540932644,253.83959920055892,251.47339555700043,252.88058471679688,98733800
2019-05-24,254.31461298639218,254.72692818329011,252.83573241383797,253.45417785644531,55268100
2019-05-28,253.73193959647733,254.68200932691212,251.07891623711589,251.09683227539062,70029400
2019-05-29,249.98553744195934,250.38885361205001,248.01367832348953,249.41189575195312,104972900
2019-05-30,250.16478540851315,250.99836021701967,248.99961331030934,250.09309387207031,62523800
2019-05-31,247.55652073533304,248.38109625419122,246.69605842948016,246.72294616699219,86862800
2019-06-03,246.75884551454325,247.87024198178764,244.76907055860477,246.09559631347656,96428000
2019-06-04,248.38108719185382,251.57189290628787,247.93294001451494,251.43745422363281,77231900
2019-06-05,253.05083906616554,253.64239677674109,251.24930554364099,253.61550903320312,71169700
2019-06-06,253.911292773539,255.93689987299291,253.26595959823126,255.26467895507812,69430400
2019-06-07,256.27752492658681,258.89471736243144,256.10722675339446,257.81915283203125,74272200
2019-06-10,259.36064844014783,260.66028597205383,258.91250133986688,259.00213623046875,60799100
2019-06-11,260.81273592358087,261.18021996235245,258.29415048837359,258.93948364257812,58641300
2019-06-12,258.70646498881348,259.26216321822659,257.97149691319186,258.48239135742188,47096300
2019-06-13,259.38756275217838,259.90742875930414,258.68845429820976,259.54888916015625,48945200
2019-06-14,259.26214599609375,259.86264797080003,258.50029022942277,259.26214599609375,52324700
2019-06-17,259.49512593551799,260.1225429109013,259.19038914404769,259.36068725585938,39205700
2019-06-18,261.17120789460688,263.12512289413803,260.81266829422253,262.07644653320312,85434800
2019-06-19,262.21088043232373,263.19680960996527,261.24289464601338,262.66799926757812,78674400
2019-06-20,265.33902713530722,265.58101679939699,262.73080690028075,265.17767333984375,116570000
2019-06-21,264.90932572830695,266.16122030813983,264.57608819595811,264.792236328125,83309500
2019-06-24,264.99936948825126,265.31457632014042,264.31486382541829,264.46798706054688,47582700
2019-06-25,264.52203943497835,264.54905795030129,261.76604092894252,261.87411499023438,82028700
2019-06-26,262.76581212825516,263.27017618403482,261.5049019888059,261.61297607421875,51584900
2019-06-27,262.36940095896989,263.04489116654389,261.99114183475797,262.54052734375,40355200
2019-06-28,263.51325387039157,264.38688908010062,262.99990213807325,263.89154052734375,59350900
2019-07-01,267.20588816989851,267.42206371185671,265.08934683379027,266.2872314453125,78705600
2019-07-02,266.24223128349144,267.0348109497761,265.40462992580103,266.98077392578125,61504500
2019-07-03,267.65624091773441,269.13332607376537,267.51213303769958,269.11529541015625,40898900
2019-07-05,267.89042519851881,268.97122057824703,266.60249706914334,268.80908203125,51677300
2019-07-08,267.50318818476239,268.62900541056842,266.79166400203684,267.33206176757812,45841800
2019-07-09,266.17921005141125,267.96248683915957,266.12517302667766,267.665283203125,41101300
2019-07-10,268.72800476787341,269.88985558425395,268.19662245297462,268.94415283203125,58448500
2019-07-11,269.58375288397662,269.81790422583634,268.57502483534978,269.57473754882812,50826100
2019-07-12,270.06101270514915,270.85359234497002,269.75479375081272,270.78152465820312,40326000
2019-07-15,271.21383481192174,271.21383481192174,270.36721819208151,270.87158203125,33900000
2019-07-16,270.78158082749252,270.98874111270794,269.69179733956526,269.99801635742188,36650100
2019-07-17,269.97096740336337,270.13307848528558,268.16064453125,268.16064453125,36036300
2019-07-18,267.66527620399694,269.5206206333886,267.22396468495583,269.142333984375,51392600
2019-07-19,270.23211879613763,270.2591373052025,267.47612092845327,267.64724731445312,58678600
2019-07-22,268.04352076191458,268.84511570710788,267.53016906834114,268.30471801757812,43638100
2019-07-23,269.42157698333074,270.22314453125,268.59296343646929,270.22314453125,44564500
2019-07-24,269.46660154307398,271.49307250976562,269.37653066962224,271.49307250976562,47213200
2019-07-25,271.04284507402531,271.09688212076827,269.39463269102077,270.19622802734375,55394100
2019-07-26,270.88065244844626,272.20461466694189,270.75454772012597,272.0064697265625,45084100
2019-07-29,271.88936455810023,272.00645394595506,270.96169227418278,271.51107788085938,38126500
2019-07-30,270.11495539131579,271.24978743252331,269.73666888232674,270.844482421875,45849000
2019-07-31,271.08773348856153,271.27689054493351,265.87296864153461,267.88140869140625,104245200
2019-08-01,268.0345188041901,270.9796462027079,264.75612648320742,265.5487060546875,142646600
2019-08-02,264.65706920799585,264.90023578819864,262.00013006004951,263.54925537109375,116749700
2019-08-05,259.46930100320031,259.57737504109201,253.73214177705381,255.62351989746094,178745400
2019-08-06,257.50593896006728,259.42433600918338,256.03786882442353,259.20816040039062,120711700
2019-08-07,256.14592653629853,260.12682829103619,254.02039683355144,259.36126708984375,140572300
2019-08-08,260.84730604967842,264.44992065429688,260.29792051564283,264.44992065429688,87713900
2019-08-09,263.51320982040028,264.10764447580249,260.87430145284293,262.64859008789062,93730000
2019-08-12,261.153637859382,262.63971152889178,258.50571278173328,259.451416015625,65527600
2019-08-13,259.15409434865171,264.92728803115796,258.81184153501562,263.48623657226562,94299800
2019-08-14,259.45130980415513,260.0547323721658,255.56949467797537,255.69557189941406,135622100
2019-08-15,256.57828455713809,257.26279030892277,254.33566516669413,256.37112426757812,99556600
2019-08-16,258.019294138563,260.58613531698933,256.42511942287445,260.15383911132812,83018300
2019-08-19,263.16210022007925,263.96366800502238,262.48660970529124,263.28817749023438,53571800
2019-08-20,262.78366012140702,263.31504238472087,261.14449165105873,261.27056884765625,51596400
2019-08-21,263.42322823084407,263.76545358018495,262.7387225606181,263.39620971679688,49524700
2019-08-22,264.09871638415376,264.72915753530043,261.54985080842727,263.31512451171875,51666400
2019-08-23,262.01827648192079,263.6754765607559,255.30839311825704,256.55130004882812,149161500
2019-08-26,258.73078802640924,259.38827514648438,257.2086810185283,259.38827514648438,72423800
2019-08-27,260.77536371351385,261.14463514735735,257.61405941616033,258.37060546875,66668900
2019-08-28,257.71311273483263,260.35202198942807,256.91151759369086,260.18991088867188,59696700
2019-08-29,262.73866522049713,264.0356085832633,261.73892544738868,263.51321411132812,57899400
2019-08-30,264.99035701712768,265.00836019790177,262.46853742014582,263.39620971679688,62901200
2019-09-03,261.70301384611201,262.6126556070422,260.53214726886881,261.85610961914062,69101400
2019-09-04,264.01769458381227,264.84628077081663,263.27013646286269,264.82827758789062,46887300
2019-09-05,267.30502430433256,269.14233809684481,264.792192738452,268.23269653320312,83258100
2019-09-06,268.54795139585633,269.07933383116614,267.87246105653117,268.43984985351562,49584300
2019-09-09,269.42156787029035,269.51161125396698,267.63826360401265,268.574951171875,51260300
2019-09-10,267.81835045130987,268.57492368862842,266.5664561971447,268.51187133789062,57947100
2019-09-11,268.81816288721529,270.50238123396531,268.16969099846807,270.42132568359375,68821100
2019-09-12,271.32196785955898,272.41175130415661,270.56542193626831,271.35800170898438,72908700
2019-09-13,271.79924860741954,272.15051671272801,270.8085241273065,271.17779541015625,62104800
2019-09-16,270.05199418880647,271.22286045592551,269.70075354870892,270.3402099609375,58191200
2019-09-17,270.14209914946707,271.11479314596744,269.97097273102594,271.02474975585938,41475500
2019-09-18,270.63744603149411,271.29493318692539,268.61097502293939,271.18685913085938,73375800
2019-09-19,271.57409786721047,272.56482239352641,270.83555526706863,271.16879272460938,76560500
2019-09-20,271.76960253319538,272.05011994944419,269.10042091672773,269.88760375976562,89565000
2019-09-23,269.22709988546444,270.5390897940951,268.97375334735597,269.82427978515625,43476800
2019-09-24,270.91001539595555,271.29907828961728,266.74787081467014,267.70697021484375,94869400
2019-09-25,267.78844292454812,269.73378531696477,266.3135933430836,269.29043579101562,71854000
2019-09-26,269.29949827937514,269.507587597765,267.32701256150625,268.72946166992188,56179700
2019-09-27,269.48048864656278,269.58908941936949,265.73457655955974,267.28179931640625,84746600
2019-09-30,267.79752290061219,269.22711538810705,267.75229329262123,268.5213623046875,51662400
2019-10-01,269.39908263632844,270.05054926733681,265.1102767562698,265.32742309570312,88242400
2019-10-02,263.75297007675482,263.76202704215228,259.35559247468234,260.64041137695312,122539500
2019-10-03,260.41421121100484,262.80293063732842,257.70882934443205,262.77578735351562,85278800
2019-10-04,263.42722355353567,266.5850115298141,263.37290937944215,266.3316650390625,65091200
2019-10-07,265.53547700037888,267.15510003112649,264.90209684388259,265.18258666992188,59610500
2019-10-08,263.33679390363403,264.06969025426389,261.02950409268243,261.06570434570312,95708100
2019-10-09,263.07436804135648,264.47681708385716,262.45004489012706,263.54486083984375,62359400
2019-10-10,263.46351004834463,266.205093034524,263.30065029376971,265.32742309570312,55296300
2019-10-11,268.06891544679235,270.30380447686412,267.95131296116682,268.07797241210938,98720400
2019-10-14,267.76124398211886,268.43082422751371,267.43552462978772,267.77935791015625,40394800
2019-10-15,268.82000612496955,271.1725259577309,268.70237599142541,270.43057250976562,46754500
2019-10-16,269.96898098906411,270.68379080685912,269.56183181135378,269.99612426757812,48928200
2019-10-17,271.15433909220599,271.66103213680316,270.10475275334051,270.79241943359375,45736600
2019-10-18,270.25861372118032,270.90102325894497,268.75662073572119,269.60714721679688,64304000
2019-10-21,270.91912254267635,271.6339049366315,270.48480235900485,271.43484497070312,39048600
2019-10-22,271.96866155187655,272.25820831993343,270.4576394040979,270.54812622070312,48594700
2019-10-23,270.29479771986411,271.38961371947948,270.08668078906885,271.3353271484375,34352200
2019-10-24,272.26729329320835,272.41206669212943,270.95530334921892,271.7786865234375,35453100
2019-10-25,271.20866538262248,273.43452545386072,271.15437880651467,272.89163208007812,45205400
2019-10-28,274.10402913693105,274.92741221048794,274.07688585374558,274.42974853515625,42147000
2019-10-29,274.1582941517787,275.27122390029245,274.03160709840614,274.34829711914062,44284900
2019-10-30,274.54738227087171,275.56076834015374,273.24444943530921,275.1898193359375,49643900
2019-10-31,275.18068433738688,275.18068433738688,273.00913943146878,274.45681762695312,69053800
2019-11-01,275.8955169845089,277.04461924104112,275.73262970320928,276.9993896484375,71141500
2019-11-04,278.54671646585842,278.68243290739582,277.74141955822927,278.11239624023438,60606900
2019-11-05,278.31134991241129,278.60995358243338,277.51511027594398,277.80465698242188,42933200
2019-11-06,277.80472897392838,278.13950535949533,276.92705927620119,277.86807250976562,46487100
2019-11-07,279.19819677459884,280.17538281459048,278.37481350503737,278.84530639648438,54272300
2019-11-08,278.50139799497526,279.5871845138949,277.80470200649904,279.53289794921875,49032100
2019-11-11,278.15767588973057,279.17106221852254,278.02193182454414,278.9991455078125,35797300
2019-11-12,279.3609854935828,280.48294466403598,278.81809222595433,279.58718872070312,46484600
2019-11-13,278.60088297800547,280.07573210342838,278.37467980202507,279.6776123046875,53917700
2019-11-14,279.39726068408788,280.16635738513116,278.76388043318025,280.08489990234375,51219900
2019-11-15,281.41481834067781,282.15677133512958,280.72717950849204,282.11154174804688,62023600
2019-11-18,281.87641361689356,282.55502341704454,281.42400708345951,282.31976318359375,49228000
2019-11-19,282.91686033399787,282.9259172980814,281.59584137448462,282.23825073242188,67804700
2019-11-20,281.65015359272172,282.16590356395267,279.64146788455196,281.18869018554688,79406200
2019-11-21,281.29733539676613,281.40590854204271,279.94011585540426,280.736328125,54664700
2019-11-22,281.47825632182548,281.61397274131292,280.35629710379629,281.36062622070312,44850200
2019-11-25,282.28349284383091,283.54116821289062,282.28349284383091,283.54116821289062,48647200
2019-11-26,283.5774759909728,284.36465896718209,283.26078588454152,284.18368530273438,37569000
2019-11-27,284.66310714784839,285.4503173828125,284.44596093830899,285.4503173828125,44444600
2019-11-29,284.88942079536815,285.13373798853377,284.16558140775032,284.39178466796875,36592700
2019-12-02,284.64516488470048,284.70850843210297,281.55071938199382,281.97598266601562,75767800
2019-12-03,279.27057358882394,280.16635738513116,277.89526753960621,280.08489990234375,73941700
2019-12-04,281.12534932665022,282.41016804558075,280.78151604300257,281.81298828125,49080000
2019-12-05,282.50979380878255,282.52788012954665,281.01683015828752,282.31976318359375,40709000
2019-12-06,284.21979737035872,285.29652683051461,284.21074040613519,284.89840698242188,48927000
2019-12-09,284.50937857626911,285.17893130524726,283.93028504970488,284.002685546875,34838500
2019-12-10,283.94840812714278,284.60890391207636,283.03453820665106,283.68600463867188,52649800
2019-12-11,284.13844266213465,284.744679558798,283.60460627301171,284.4913330078125,53429100
2019-12-12,284.50035315953534,287.72148532332147,284.26512054939514,286.943359375,96389600
2019-12-13,286.70805752730325,288.33673730539209,285.93896104426392,287.115234375,81503900
2019-12-16,288.83430004266785,289.67576919412107,287.05181798800618,289.087646484375,82749700
2019-12-17,289.46775204589784,289.76632815014221,289.06963216510667,289.15106201171875,61097700
2019-12-18,289.54013554774133,289.76633877863799,289.11487236914763,289.16915893554688,48133000
2019-12-19,289.35913151842288,290.42683164173593,289.10578503094268,290.35443115234375,85310500
2019-12-20,291.3819230502159,292.75491675009903,290.40903436566452,291.62744140625,147142100
2019-12-23,292.40942038274756,292.46397385621549,291.92751286814024,292.072998046875,52990000
2019-12-24,292.30024509285101,292.345697060627,291.78195946762571,292.08203125,20270000
2019-12-26,292.46394678754814,293.64600334969123,292.45487304178363,293.63690185546875,30911200
2019-12-27,294.36424128940718,294.4187947469577,293.03672757492302,293.5640869140625,42528800
2019-12-30,293.64602107414993,293.78240475342909,291.46377121184469,291.9456787109375,49729100
2019-12-31,291.44551040796875,292.90033397291086,291.09998668959423,292.65481567382812,57077300
2020-01-02,294.18250945199571,295.41001817678642,293.2641463451921,295.39181518554688,59151200
2020-01-03,292.0183611242532,294.27333912755284,291.96380766637481,293.15493774414062,77709700
2020-01-06,291.40933192329294,294.35535929236551,291.29112343878006,294.27352905273438,55653900
2020-01-07,293.70961920681691,294.18245291277395,293.00039639633826,293.44595336914062,40496400
2020-01-08,293.63683327919773,296.21913192562829,293.39134272864516,295.00982666015625,68296000
2020-01-09,296.56457230603417,297.08285773778618,295.98263194439471,297.01010131835938,48473300
2020-01-10,297.59222743504785,297.74678636302792,295.69187408087998,296.15557861328125,53029300
2020-01-13,296.77384567647033,298.20136500493834,296.34649170275594,298.19229125976562,47086800
2020-01-14,297.7558766573116,298.80152187526085,297.18303744919803,297.73770141601562,62832800
2020-01-15,297.64680703898097,299.16525845718712,297.56497682019716,298.41058349609375,72056600
2020-01-16,299.78358295618909,300.89288330078125,299.55626753925185,300.89288330078125,54050300
2020-01-17,301.60203034342942,302.03845807503239,300.8291525707732,301.829345703125,95846000
2020-01-21,300.87470417405683,302.03855809115475,300.80197544419212,301.2384033203125,77742400
2020-01-22,302.09307968566543,302.73867543171912,301.12019081553791,301.27474975585938,48914900
2020-01-23,300.62914750870215,302.02941805033095,299.51984731959936,301.6202392578125,51963000
2020-01-24,302.27489868037776,302.35672888648327,297.65583466927774,298.93789672851562,87578400
2020-01-27,293.71873364259289,295.61908679865473,293.38231133604262,294.14608764648438,84062500
2020-01-28,295.5645211349526,298.10136831927468,294.23700720360983,297.22848510742188,63834000
2020-01-29,298.5832802273967,298.81059559053369,296.78293256190744,296.98297119140625,53888900
2020-01-30,294.9280831672491,298.15597853912561,294.18250973419447,297.94683837890625,75491800
2020-01-31,297.32847974887051,297.48306639720431,291.6274207229464,292.53668212890625,113845600
2020-02-03,294.00968704247282,296.56470942440461,293.89147861758272,294.70980834960938,69083000
2020-02-04,298.30140865327917,300.06537807487388,297.9831615981231,299.20156860351562,62573200
2020-02-05,302.12030784501138,302.8659089327399,300.66551164748887,302.65676879882812,65951100
2020-02-06,303.61154644391132,303.86613858386636,302.60225163120458,303.67520141601562,50359700
2020-02-07,302.6204088136821,303.68422919342152,301.51110871141179,302.05667114257812,64139400
2020-02-10,301.17474004729218,304.37533099919631,301.1383618124799,304.31167602539062,42070000
2020-02-11,305.65734957678842,306.43930114856931,304.31163256555146,304.83901977539062,54864500
2020-02-12,306.26655082613371,307.01215194495438,305.90285176158648,306.80303955078125,43992700
2020-02-13,305.38449177826271,307.43943122860202,305.11172448328551,306.47561645507812,54501900
2020-02-14,306.88478358412101,307.08482217571895,305.69365352684082,306.96661376953125,64582200
2020-02-18,305.97562052387593,307.03036727738589,304.79356383100367,306.1756591796875,57226200
2020-02-19,307.13941318370024,308.31234039976835,306.85754437223062,307.63949584960938,48814700
2020-02-20,307.09390680956369,307.91226418959036,303.40230810062599,306.3756103515625,74163400
2020-02-21,305.02997213526146,305.33911773127744,302.40219294643487,303.22055053710938,113788200
2020-02-24,293.81879296639795,303.29328285501009,292.09117380863472,293.16412353515625,161088400
2020-02-25,294.54614785798088,295.15533747281677,283.40769541596455,284.28057861328125,218913200
2020-02-26,285.67173819343168,289.24512881329986,282.50752630036919,283.23492431640625,194773800
2020-02-27,277.74307941401139,283.28958149948619,270.51446533203125,270.51446533203125,284353500
2020-02-28,262.50376349641141,270.8598775435434,259.63049429346006,269.37777709960938,384975800
2020-03-02,271.15087035057456,281.10729510280561,267.74113964754468,281.04364013671875,238703600
2020-03-03,281.41641279396447,285.36260407327984,270.56893058563929,272.99664306640625,300139100
2020-03-04,278.34314359791699,284.68979925998445,275.80629608241469,284.4715576171875,176613400
2020-03-05,277.30655426157631,280.47986769668034,272.78752395289553,275.01519775390625,186366800
2020-03-06,266.55001804177328,271.66916501204014,263.89498985282967,270.46893310546875,228667200
2020-03-09,250.31967519710847,258.40302310109718,248.63756365214644,249.34678649902344,309417300
2020-03-10,258.81216916353509,262.34007996344667,248.68298420253547,262.24917602539062,276444100
2020-03-11,255.22970801029587,256.35718336366966,246.30075363543554,249.4649658203125,255316300
2020-03-12,232.7709037137879,242.46363295605934,225.20584268346082,225.59683227539062,392220700
2020-03-13,239.21755522094293,246.84627094713665,225.96962512099236,244.88226318359375,329566100
2020-03-16,219.29568561096787,233.58927774210949,215.82231383695429,218.08638000488281,297240000
2020-03-17,222.80540507714687,232.92550266983105,215.55860455740523,229.86128234863281,262070500
2020-03-18,214.81304740905762,225.83329327447962,207.32982852060815,218.2227783203125,327597100
2020-03-19,217.54082834842114,224.93312927499895,211.14872068807995,218.68649291992188,289322000
2020-03-20,221.81992633759734,223.5942684841913,208.98797436710205,209.26235961914062,347158800
2020-03-23,208.70446336976249,210.06722076037724,199.62239599139812,203.91191101074219,326025200
2020-03-24,214.4024524745698,223.25586710368103,213.83539985668068,222.38697814941406,235494500
2020-03-25,223.96010990179323,234.45982229383785,219.27732029095014,225.71615600585938,299430300
2020-03-26,228.21305908392085,240.35904181839467,227.78319208122267,238.89569091796875,257632800
2020-03-27,231.64284363681386,238.53898394691296,229.61241213301977,231.780029296875,224341200
2020-03-30,233.86531958772241,240.02062901450944,231.88062142056566,239.30723571777344,171369500
2020-03-31,238.31031171628476,240.8437663965274,234.34091545507368,235.74026489257812,194881100
2020-04-01,226.80454835925843,235.6579634150699,223.0729450503608,225.13081359863281,189554600
2020-04-02,224.25282207748756,231.10322964168998,223.70405148881215,230.32582092285156,177660400
2020-04-03,229.34713296100213,231.68854153043867,224.28020998831431,226.99659729003906,135561200
2020-04-06,235.82257866876083,244.20039326267332,226.97831890956317,242.24311828613281,188061200
2020-04-07,250.79468057924873,251.54466592390668,242.27055425611888,242.49005126953125,201427200
2020-04-08,245.07838784415037,252.43184505894871,242.5998076155295,250.63006591796875,153774500
2020-04-09,253.87690451669422,257.18780928967254,251.94709482023472,254.44398498535156,189999200
2020-04-13,253.47452554643522,253.81292610870179,248.23381060320401,252.12089538574219,114839100
2020-04-14,256.98659409583337,260.57184221885353,251.98368667023379,259.556640625,134143400
2020-04-15,253.86783290758441,259.69388332139363,251.93799487766481,254.04161071777344,121775000
2020-04-16,255.31290064670407,256.11776041430784,252.2123930324465,255.26718139648438,131798300
2020-04-17,261.01097548353312,262.76700815476869,258.28543213366686,262.16339111328125,146684800
2020-04-20,258.47738485394802,262.3004679707895,257.32499761398452,257.54449462890625,100109300
2020-04-21,253.09948464714034,254.29761890727113,248.79166082381494,249.72457885742188,126385700
2020-04-22,254.581225173408,257.0049315792852,253.26418699217092,255.26718139648438,92951600
2020-04-23,256.53842588812972,259.69383510664437,254.94701667094412,255.24882507324219,104709700
2020-04-24,256.7580183558884,259.47440633757606,254.71843163785363,258.80673217773438,85063200
2020-04-27,260.77305162758813,263.65406150084129,260.31574758702021,262.53823852539062,77896600
2020-04-28,266.16928169474409,266.51683729407421,261.02918781823894,261.33102416992188,105270000
2020-04-29,266.63567591302279,269.69961837336587,265.61131939279846,268.17221069335938,118745600
2020-04-30,266.80036532536803,268.27289912485736,263.94679204552654,265.6754150390625,122901700
2020-05-01,260.94683114027839,265.83998998938898,257.4804586743474,258.64202880859375,125180000
2020-05-04,256.76711176601282,259.65727719208007,255.2946058776954,259.35546875,80873200
2020-05-05,262.16329381700166,264.55040769368412,259.48347072156457,261.751708984375,79569900
2020-05-06,263.44379036734006,263.82791023422936,259.54754996196209,259.9774169921875,73632600
2020-05-07,263.17850070618579,265.03515417332994,262.6114481071013,263.11447143554688,75250400
2020-05-08,266.23319982646274,267.93438496782534,265.1082221053743,267.46792602539062,76452400
2020-05-11,265.54736149059846,268.89483110476766,265.12664950208534,267.52291870117188,79514200
2020-05-12,268.70277180581451,269.11432878086879,262.05355181087856,262.19076538085938,95870800
2020-05-13,261.63273226447177,262.66624365189273,255.13901062631533,257.5535888671875,144721100
2020-05-14,255.12999344010436,260.76395593941078,249.67890794003233,260.63592529296875,121977900
2020-05-15,258.25786364656517,261.87970361161774,257.31581849694021,261.833984375,111146300
2020-05-18,268.0259508942396,271.41001276565811,267.70586031884966,269.8094482421875,119703800
2020-05-19,269.21491887057363,270.91607665939068,267.01986485754708,267.03814697265625,95189300
2020-05-20,270.55944414263672,272.43438006323834,270.33079205906915,271.57464599609375,85861700
2020-05-21,271.44667370987844,272.2515336829585,268.61138168166895,269.69976806640625,78293900
2020-05-22,269.41611791916449,270.38560028376179,268.18139138715867,270.21182250976562,63958200
2020-05-26,276.14762383993184,276.38543088359847,270.23010816848546,273.54098510742188,88951400
2020-05-27,276.32145242701677,277.64764561369537,271.51975889898949,277.61105346679688,104817400
2020-05-28,278.63535082021713,280.63834478307177,276.43114195980922,277.09881591796875,90405200
2020-05-29,276.63234113567393,278.91886124536552,273.89767201620191,278.33352661132812,119090800
2020-06-01,277.69330914499051,280.06214079412035,277.18113083769884,279.45849609375,55758300
2020-06-02,280.37317234448284,281.81826913612639,279.04700701320922,281.77252197265625,74267200
2020-06-03,283.74805764504862,286.47360030798097,283.47368633170566,285.52239990234375,92567600
2020-06-04,284.54374784901324,286.27237076977303,282.68709429243478,284.77239990234375,75794400
2020-06-05,290.14114363564983,293.83614034000306,290.07711436853054,292.07095336914062,150524700
2020-06-08,292.87583692887944,295.79343929996958,292.33622144394411,295.60137939453125,73641200
2020-06-09,292.94903973098729,295.6745826285939,292.08930565964937,293.397216796875,77479200
2020-06-10,293.97334309587063,294.86051405519015,291.04658605788649,291.75997924804688,95000800
2020-06-11,284.8639368415416,285.49501889792708,274.39168695293398,274.9404296875,209243600
2020-06-12,281.91884136581535,282.68710895546064,273.10203224610871,278.23297119140625,194678900
2020-06-15,272.57153318023097,281.95542250093104,271.40083576863628,280.8304443359375,135782700
2020-06-16,288.54064013438921,288.6869808136118,281.3975514551438,286.23580932617188,137627500
2020-06-17,287.25105397675321,287.5437353503911,284.31514104832712,285.04684448242188,83398900
2020-06-18,283.53773898789541,285.63217197957812,283.0804348201973,285.15658569335938,80828700
2020-06-19,288.60692505769799,288.7998301267632,281.58855589183077,283.52688598632812,135549600
2020-06-22,282.92972474242163,285.74073904294022,281.79062897041933,285.34573364257812,74649400
2020-06-23,287.98219630818011,288.9100244355788,286.25516210585141,286.65936279296875,68471200
2020-06-24,284.62924670869961,285.24474315678492,277.51903622593039,279.34710693359375,132813500
2020-06-25,278.77752725543598,282.60823878319684,276.76571896188869,282.34182739257812,89468000
2020-06-26,281.2486339410296,281.4599295868436,275.05705756423436,275.63577270507812,127961000
2020-06-29,276.88522233022002,279.82483160254571,274.60700201573889,279.68704223632812,79773300
2020-06-30,279.25526175323682,284.95999337986188,279.09910982852165,283.26968383789062,113394800
2020-07-01,284.38122172929252,286.51245699651031,283.92190523382942,285.25390625,72396500
2020-07-02,288.67120118094942,290.01242543532555,286.16335123948647,286.82476806640625,69344200
2020-07-06,290.62789980335049,291.83130671638787,289.88380936199007,291.2525634765625,61713800
2020-07-07,289.71847561105767,291.68433562318751,287.87201433816693,288.2486572265625,82910000
2020-07-08,289.01107826646074,290.56357008364819,287.25651412780468,290.45333862304688,54638600
2020-07-09,291.05969519931227,291.29854876580123,285.40091218882344,288.79986572265625,83354200
2020-07-10,288.73554204472748,292.01506865179886,287.31167207863734,291.7486572265625,57550400
2020-07-13,294.08198855848502,296.45204937769444,288.57019052506786,289.222412109375,102997500
2020-07-14,287.80771779411623,293.74210736734102,286.61350606595687,292.970458984375,93657000
2020-07-15,296.17645002673828,296.75519326538318,293.29192913395349,295.66201782226562,87196500
2020-07-16,293.7696908622151,295.13844522865611,293.12663646975597,294.68832397460938,54622500
2020-07-17,295.68958717954541,296.32344617655446,293.72369915184692,295.5426025390625,62774900
2020-07-20,295.27619796890855,298.67515127701739,294.53210748290684,297.93106079101562,56308800
2020-07-21,299.88774460972547,300.32867049377438,297.58196688139049,298.56491088867188,57292200
2020-07-22,298.20664479704493,300.57673367466816,298.09641332077501,300.26437377929688,57792900
2020-07-23,299.90614326510968,300.60431337813742,295.32217315904694,296.68173217773438,75738000
2020-07-24,294.83530713956088,295.79066538679007,293.2736196426377,294.77099609375,73766600
2020-07-27,295.45990925427805,297.09507472335611,294.66987036861468,296.9205322265625,48293000
2020-07-28,296.19487323057496,297.30643950213306,294.74344522105719,295.03741455078125,57495000
2020-07-29,295.91005560723403,299.22633529422387,295.87330243781872,298.66595458984375,48454200
2020-07-30,295.70796004076783,298.01373786477751,293.63186850350201,297.600341796875,61861700
2020-07-31,299.38250887264957,300.05312109935898,295.18434905701736,299.95205688476562,84986800
2020-08-03,301.6055034601045,302.79971479064687,301.06351351566173,302.03726196289062,53077900
2020-08-04,301.18297585334199,303.2039794921875,301.18297585334199,303.2039794921875,41917900
2020-08-05,304.49927818527294,305.34443287086799,304.2328667686408,305.08718872070312,42697700
2020-08-06,304.50847479244663,307.24598317115777,304.18694763781531,307.12655639648438,43679400
2020-08-07,306.16203189273534,307.63185042816298,305.26176138160241,307.34707641601562,57308300
2020-08-10,307.79711328642304,308.44933474503767,305.86797873960825,308.265625,44282100
2020-08-11,309.44151913852102,310.07537812563476,304.9953389625245,305.72103881835938,69601100
2020-08-12,308.14634552535369,310.75526064119248,308.11878764870431,309.98361206054688,53774400
2020-08-13,309.2210563466594,310.72762799955967,308.50452369171938,309.42315673828125,41816100
2020-08-14,309.03730658106429,309.96513480909408,308.31157871851264,309.43231201171875,47260400
2020-08-17,310.44281055170882,310.81025811201846,309.44150403522292,310.41525268554688,35481000
2020-08-18,310.81026975844532,311.50843977331124,309.22102465835161,311.08587646484375,38733900
2020-08-19,311.46250966224812,311.97694190316844,309.23023818456306,309.79061889648438,68054200
2020-08-20,308.07276713887148,311.23286708334615,307.94417308939308,310.75518798828125,42207800
2020-08-21,310.42441793953969,312.07794581811294,310.08450024384098,311.85748291015625,55106600
2020-08-24,314.28274638944663,315.09114798933467,311.83001175308209,315.01766967773438,48588700
2020-08-25,315.57797452610504,316.20263820053862,314.42048804419079,316.11996459960938,38463400
2020-08-26,316.70791965532959,319.55565950622474,316.1659295535639,319.28927612304688,50790200
2020-08-27,320.1528936072541,321.42977928942446,318.33398961917806,319.98751831054688,58034100
2020-08-28,321.00712474178908,322.18297388597506,319.82208029637775,322.05435180664062,48588900
2020-08-31,321.84302027814732,322.71570465324675,320.65797606793086,320.88763427734375,66099200
2020-09-01,321.71442700956277,324.01100930917738,320.82335195593424,323.90997314453125,54908700
2020-09-02,325.81160515901706,329.55961577116307,324.67248108218939,328.59506225585938,69540000
2020-09-03,326.91393853668052,327.38245036251664,314.7144927720197,317.28668212890625,148011100
2020-09-04,317.96646795020814,319.52812734335566,307.6226506452831,314.69613647460938,139156300
2020-09-08,309.31290219076556,314.76041705680797,305.79455021998007,306.09768676757812,114465300
2020-09-09,310.08451624247431,314.59500703013146,309.22099909582585,312.14227294921875,91462300
2020-09-10,314.00719693771174,314.65941863884626,305.76705628038263,306.72244262695312,90569500
2020-09-11,308.49537378057647,309.55179623666561,304.06755551877052,306.87857055664062,84680200
2020-09-14,310.02945705249289,312.68432000622551,307.02553709097856,310.9205322265625,65605700
2020-09-15,313.36410915861683,314.19087331685137,310.92973712374885,312.49142456054688,52920900
2020-09-16,313.72240708409242,315.14627721221791,310.97567498046277,311.25128173828125,82096000
2020-09-17,306.41918997009998,310.22234365856269,305.89556248526213,308.513671875,91523300
2020-09-18,309.31518912233128,309.42586185068205,302.4900987895025,304.96188354492188,105877900
2020-09-21,300.39639487387268,301.71529149162188,296.73482284548101,301.56771850585938,99450800
2020-09-22,303.0433987892157,305.19236867159412,300.54391846209978,304.63897705078125,63612100
2020-09-23,305.19248294549067,305.46919293283975,297.0761632901137,297.57421875,93112200
2020-09-24,296.26447402550286,301.41095239116913,294.95478119915913,298.36734008789062,76681300
2020-09-25,297.5188397783968,303.97501178267646,296.6518940041928,303.19107055664062,71069400
2020-09-28,307.33219516977516,308.93700585444429,306.34531653525386,308.22683715820312,64584600
2020-09-29,308.02401162526581,308.76184870147267,305.85657651222289,306.54830932617188,51304000
2020-09-30,307.21226148970572,312.00828516937099,307.01858425377151,308.8724365234375,104081100
2020-10-01,311.45493423413501,312.4233486871583,308.98314964901618,310.85543823242188,88698700
2020-10-02,305.93041438707263,310.82788105487907,305.46002700933047,307.90414428710938,89431100
2020-10-05,309.95157659995147,313.54858090194296,309.90547234668128,313.3641357421875,45713100
2020-10-06,313.50250890517106,315.58693926626722,308.40213388568361,308.90939331054688,90128900
2020-10-07,311.85158607165448,315.08890456314975,311.82391788568788,314.2864990234375,56999600
2020-10-08,316.21409654274379,317.13640685603946,315.30099019284074,317.07183837890625,45242500
2020-10-09,318.7135321923036,320.36447544394468,318.09560007830606,319.9033203125,59528600
2020-10-12,322.43050741754905,326.51633596319084,321.94168400403748,325.04986572265625,80388500
2020-10-13,324.91139734324253,325.08663851205671,321.96922590473577,322.92843627929688,73255500
2020-10-14,323.50027431876413,324.58859350425053,320.17074829875787,320.89935302734375,57727900
2020-10-15,317.00724393505629,320.98239880801316,316.47231638169973,320.5028076171875,60357700
2020-10-16,321.84941612678801,323.50035955627061,320.13393236342415,320.30917358398438,89501900
2020-10-19,321.56345635115872,322.19062055292437,314.54468900491094,315.4393310546875,68425600
2020-10-20,316.77671434018436,319.93102821542567,316.02044122219371,316.70294189453125,60051900
2020-10-21,316.65675717236138,318.81498786798693,315.79901541829253,316.1033935546875,63575000
2020-10-22,316.31556530320415,318.41843187870199,314.18503054171345,317.83737182617188,55399300
2020-10-23,319.05484484338615,319.11018121824065,316.47238686124092,318.91650390625,49143900
2020-10-26,315.55004001693953,316.33400943251553,309.54579071773742,313.02291870117188,91473000
2020-10-27,313.36415234517256,313.69617053832854,311.73164512212657,311.94378662109375,65994100
2020-10-28,306.29923020856904,311.97143244181262,300.793037060004,301.2818603515625,127094300
2020-10-29,301.51246424036691,307.49824909412393,299.83385273532434,304.34396362304688,90597700
2020-10-30,302.7759224364525,304.07638290014637,297.53720844767196,301.17111206054688,120287300
2020-11-02,304.54690551757812,306.5390712136703,301.81684646636501,304.54690551757812,86068300
2020-11-03,307.76577762826378,311.97151104651329,304.62992771419084,309.92398071289062,93294200
2020-11-04,314.37865106265446,320.90862324436983,313.20732720493976,316.8504638671875,126959700
2020-11-05,322.10759705001647,324.8284233294965,321.75711467946127,323.0299072265625,82039700
2020-11-06,322.74400475930975,324.20127065202445,320.64113860814109,322.95614624023438,74973000
2020-11-09,335.69331803700902,336.07146867931255,326.55321857844086,327.01437377929688,172304200
2020-11-10,326.02747194823814,327.58617866916313,323.27900515845005,326.53475952148438,85552000
2020-11-11,328.71137691264624,329.78126021097881,327.47548451974723,328.96041870117188,58649000
2020-11-12,327.9550663459089,329.00651354142656,323.97070745695135,325.76919555664062,67546200
2020-11-13,327.66914317869532,331.01713379560016,327.15265170494035,330.279296875,62892200
2020-11-16,332.93553825094079,334.5956853129893,331.65351359287251,334.40200805664062,74541100
2020-11-17,332.00401959584821,333.80253582997852,330.50064939494411,332.603515625,66111000
2020-11-18,332.87097822698092,333.41513786830762,328.56377720110288,328.60067749023438,70591300
2020-11-19,327.9735924427535,330.35314095241722,326.63623106912223,329.98422241210938,59940900
2020-11-20,329.7259436268605,329.92885302572876,327.65074538025789,327.72451782226562,70417300
2020-11-23,329.52301678316911,330.94338250005325,327.30024562354612,329.68902587890625,63230600
2020-11-24,332.22533279002778,335.5456549747492,331.37682321023198,335.00149536132812,62415900
2020-11-25,334.91856389725041,334.94623208204837,333.39675744000618,334.48507690429688,45330900
2020-11-27,335.57334191426128,335.88692400664513,334.41122204797063,335.41656494140625,28514100
2020-11-30,334.6418093714301,334.90928722000234,331.26617868856528,333.931640625,83872700
2020-12-01,337.16890069431548,339.114961441133,336.57860873622678,337.58392333984375,74231400
2020-12-02,336.47726746171054,338.45099696751333,335.90543955018524,338.29421997070312,45927000
2020-12-03,338.19273322211728,339.58543077864948,337.10441382597998,338.20196533203125,62882000
2020-12-04,338.78301124764369,341.116455078125,338.69077459236598,341.116455078125,50749900
2020-12-07,340.35086732798777,340.90425902440904,339.15187544130077,340.41543579101562,48944300
2020-12-08,339.15194956726288,341.97421687451561,339.10584531026393,341.41162109375,42458900
2020-12-09,342.06645782355372,342.22323481665705,337.51947467671783,338.34954833984375,74098300
2020-12-10,336.98447405521517,339.28101745162724,336.11750021346251,338.23883056640625,57735400
2020-12-11,336.55096503463255,338.24801231754628,335.03839103870428,337.84219360351562,57698600
2020-12-14,340.0004557165168,341.07031081115611,336.15440968397792,336.32965087890625,69216200
2020-12-15,338.85678621425808,340.87664794921875,337.49178503398645,340.87664794921875,63865300
2020-12-16,341.08880685472656,342.32469929707383,340.21260079833104,341.41162109375,58420500
2020-12-17,343.04405794483972,343.52364911590456,342.22318835666351,343.32073974609375,64119500
2020-12-18,343.60793195814915,343.77464870314009,339.94926543201143,341.949951171875,136542300
2020-12-21,338.05044054116735,350.54543225657909,335.32728763220132,340.72726440429688,96386700
2020-12-22,341.05150137340303,341.16264587198805,339.03230093802068,340.15304565429688,47949000
2020-12-23,341.11633348883834,342.35749412526934,340.13451942917413,340.45870971679688,46201400
2020-12-24,340.93104828421662,341.81098924662041,340.34753973018832,341.783203125,26457900
2020-12-28,344.32111593208953,345.10842711140884,343.70054975857943,344.71942138671875,39000400
2020-12-29,346.2384414390911,346.41442964061537,343.47823072745575,344.061767578125,53680500
2020-12-30,344.87683307236949,345.58078581354903,344.16363713546377,344.55264282226562,49455300
2020-12-31,344.35823097857912,347.02581231676652,343.84880921283491,346.3033447265625,78520700
2021-01-04,347.62773872628424,347.75742612054898,337.91147321735048,341.58865356445312,110210800
2021-01-05,340.94957212585825,345.02502991311206,340.90324308131426,343.94131469726562,66426200
2021-01-06,342.44076383002215,349.17455815227521,341.89428469428384,345.99752807617188,107997700
2021-01-07,348.35951944577056,351.87922670441401,348.18353125617296,351.13824462890625,68766800
2021-01-08,352.51835210952186,353.35196404979899,349.28577737519294,353.13894653320312,71677200
2021-01-11,349.98035287388393,352.50897405254864,349.85993695744332,350.75839233398438,51034700
2021-01-12,350.94381437587435,351.84224190161262,348.60039518402289,350.8326416015625,52547700
2021-01-13,350.75844179576529,352.76837028445732,349.98040222595051,351.77731323242188,45303600
2021-01-14,352.5183094114912,353.0184878217367,350.21197672718779,350.54541015625,49989100
2021-01-15,348.93386181942958,349.73041631310252,346.13662136026045,347.98910522460938,107160000
2021-01-19,350.43430286360933,351.25867159512734,348.9615818623468,350.721435546875,51233300
2021-01-20,353.00000232397593,356.40859366437286,352.61099659345319,355.57498168945312,61836100
2021-01-21,356.13066931635393,356.55676085887347,354.98213863069282,355.89910888671875,47840100
2021-01-22,354.0559284746663,355.79726758341997,353.67616594421202,354.63946533203125,52860500
2021-01-25,355.37116027501662,356.39000351678175,350.54542073665698,356.03805541992188,70402000
2021-01-26,356.98280679316679,357.39035539085899,355.25073938630112,355.4822998046875,42665300
2021-01-27,352.17568294353163,352.26831278333765,344.57124514864984,346.79421997070312,123351100
2021-01-28,348.60035767923068,353.7595313987344,348.16505115998132,349.77670288085938,94198100
2021-01-29,347.92422484873907,348.8875242713741,341.10707024751372,342.77432250976562,126765100
2021-02-01,346.15513470012303,349.50812595911594,343.06149005048155,348.48001098632812,75817600
2021-02-02,351.64758695318596,354.95427595924195,348.56321513295887,353.40744018554688,64450700
2021-02-03,354.23196518533314,355.39903905987751,352.41653892122218,353.68548583984375,52427100
2021-02-04,354.7135813441343,357.75165357039521,353.79661093112429,357.70535278320312,47142600
2021-02-05,359.56706738711136,359.81714248968751,357.6590115971153,359.11318969726562,48669800
2021-02-08,360.55810607885201,361.7529658186462,359.7059795212632,361.7066650390625,38365200
2021-02-09,360.87304252913981,362.05865913101644,360.4655221555642,361.46585083007812,35551100
2021-02-10,363.19789059052499,363.34609265440474,358.91865846261589,361.308349609375,59154400
2021-02-11,362.38275261785691,362.79957264230774,359.47436870793109,361.891845703125,42913300
2021-02-12,361.09537339619646,363.92039959528154,361.02125822245569,363.67959594726562,50593300
2021-02-16,364.90221935362916,365.09675048774824,362.65145851588369,363.36465454101562,50972400
2021-02-17,361.62333111241526,363.69810367108147,360.6137026893847,363.44802856445312,52290600
2021-02-18,360.85452636338192,362.64216618845541,359.14097344228867,361.90118408203125,59712800
2021-02-19,363.15159545386382,363.4387281237623,360.81744824481308,361.26205444335938,83241000
2021-02-22,358.51112352371484,360.88230010289743,358.21471938465339,358.48333740234375,67414200
2021-02-23,356.28817782496253,360.26176310227765,352.15714726936432,358.918701171875,107284100
2021-02-24,357.83499100141944,363.29984036982142,356.85317693048404,362.87374877929688,72433900
2021-02-25,361.61399191819288,362.97556822145572,352.69428065259888,354.12994384765625,146670500
2021-02-26,356.00095997356209,357.14021903605783,350.33236597810503,352.30523681640625,152701600
2021-03-01,357.14951965156268,362.08640354754476,352.4997966765975,360.84521484375,105348800
2021-03-02,361.06758244771771,361.29914289591414,357.52933201527884,358.02951049804688,79595300
2021-03-03,357.33490440957667,358.29817572494994,353.185330127984,353.2872314453125,119940200
2021-03-04,353.10194756069319,355.67689897993358,344.45085137854505,348.91534423828125,183433000
2021-03-05,352.3978775655479,356.38073347724139,345.15468960580324,355.33407592773438,152039600
2021-03-08,356.28824770946767,359.08548834675565,353.28723270345921,353.56509399414062,123149200
2021-03-09,357.39042160734738,361.15096123735412,356.89024309629809,358.61306762695312,113633600
2021-03-10,360.9471161253984,362.53098145538547,359.53923897281567,360.84521484375,109899400
2021-03-11,363.29977289296414,366.4675035095816,362.84589526271924,364.50387573242188,86245000
2021-03-12,363.15156966022903,365.13371208798912,362.34574394925562,364.99478149414062,64653600
2021-03-15,365.24484933515953,367.43079427950852,363.11450489390148,367.17144775390625,73427200
2021-03-16,367.78281784364572,368.48674235114737,365.93957754289181,366.7083740234375,73722500
2021-03-17,365.4301814608711,368.7553861785309,364.29089385454591,367.95883178710938,97959300
2021-03-18,365.38382757505207,367.45859988992873,361.92893593764336,362.6051025390625,115349100
2021-03-19,362.30590860111545,363.87638634401958,359.7689764719853,361.9342041015625,113624500
2021-03-22,362.44527604125085,366.19955652443446,362.38952178707973,364.82421875,73778600
2021-03-23,364.1922851409189,365.63265050793439,361.1721404249181,361.95272827148438,90686600
2021-03-24,363.34665077996937,364.97288259292316,360.06631002878038,360.11276245117188,97588600
2021-03-25,358.68173567172818,362.92850277450299,356.74882692314941,362.13864135742188,116128600
2021-03-26,363.28165959392123,368.37409947575259,362.68693802860713,367.97451782226562,114409100
2021-03-29,366.50616977731801,368.68997238705862,365.02862546499938,367.78857421875,108107600
2021-03-30,366.52488460429095,367.48203731173976,365.22387611248564,366.81295776367188,76262200
2021-03-31,367.37976998925541,369.85164620367487,367.3518928588357,368.29974365234375,112734200
2021-04-01,370.22328699372667,372.33276014953623,370.01884528609827,372.2769775390625,99682900
2021-04-05,374.92549847279105,378.15938753582873,374.85116890824196,377.62039184570312,91684800
2021-04-06,377.06284381023062,378.43815342897005,376.72828987645732,377.39736938476562,62021000
2021-04-07,377.2300830672533,378.17793382855064,376.77474716612562,377.8341064453125,55836300
2021-04-08,379.07941630605933,379.68343981819572,378.15014063839016,379.627685546875,57863100
2021-04-09,379.50684182818276,382.55486438819275,379.38603147354939,382.3875732421875,61104600
2021-04-12,381.79287241803843,382.79647755244929,381.1888489712664,382.52700805664062,56704900
2021-04-13,382.42472067416116,384.28327155408988,382.04371434066746,383.66064453125,56551000
2021-04-14,383.63274853678331,384.68283426978144,381.81137670460754,382.35037231445312,61659900
2021-04-15,384.47837213214058,386.72723094490885,384.43191970858771,386.45773315429688,60229800
2021-04-16,387.7401183380756,388.353443438255,386.3276300935371,387.74942016601562,82037300
2021-04-19,386.82020814297175,387.26624220935008,384.52489664561284,385.84445190429688,78498500
2021-04-20,384.63636975752553,385.7329078820872,381.55116873929074,383.01943969726562,81851800
2021-04-21,382.40612224149959,386.84805744145041,382.26670824654997,386.64361572265625,66793000
2021-04-22,386.47639733743807,387.30343777713887,382.05303692792,383.11239624023438,97582800
2021-04-23,383.66991372470932,388.66941970392514,383.5955841738986,387.26620483398438,73209200
2021-04-26,387.91665457046582,388.64148811603951,387.33120663765067,388.07461547851562,52182400
2021-04-27,388.37203412265819,388.56720236174232,386.8573107884589,387.99102783203125,51303100
2021-04-28,388.26058398461998,389.37572589844001,387.41493989916654,387.87957763671875,51238900
2021-04-29,390.59303058342431,390.96473505982385,386.98743760795782,390.35140991210938,78544300
2021-04-30,388.0933284049745,388.93897250611576,386.89455507926465,387.78665161132812,85527000
2021-05-03,389.76597643845156,390.14698275773247,388.13047100940452,388.62298583984375,68128300
2021-05-04,386.64371027098582,387.13622521044107,382.55490325447636,386.22552490234375,101591200
2021-05-05,387.86100653728766,388.09332540857991,385.78871199603554,386.34628295898438,60162200
2021-05-06,386.4205253076762,389.56148027613642,384.42258913732883,389.431396484375,74321400
2021-05-07,390.19338990475688,392.91615952221593,389.51500877759059,392.26565551757812,67733800
2021-05-10,392.6188101941591,392.84182718890122,388.26050681344282,388.38131713867188,81852400
2021-05-11,383.88367903613289,385.90019080250545,381.05867383815797,384.9151611328125,116888000
2021-05-12,382.14587663008854,383.40967737539506,375.42720626897187,376.73748779296875,134811000
2021-05-13,378.28012608793568,383.18669883473541,378.23364530458161,381.26309204101562,106394000
2021-05-14,383.98586971745959,387.96316718761682,383.95799259058225,387.11752319335938,82201600
2021-05-17,386.01175585096786,386.94103133241549,384.12529939876151,386.13253784179688,65129200
2021-05-18,386.39271466558824,386.63433535372889,382.64773579558681,382.80572509765625,59810200
2021-05-19,378.14080458921927,381.97868863981518,376.66323156600845,381.8021240234375,106467100
2021-05-20,382.67559627967489,387.16401231825478,382.55481430009371,385.90948486328125,78022200
2021-05-21,387.38712306959582,388.6230755250445,385.13829195096497,385.5936279296875,76578700
2021-05-24,387.82379367455189,390.59304458759863,387.58217299457402,389.52438354492188,51376700
2021-05-25,390.60230787289504,390.95543705465997,388.08397953448286,388.66012573242188,57451400
2021-05-26,389.24553008559491,389.93318471446582,388.21404814228856,389.431396484375,43088600
2021-05-27,390.45366167403739,390.96475180607416,389.35709513672379,389.63589477539062,56707700
2021-05-28,391.19713572899053,391.45733175281867,390.10059736851764,390.33291625976562,58520200
2021-06-01,392.68390661909086,392.8232922551266,389.55225310614026,389.989013671875,54216600
2021-06-02,390.63947387641599,391.43866542326464,389.63586897767476,390.602294921875,49097100
2021-06-03,388.29776188975762,390.2863966542775,386.83879259158886,389.15267944335938,58138800
2021-06-04,390.99259643637595,393.0091363874435,389.2176771468902,392.71176147460938,55938800
2021-06-07,392.70242342127887,392.8789879870348,391.40144374668,392.33071899414062,51555000
2021-06-08,393.18568426469994,393.27861747261932,390.59302642692012,392.41439819335938,47134300
2021-06-09,393.25067788115484,393.32503577937251,391.60587096325804,391.82888793945312,48436300
2021-06-10,393.04636720699068,394.59826980822669,391.73608531665377,393.650390625,51020100
2021-06-11,394.19869662303313,394.41241184797695,392.91629183641419,394.3009033203125,45570800
2021-06-14,394.41243171729019,395.28595304031893,393.17650766109523,395.18374633789062,42358500
2021-06-15,395.3323529313738,395.36950352870468,393.585310642845,394.45883178710938,51508500
2021-06-16,394.59820074907822,394.82121776057716,390.22132174301208,392.25640869140625,80386100
2021-06-17,391.84760199223103,393.10210119599844,389.66379895429577,392.12637329101562,90949700
2021-06-18,388.85953482830837,389.54943931137689,386.63131519817341,386.83642578125,118676300
2021-06-21,388.58919001085104,392.56086417770541,387.77807986737088,392.3743896484375,72822000
2021-06-22,392.36500160297555,395.30178987033617,391.64710042623443,394.47201538085938,57700300
2021-06-23,394.54667538647084,395.34845321530088,393.91270755176572,393.99661254882812,49445400
2021-06-24,396.13161425617756,396.74691755372669,395.87987081880055,396.327392578125,45110300
2021-06-25,397.07323230765621,398.18269021475828,396.74691613756454,397.73516845703125,58129500
2021-06-28,398.25721249129896,398.70470570834567,397.06384982582415,398.53689575195312,53159600
2021-06-29,398.91921379244826,399.55318158835303,398.21997707437288,398.75140380859375,35970500
2021-06-30,398.29456213738757,399.75830454102925,398.26659380587921,399.0870361328125,64827900
2021-07-01,399.84215986243578,401.45507598441856,399.77689094635281,401.29656982421875,53441000
2021-07-02,402.45268652491359,404.71820659854211,401.38050082608891,404.36392211914062,57697700
2021-07-06,404.4198543106815,404.63429713848001,400.90503478937438,403.62738037109375,68710400
2021-07-07,404.30799189867793,405.33354476274883,402.303519022366,405.0538330078125,63549500
2021-07-08,399.75834018924974,402.50868299156838,398.58361325711093,401.75350952148438,97595200
2021-07-09,403.25443886623873,406.3404010235605,401.55761775710965,406.04205322265625,76238600
2021-07-12,405.95817542684443,407.7482339001441,405.52931821683023,407.49649047851562,52889600
2021-07-13,406.71336030742225,408.20507100208732,405.8463136021785,406.10736083984375,52911300
2021-07-14,407.79480730058339,408.27962958567196,405.47335073456526,406.71331787109375,64130400
2021-07-15,405.38012488965688,406.05139322849038,403.43158879060172,405.32418823242188,55126400
2021-07-16,406.49900772847565,406.5456121361388,401.75352387638162,402.14508056640625,75874700
2021-07-19,397.34366418158243,402.21035368669737,393.40929045559278,396.20623779296875,147987000
2021-07-20,396.86804926563838,403.15187498886161,396.075575412109,401.8839111328125,99608200
2021-07-21,403.0773770798175,405.27765698558056,401.83740968461672,405.13778686523438,64724400
2021-07-22,405.31493758069689,406.22861725285645,404.3360174299691,405.9862060546875,47878500
2021-07-23,407.90671704566648,410.49855331355985,407.22614485698421,410.16293334960938,63766600
2021-07-26,409.57551775751352,411.17910154670119,409.52891336357641,411.16976928710938,43719200
2021-07-27,410.1349462433999,410.1629145724487,406.48025668627827,409.29586791992188,67397100
2021-07-28,409.92061745674272,410.49864871923199,407.7110334911531,409.12814331054688,52472400
2021-07-29,410.05105019724169,411.89701685874121,410.04171793668422,410.82485961914062,47435300
2021-07-30,408.27040830610196,410.27488155090725,408.1398704393979,408.82980346679688,68951200
2021-08-02,410.53579137518165,411.085854089218,407.61763939657374,407.971923828125,58783300
2021-08-03,408.76444835011597,411.41222120366473,406.5828332901923,411.291015625,58053900
2021-08-04,410.01381606665018,411.26311574726071,409.03489591790878,409.26797485351562,46732200
2021-08-05,410.42402806837828,411.94370724678896,410.10704413730144,411.85980224609375,38969700
2021-08-06,412.17675592861804,412.95989766298533,411.89704416147674,412.54034423828125,46930000
2021-08-09,412.51236355148603,412.82934744980611,411.44020627292963,412.2047119140625,41222600
2021-08-10,412.6521688276481,413.42600666146012,411.97159669055037,412.71743774414062,43339300
2021-08-11,413.78025102412187,413.83618767512019,412.66146110013659,413.74295043945312,44034300
2021-08-12,413.59392133804198,415.12293287260979,412.69890615674501,414.98306274414062,38909400
2021-08-13,415.43047911757316,415.75679524781077,414.94568527825686,415.7381591796875,39470300
2021-08-16,414.44221937502749,416.84758091171517,412.89457218859576,416.71707153320312,73740000
2021-08-17,414.17185863996565,414.8431269867084,411.01132366089439,413.98541259765625,92673900
2021-08-18,412.97855898442202,414.53553873919589,409.21202400102419,409.45440673828125,89351900
2021-08-19,406.74130834897898,411.28170912890874,406.60146670220803,410.08831787109375,92812200
2021-08-20,410.43334673524191,413.67778712939463,409.94852436681583,413.35147094726562,72008700
2021-08-23,415.02964970074015,417.89186565425678,413.42606560010046,416.98751831054688,54973000
2021-08-24,417.64944458007812,418.18087133123964,417.13668235128313,417.64944458007812,38744700
2021-08-25,417.8359134013071,419.03858009290565,417.46296438324526,418.52581787109375,40529700
2021-08-26,418.2460947166087,418.4791736205417,415.96193852927382,416.05517578125,57829600
2021-08-27,416.85693316240236,420.14800598686645,416.80099650435585,419.77508544921875,77235100
2021-08-30,420.4463974226872,422.40426601349998,420.20398624465798,421.62112426757812,48357400
2021-08-31,421.5278561630646,421.86347612160631,420.39976225528045,420.99642944335938,59300200
2021-09-01,421.92872273073209,422.44148490206112,420.98707492126005,421.22015380859375,48721400
2021-09-02,422.63728833645627,423.31786047284209,421.32272000796826,422.51608276367188,42501000
2021-09-03,421.38804973614276,422.92636491207014,420.98713237168766,422.41357421875,47170500
2021-09-07,422.06862335930469,422.16186061767115,420.23196033235047,420.90322875976562,51671500
2021-09-08,420.37174479230555,421.09894973616434,418.47911703435398,420.390380859375,56181900
2021-09-09,420.19467904283903,421.93810477347188,418.34868379463109,418.59109497070312,57970400
2021-09-10,420.51162229190282,420.93114722682827,415.16944383774626,415.2906494140625,89948200
2021-09-13,418.27408140533612,418.53512863336101,414.05066445405407,416.35348510742188,83738600
2021-09-14,417.7891963518897,417.99430688968209,413.22085632143421,414.1065673828125,78197100
2021-09-15,414.52607235132058,418.05955571589652,413.4259469978353,417.5654296875,78792200
2021-09-16,417.04343662553293,418.01302440036307,413.96677795920118,416.90359497070312,77786700
2021-09-17,416.13475093436307,416.55561988297018,412.48704878745247,412.84246826171875,118425000
2021-09-20,406.7444215538444,408.31572315762702,401.11388132553259,405.95877075195312,166445500
2021-09-21,408.28759735932772,409.57831937046842,405.05145871587132,405.57522583007812,92526100
2021-09-22,407.83865986715858,411.5611742401926,405.68747544919097,409.53155517578125,102350100
2021-09-23,411.39277968477785,416.1067119256756,411.1589540771979,414.50732421875,76396000
2021-09-24,412.87992626002892,415.90096352552064,412.66479641554514,415.19012451171875,62094800
2021-09-27,414.16124372087057,415.32100953578424,413.31011513170654,414.00225830078125,61371100
2021-09-28,411.24311932770905,411.57048088015347,404.9298280542011,405.65936279296875,130436300
2021-09-29,407.03424719942632,408.76456232025731,405.78094542874345,406.34213256835938,82329200
2021-09-30,407.81052769400486,408.51200446910042,401.03894769222808,401.37567138671875,140506000
2021-10-01,403.09668518630104,407.81995143458551,399.58930078118863,406.145751953125,129240100
2021-10-04,404.98592463616558,405.88380691579061,398.77550322278188,400.90802001953125,128570000
2021-10-05,402.40451843174742,407.31485631227736,401.60953418086086,405.07949829101562,90682500
2021-10-06,401.49727362979542,406.96879868719788,399.87921865411016,406.76303100585938,113032200
2021-10-07,410.02732476233155,413.10444979712599,409.84961498303699,410.27984619140625,72437500
2021-10-08,411.04676926207759,411.43024672745184,408.90491846012617,409.53155517578125,74557400
2021-10-11,408.87681804126657,411.77626131351451,406.50114185189591,406.56661987304688,65233300
2021-10-12,407.48321348221907,407.88538666811871,404.78017581687527,405.56582641601562,71181200
2021-10-13,406.5853090624002,407.83861088635894,403.62041636017756,407.02490234375,72974000
2021-10-14,410.67256064181572,414.02095918055352,410.20490944704392,413.87130737304688,70236800
2021-10-15,415.97581165177809,417.38812764471339,415.35850853982959,417.02334594726562,66260200
2021-10-18,415.24616843242967,418.59453814904452,414.59144539702993,418.25784301757812,62213200
2021-10-19,419.87601973520236,421.55019069451413,419.26805026281613,421.4847412109375,46996800
2021-10-20,421.94298129183147,423.4394708582434,421.8307495694043,423.14016723632812,49571600
2021-10-21,422.54157813753619,424.46829890371203,422.11134700203547,424.24383544921875,41305400
2021-10-22,423.8135918943795,425.25396561922292,421.86814686856104,423.80422973632812,58845100
2021-10-25,424.88917208008439,426.40435739743305,423.12146539089889,426.07699584960938,45214500
2021-10-26,427.62027413643182,428.82679369670012,426.08636448020229,426.46047973632812,56075100
2021-10-27,426.91881579901337,427.58287254810574,424.49635732940368,424.57119750976562,72438000
2021-10-28,425.99286669953801,428.74265832035002,425.98353308393456,428.6678466796875,51437900
2021-10-29,426.37633178072844,429.8276001732101,426.08639029892458,429.53765869140625,70162400
2021-11-01,430.51967898760188,430.89382277838303,428.55556680181957,430.27651977539062,48433600
2021-11-02,430.44490353601861,432.32487063300709,430.31394748960508,432.01620483398438,48908400
2021-11-03,431.45497038756793,435.05589020838045,431.01537713344538,434.65371704101562,52509800
2021-11-04,435.252290589815,436.78620015402907,434.90623328507866,436.7020263671875,52847100
2021-11-05,438.91873147438207,440.20009126070624,436.71143139873345,438.21725463867188,66390600
2021-11-08,439.31160134842492,439.80731053810871,437.90864758028198,438.59140014648438,50405200
2021-11-09,438.9561822740007,439.19000790226266,435.73873934566251,437.14169311523438,51149100
2021-11-10,435.45809321974474,437.14165472126496,432.14714316543518,433.62490844726562,69429700
2021-11-11,435.11206614910662,435.1869063329562,433.74653249710548,433.76522827148438,34848500
2021-11-12,435.02789318029676,437.59061289028136,434.08322852376944,437.03878784179688,53466700
2021-11-15,438.32015203819657,438.47913746985989,436.06606971793025,437.18841552734375,46980500
2021-11-16,436.92647215002842,440.05037846700452,436.85166052357863,438.91867065429688,48857500
2021-11-17,438.65685496204304,438.83456471339144,437.23520549442225,437.85250854492188,47858300
2021-11-18,438.88125154560248,439.60145259969585,436.16888052597147,439.33956909179688,50625600
2021-11-19,439.22734540321562,440.47131357666842,438.18917344220358,438.553955078125,57315600
2021-11-22,440.42460812441726,442.90315404190204,437.11362928083673,437.31939697265625,72762000
2021-11-23,436.99201694576334,438.75039013925181,434.40123940447768,437.89926147460938,73206500
2021-11-24,435.90703270735793,439.18995325347299,435.09332418916352,439.068359375,61858800
2021-11-26,432.42772145370441,433.88679095900204,428.15338250424782,429.2757568359375,112669600
2021-11-29,434.04579477237445,436.37468863148496,431.85719056565051,434.54150390625,86268800
2021-11-30,432.10971456592034,434.00837732152888,425.84317698503622,426.08636474609375,148559600
2021-12-01,431.77304290871774,434.60700823111949,421.15735424039565,421.353759765625,131939200
2021-12-02,421.56886098846877,429.36927957856614,421.17602142151298,427.80731201171875,127637800
2021-12-03,429.46279691605116,430.51966460589512,419.87594773239402,424.08480834960938,137331600
2021-12-06,426.61957459759373,430.97808808863908,424.21584009288256,429.10748291015625,98977500
2021-12-07,434.36381305031244,438.54461613218751,428.976461819127,437.98342895507812,95484700
2021-12-08,438.37626217359201,439.59214392036102,436.62722264599063,439.1431884765625,72238800
2021-12-09,437.86184724395463,439.24610518022257,435.98190868164329,436.17831420898438,61272600
2021-12-10,438.87192309447732,440.43386200323249,436.32789961217685,440.28421020507812,77159800
2021-12-13,439.76982321237472,440.115880522037,436.10342536649597,436.384033203125,87724700
2021-12-14,433.12922299015048,435.60776885896564,430.4729673662913,433.38174438476562,97264100
2021-12-15,433.43785585207371,440.39647953000116,430.9312236978613,440.1533203125,116899300
2021-12-16,441.99589716215934,442.27647648720301,434.72857866869828,436.2718505859375,116568600
2021-12-17,433.20545318796758,436.19955239682724,429.9297889238789,431.62863159179688,135511600
2021-12-20,426.56973770391426,427.43322313603647,423.43485536069744,427.03903198242188,107134800
2021-12-21,430.44595141816603,434.76346317543681,428.28720986125103,434.6226806640625,69806300
2021-12-22,434.36930664375728,439.08100980710736,434.17218246873568,438.9683837890625,58890200
2021-12-23,439.96325196631187,443.19199790955059,439.86002100536876,441.69964599609375,56439700
2021-12-27,443.07004291771364,447.99763207449081,443.02312495455095,447.95071411132812,56808600
2021-12-28,448.38249222027252,449.40555023175523,446.82443189788819,447.58468627929688,47274600
2021-12-29,447.68793233420678,449.17088949249677,446.69303086170095,448.1572265625,54503000
2021-12-30,448.57956514884495,449.58386165159601,446.45837475721783,446.91827392578125,55329000
2021-12-31,446.43013190037902,447.57518207516978,445.51970014618337,445.7918701171875,65237400
2022-01-03,447.04954253981674,448.50437141745158,444.75001866500821,448.37295532226562,72668200
2022-01-04,449.79029444807651,450.50363073494498,446.37381922511941,448.22283935546875,71178700
2022-01-05,447.85683262191611,448.62648196413437,439.52216326580691,439.61602783203125,104538900
2022-01-06,439.1561460016045,441.90620317535257,436.84719788395188,439.20306396484375,86858900
2022-01-07,439.21240288799294,440.38563825349837,436.11504433699366,437.46661376953125,85111600
2022-01-10,434.28481042461311,437.13809818443542,428.55941616404641,436.9222412109375,119362000
2022-01-11,436.65950709740383,440.99578107591719,433.67477411075339,440.90191650390625,74303100
2022-01-12,442.62884374702497,444.13998577316221,440.14159053248238,442.09384155273438,67605400
2022-01-13,443.19206256469442,443.83969085754347,434.97941399655309,436.00247192382812,91173100
2022-01-14,432.86760063583529,436.52808978679013,431.65681354009592,436.18081665039062,95890900
2022-01-18,431.5065580894971,431.71304865272327,427.34861896631242,428.45614624023438,109709100
2022-01-19,429.99546110159991,431.38455344940263,423.7350645572912,424.00726318359375,109357600
2022-01-20,425.88441828475294,430.5679644846723,417.20247697536684,419.31430053710938,122379700
2022-01-21,418.19740301070112,420.54387377391021,411.05475975634477,411.08291625976562,202271200
2022-01-24,405.49836193837206,413.33558112851608,394.92048054814489,412.8287353515625,251783900
2022-01-25,406.46506965174621,412.71607151675664,400.9180090511274,407.78848266601562,167997300
2022-01-26,413.65464621992828,416.77076632190551,402.52297383173703,406.76541137695312,186391100
2022-01-27,411.34565152540893,414.47113745982489,403.07669222060025,404.75674438476562,149878300
2022-01-28,406.10850014589215,414.85615259078662,401.54697339341072,414.80923461914062,164457400
2022-01-31,414.14273004972461,422.62757707476004,412.80055553289401,422.28030395507812,152251400
2022-02-01,423.00311352241664,425.77196141622824,419.49280124010028,425.13372802734375,123155400
2022-02-02,427.52700300171256,429.98609995084598,425.22745003532464,429.26339721679688,117361000
2022-02-03,423.2564492415284,425.15238749253155,418.33822656188164,419.173583984375,118024400
2022-02-04,418.93899506909793,424.97411242780299,416.57373364747821,421.14468383789062,118454400
2022-02-07,421.904914890702,423.2940075029743,418.46967763232141,419.7930908203125,84472900
2022-02-08,419.29556056399412,424.16683612077446,417.87828306849536,423.24700927734375,81012000
2022-02-09,427.26420999418116,429.76085856020444,427.06711445154485,429.44174194335938,92589900
2022-02-10,423.62250082711057,429.60130457527049,419.73675960069767,421.7265625,140103700
2022-02-11,421.81102228825836,423.87589961159756,411.98400045457316,413.41064453125,153214600
2022-02-14,412.9038345326054,414.48065621982948,408.60508348491749,412.05908203125,123006300
2022-02-15,416.47983477639377,418.87322370299978,415.96359397809533,418.70428466796875,88482700
2022-02-16,416.66754036033973,420.54391502433879,414.79975861551924,419.173583984375,84863600
2022-02-17,416.0011290518587,419.14540574865691,409.61873973814801,410.21942138671875,102259100
2022-02-18,410.47280267730662,411.72114113851262,405.30120069691998,407.56320190429688,132642900
2022-02-22,405.36695455226914,408.75524490006148,399.70723904825377,403.18942260742188,124391800
2022-02-23,406.08968899804199,406.65284780613894,395.47425574268425,396.03741455078125,132578000
2022-02-24,385.77862865421275,402.42920784966424,385.4219890905369,401.9974365234375,213942900
2022-02-25,403.22691227876925,410.95150442325064,401.58438272743587,410.86703491210938,121804500
2022-02-28,405.49831437664733,411.2894169660434,404.25000450297858,409.81582641601562,145615000
2022-03-01,408.32347338837735,410.32267110583143,400.88044619372215,403.57421875,137785900
2022-03-02,405.81744799908034,412.71607823103699,405.06658876222463,410.99847412109375,117726500
2022-03-03,413.42005221055416,414.02073391886699,407.15965469903932,408.95236206054688,105501700
2022-03-04,405.23560198757929,406.75611083883678,401.60326892214221,405.62982177734375,113978200
2022-03-07,405.04783717447077,405.75177851724425,393.60644159178378,393.67214965820312,137896600
2022-03-08,393.85044666663845,400.97432894741854,389.62679900774907,390.68740844726562,164772700
2022-03-09,399.03143275089025,403.13305892731051,396.85390107972751,401.16201782226562,116990800
2022-03-10,396.57231346186796,400.24219710819392,394.62006242432875,399.35055541992188,93972700
2022-03-11,401.82851434503687,402.4385911569974,393.76604236042641,394.27288818359375,95636300
2022-03-14,395.04247999655831,398.4776882871235,390.25567349364502,391.391357421875,95729200
2022-03-15,393.99130144004948,400.62712929759772,392.72422982479287,399.998291015625,106219100
2022-03-16,403.48979600443948,408.92420241891188,398.71235566484523,408.86788940429688,144954800
2022-03-17,406.96253340051334,413.98318481445312,406.58710377613801,413.98318481445312,102676900
2022-03-18,412.3788587296018,418.83756404964549,411.64448656883258,418.5174560546875,106345500
2022-03-21,418.34795760108,420.34394183547073,414.90204890621749,418.39505004882812,88349800
2022-03-22,419.77901181940337,424.22291240099702,419.77901181940337,423.29083251953125,74650400
2022-03-23,420.76769294259685,422.2552571041615,417.75486766970658,417.839599609375,79426100
2022-03-24,419.85441174154579,424.14766886587796,418.74344361122075,424.13824462890625,64736900
2022-03-25,424.76906384571691,426.48260848847235,422.1987468815837,426.20956420898438,77101300
2022-03-28,425.61632300776836,429.24111938476562,423.7333148880216,429.24111938476562,68529800
2022-03-29,433.11073878007403,435.04083957177517,430.43687037997728,434.55123901367188,86581500
2022-03-30,433.4120635055574,434.22177210237061,429.76844665097167,431.86801147460938,79666900
2022-03-31,431.10541007140074,431.9245142006821,424.76907590112268,425.22100830078125,121699900
2022-04-01,426.7933192033268,426.9345391042458,422.86726229562163,426.4261474609375,89048800
2022-04-04,426.62379728288369,430.18268196403682,425.80469323655575,430.0791015625,59601000
2022-04-05,428.59148024604485,431.0487920562619,423.50736405781134,424.64657592773438,74214500
2022-04-06,420.74883235488153,422.66948026577683,417.52887529791019,420.40045166015625,106898000
2022-04-07,419.5248831878406,424.32656069949695,417.58538669501331,422.51885986328125,78097200
2022-04-08,421.76566456108287,424.27006934092827,419.85441206231008,421.38906860351562,79272700
2022-04-11,418.13146105748064,418.96941367640034,413.68758834274337,414.18658447265625,89770500
2022-04-12,417.16167044018448,419.67549930938742,411.10780529881782,412.65188598632812,84363600
2022-04-13,412.40712386848077,418.13145732147433,412.22823575440935,417.37826538085938,74070400
2022-04-14,417.60419726847772,418.71519411659631,412.07757193571558,412.18115234375,97869500
2022-04-18,411.25843764326237,414.02646222483781,410.12862113682968,412.3505859375,66002500
2022-04-19,412.24699734346973,419.72254266588925,412.07753349060118,419.00701904296875,77821000
2022-04-20,420.77712586227426,421.38909792746114,417.53834868343984,418.69638061523438,65224400
2022-04-21,422.30237024329978,423.68638279053573,411.5315581539449,412.43539428710938,85417300
2022-04-22,411.3525843005969,412.45412807310458,400.55353048054263,401.11843872070312,132471800
2022-04-25,398.88706272111972,403.61340305461471,394.33958173639525,403.44393920898438,119647700
2022-04-26,400.92073603730137,401.11847261414312,391.7316742351174,391.75991821289062,103996300
2022-04-27,392.83317570300943,398.18094102114378,390.73363987279657,392.86141967773438,122030000
2022-04-28,397.5878794830503,404.5079421929247,393.17222178877012,402.78497314453125,105449100
2022-04-29,398.81174915439897,400.95837751933311,387.15592289660401,387.89971923828125,145491100
2022-05-02,387.96568189359846,391.59047917730305,381.32805937170104,390.23471069335938,158312500
2022-05-03,390.73370329446914,394.42438400889665,389.1801982351646,392.0235595703125,100028200
2022-05-04,392.68259093548392,404.52673082205837,389.50972612139191,403.96182250976562,144247900
2022-05-05,399.71556593831411,400.13925428876661,385.48945235975316,389.60382080078125,172929100
2022-05-06,387.05242950651399,390.53597823132685,381.99655593393572,387.27838134765625,151770800
2022-05-09,381.40334006214687,382.63670821024124,373.30639855877507,374.87872314453125,155586100
2022-05-10,380.82911323311612,382.32610181137966,371.72478159187983,375.7449951171875,132497200
2022-05-11,374.78462769768367,380.4054095794836,369.03202142087446,369.77581787109375,142361000
2022-05-12,366.59350176242918,372.64736713696061,362.62035271566276,369.3897705078125,125090800
2022-05-13,373.50415422453636,379.59568805484594,372.46849377185038,378.22109985351562,104174400
2022-05-16,376.58294122722305,380.33953459853581,374.34215615225258,376.68649291992188,78622400
2022-05-17,382.74969701428194,384.67037360597254,379.03074397272616,384.43499755859375,83029700
2022-05-18,379.89692735498426,380.17936710911766,367.70443702868755,368.93780517578125,117674500
2022-05-19,365.88736256542336,371.08448420861021,364.46568200977941,366.67822265625,98510700
2022-05-20,370.24652797250121,373.80541271191623,358.28001759283728,366.83828735351562,131432200
2022-05-23,369.85109617174601,374.46448991142154,367.54442803433727,373.70187377929688,76414900
2022-05-24,369.5969043569321,372.035396905163,364.32447483504643,370.84912109375,91448800
2022-05-25,369.36153998150343,376.08389429938819,368.96612427599865,374.12554931640625,91472900
2022-05-26,375.34947110301795,383.22985621992024,375.14233904128361,381.60104370117188,82168300
2022-05-27,384.0489933488559,391.08203108602834,383.85128550592344,390.96905517578125,84768700
2022-05-31,389.35908817083401,392.09886910638539,386.04500340916127,388.77536010742188,95937000
2022-06-01,390.88431638080033,391.89170405110434,383.1263021350257,385.63070678710938,86585800
2022-06-02,385.4706670691487,393.02152050473194,383.22988244769175,392.97445678710938,79609600
2022-06-03,388.27629986786741,389.82038044218541,385.55536785619387,386.52511596679688,71874300
2022-06-06,390.51714549759703,392.24008569385359,386.53457203536192,387.70205688476562,57508900
2022-06-07,384.22785213796186,391.87286129401741,383.76649556307808,391.42092895507812,59272400
2022-06-08,389.71681248270892,391.4962691477678,386.37448418684187,387.16534423828125,64350000
2022-06-09,385.39533612934156,387.65494052353438,377.95745849609375,377.95745849609375,86289800
2022-06-10,371.78117890548924,372.62852692945921,366.95125781670441,366.99832153320312,132893900
2022-06-13,357.63041909690946,359.47575950560469,351.46354860631129,353.06411743164062,170004900
2022-06-14,354.80581454271748,355.83205053117496,348.91198986986382,352.0001220703125,104011800
2022-06-15,355.28600909693944,361.44345457495018,350.3525363114145,357.01840209960938,125666800
2022-06-16,348.83673585883366,349.24157577545998,342.7828419203488,345.2025146484375,134473300
2022-06-17,345.61578942511153,349.27514589076821,342.45758461496894,345.94671630859375,111113900
2022-06-21,351.64848602926747,356.03592137452398,351.57282417390246,354.6553955078125,76811900
2022-06-22,350.44756849911931,358.10670044343743,350.03151489230908,354.01239013671875,90059400
2022-06-23,356.13997099447135,358.2107454929241,352.59407879160528,357.482666015625,79292100
2022-06-24,360.64086769425529,368.85788413601364,360.61250171111811,368.84841918945312,98050300
2022-06-27,369.76554984252874,370.05867456131523,366.35205218209489,367.439453125,66009600
2022-06-28,368.99022810339807,371.76074455610546,359.81817670778258,359.931640625,86548900
2022-06-29,360.48012203098745,361.46349531064214,357.82306924490712,359.6385498046875,65676000
2022-06-30,355.76169969203693,359.9411371004125,352.28200459536572,356.71673583984375,112508300
2022-07-01,356.06426645749832,360.9245159721641,353.45448087489706,360.48953247070312,74839700
2022-07-05,355.42131924588602,361.18930953149709,352.60350658660883,361.17037963867188,81438000
2022-07-06,361.31220220280136,364.86755919634362,358.93883808157653,362.39016723632812,70426200
2022-07-07,364.15839292566767,368.61202540572873,362.40908035270212,367.8177490234375,64525900
2022-07-08,366.191344484654,369.37794363550893,364.66898871938849,367.51516723632812,72397800
2022-07-11,364.84865422697527,365.81312646509326,362.62655612996804,363.31683349609375,58366900
2022-07-12,362.76841613095786,365.14180928001315,358.36205049936086,360.10189819335938,62219200
2022-07-13,354.68382221439037,361.13262580256333,354.26776850827935,358.21078491210938,84224600
2022-07-14,353.27487695591316,358.41878709878381,350.84478066367626,357.34085083007812,89704800
2022-07-15,361.7282567851243,364.28131060844981,359.82767826526884,364.1678466796875,79060400
2022-07-18,367.24099693727663,367.91234450023501,359.94118513181706,361.16098022460938,63203600
2022-07-19,365.06610164986904,371.48653792182262,364.41368409588983,370.919189453125,78506000
2022-07-20,371.10837015482718,374.69209347025043,369.74674517103961,373.28317260742188,71843800
2022-07-21,372.70635127041953,377.13161760377886,370.31405726547354,377.0843505859375,64903900
2022-07-22,377.2072777513435,378.39867784705478,371.37309072029717,373.58572387695312,72197300
2022-07-25,374.20980770925064,374.89062013717165,371.8080487473427,374.03961181640625,53631500
2022-07-26,372.40382865611105,372.61185551387223,368.72557099509709,369.61441040039062,52946400
2022-07-27,372.895505992854,380.95179241182774,372.60238118110288,379.21194458007812,82342100
2022-07-28,380.0156585921788,384.65838822013723,376.47920235440643,383.9681396484375,73966600
2022-07-29,385.39597518556786,390.54935081366597,384.63006466670873,389.56594848632812,87003700
2022-08-01,386.88044127329613,390.90858372114991,386.17126289059189,388.41226196289062,69997500
2022-08-02,386.85206507545166,390.52088576212799,384.67726296854556,385.84976196289062,63435400
2022-08-03,387.96788490865407,393.05506301560587,387.6842250670768,391.89202880859375,67820600
2022-08-04,391.81638576964679,392.49719827868438,389.99144003588862,391.62728881835938,45656600
2022-08-05,387.36270800499386,391.60831353288432,387.30597604052872,390.96533203125,56814900
2022-08-08,392.64847494128367,394.88947426309448,389.41460845921597,390.511474609375,53886100
2022-08-09,389.78336621445078,390.28451780261275,387.89222379021038,388.96072387695312,44931800
2022-08-10,395.98626864703226,397.27226036318768,394.03839446720679,397.13040161132812,68665700
2022-08-11,399.96711494387478,401.82045509784757,396.39285729912763,397.13040161132812,59489700
2022-08-12,399.05940180730812,403.95745356794731,398.11383063236423,403.85345458984375,61694500
2022-08-15,401.65028675420928,406.03775117563913,401.59355478811699,405.51766967773438,54048300
2022-08-16,404.44920466821014,408.23148970110338,403.64546332741139,406.31198120117188,59289000
2022-08-17,402.72820407725652,406.12280097653388,401.43277624415668,403.42791748046875,63563400
2022-08-18,403.62646741067334,405.28121684188773,402.34050456098305,404.60043334960938,49023200
2022-08-19,401.8488402510194,402.11359902042835,398.29348347049182,399.16342163085938,68016900
2022-08-22,394.3504330682569,394.52065780471906,389.95353303105162,390.85183715820312,77695600
2022-08-23,390.42636368047374,392.80922170065662,389.35786355003228,389.90631103515625,49105200
2022-08-24,389.67927104369005,392.51598418989971,388.99848759087649,391.15438842773438,49177800
2022-08-25,392.63899750972951,396.72387224459919,391.55159634106298,396.67660522460938,50942300
2022-08-26,396.56310898909396,397.10206262794622,383.19271872160931,383.24945068359375,103087000
2022-08-29,380.30877383097771,383.7506382256978,379.36320256720757,380.71536254882812,65370800
2022-08-30,381.86895488785791,382.10534770023662,374.44621480785787,376.53591918945312,85652400
2022-08-31,378.16226992843963,379.40096584880325,373.53844192677496,373.67080688476562,76029700
2022-09-01,371.50551828686048,375.1837756026024,368.81063433681987,374.8433837890625,78740100
2022-09-02,378.49323915844542,379.70356914138836,369.08479416646423,370.89083862304688,99632100
2022-09-06,371.73242376764688,372.66853005503191,367.27879133619967,369.49142456054688,76637400
2022-09-07,369.17937898507915,376.89524390582346,368.96191606413413,376.12933349609375,70964200
2022-09-08,373.86937791353984,379.04162422279734,372.66848412640496,378.5877685546875,80821700
2022-09-09,380.81931860912829,385.32971149707004,380.55455983937918,384.46923828125,76706900
2022-09-12,386.53060660794216,389.32005328167793,386.22801688848762,388.60140991210938,69256300
2022-09-13,379.95885854712441,381.15975242650518,370.58827344881297,371.70404052734375,122947100
2022-09-14,372.99950763878309,374.63535635760371,369.83183804836688,373.1224365234375,85023700
2022-09-15,371.57161846360935,374.40833181771751,367.61913811578847,368.88619995117188,87633800
2022-09-16,364.72387185360486,366.72720917237018,362.7964492553366,366.07208251953125,103084800
2022-09-19,362.9388650171461,368.91091918945312,362.86289235187127,368.91091918945312,73278500
2022-09-20,365.59727289264487,366.60369324051743,361.93238916833104,364.67630004882812,77274900
2022-09-21,366.59419484014592,369.63246357967904,358.30546809821095,358.31497192382812,106746600
2022-09-22,357.54593787857539,359.1790024904426,354.56466268864568,355.30523681640625,89472600
2022-09-23,351.84921654923079,351.8872028833452,344.92770661744225,349.3521728515625,122346900
2022-09-26,347.89001112923148,351.49793062480813,344.68084673812263,345.89614868164062,92581200
2022-09-27,349.41861164213634,351.67832042611479,342.63001043801393,345.01315307617188,108294100
2022-09-28,345.96264208515834,353.48231433980953,344.27261224723691,351.80178833007812,110802200
2022-09-29,348.26977312935361,348.5545981921768,341.51915836469971,344.45297241210938,112952300
2022-09-30,343.51300587721761,347.41528324882285,338.99361716915217,339.12652587890625,153711200
2022-10-03,342.82934672559077,349.92177979795235,341.05386974473868,348.079833984375,89756500
2022-10-04,353.57718804598346,358.89414412432268,348.04187576791583,358.86566162109375,103602800
2022-10-05,354.51718359504929,360.2803561426698,352.20050998419538,358.0301513671875,88065700
2022-10-06,356.63442728157884,359.5777447717773,353.84302613007662,354.33676147460938,82333500
2022-10-07,350.32060050692866,354.42225526207881,342.69647392447916,344.45297241210938,107789500
2022-10-10,345.56385546571778,345.80121936805511,339.59180054497295,341.822998046875,76042800
2022-10-11,340.13293087755358,344.68083086003986,337.73080960863581,339.658203125,92482800
2022-10-12,340.06648017843662,341.63307591693376,338.29097410138615,338.537841796875,76991800
2022-10-13,331.55934562012055,348.93439858065898,330.51493877958291,347.47222900390625,147254500
2022-10-14,349.92184116049901,351.54543105852099,338.91765450488492,339.55380249023438,123737000
2022-10-17,345.61126849106756,349.38060757787383,339.22142323532501,348.27923583984375,93168200
2022-10-18,356.16925149824414,356.4730842166548,348.94387997178285,352.37142944335938,97162900
2022-10-19,350.33961362180429,353.05507171298586,347.07348403001009,349.8743896484375,79746900
2022-10-20,349.42802842319571,353.8335148667901,346.18087858976395,346.94046020507812,88283100
2022-10-21,346.66518449363377,355.85590669927387,345.16505756578329,355.3717041015625,131038400
2022-10-24,356.89082560861078,360.85003863790973,354.25131162230338,359.72018432617188,85436900
2022-10-25,359.6442798008037,365.77775460734784,359.5303497695806,365.46444702148438,78846300
2022-10-26,362.33113065355525,367.98987618637477,362.07478815096249,362.71090698242188,104087300
2022-10-27,363.70795365066004,365.54039595428065,360.15697010118947,360.77413940429688,81971800
2022-10-28,360.66966547964233,369.83190549665636,360.48926661196879,369.357177734375,100302000
2022-10-31,366.90759418543263,368.7685188952542,365.78724362365824,366.689208984375,96631300
2022-11-01,370.42058959281826,370.65795347224923,363.91681350139339,365.08462524414062,85407600
2022-11-02,364.49597616975944,368.98691130694584,355.81796759742275,355.92239379882812,126990400
2022-11-03,352.69424875731005,355.28627279897722,350.14971487744452,352.25750732421875,87100100
2022-11-04,357.94465480999111,359.7201316182618,351.29846758540242,357.3275146484375,103505200
2022-11-07,358.61886625865293,361.33432433939305,356.5490600064299,360.74566650390625,68286900
2022-11-08,361.84695681569741,365.65428248614427,358.62831787010947,362.69198608398438,84641100
2022-11-09,360.72658686650783,361.87544877434425,354.72602172296507,355.21975708007812,78495500
2022-11-10,368.43617203642009,375.07288526749676,366.14800992325593,374.74057006835938,141455800
2022-11-11,375.5951003651524,379.16506234186431,373.71516803112343,378.36752319335938,93839900
2022-11-14,376.61100374023079,379.95307650621299,374.87348403392099,375.14883422851562,71903500
2022-11-15,380.87403511335089,381.97540687517591,374.55065855283209,378.34848022460938,93194500
2022-11-16,376.72495178550878,377.67440728463805,374.83554461426792,375.46218872070312,68508500
2022-11-17,370.72444382302751,374.98751938121353,370.42064003704661,374.31338500976562,74496300
2022-11-18,377.63640863793864,377.70287747473009,373.17398532258818,376.01284790039062,92922500
2022-11-21,374.69315056273854,375.81350115294237,372.81321815072238,374.64566040039062,51243200
2022-11-22,376.58251647845884,379.84864551592176,375.17731199371019,379.68722534179688,60429000
2022-11-23,379.35487279588511,382.5640365089202,379.12701278433445,382.079833984375,68261600
2022-11-25,381.51968753728278,382.54511569451665,381.24436630670817,381.99441528320312,30545400
2022-11-28,378.9181565167745,380.5512209827744,375.13931354978837,375.89889526367188,67881600
2022-11-29,376.03185794379101,377.21867737799698,373.42085518853781,375.25332641601562,52310000
2022-11-30,375.50014044810706,387.07400512695312,373.59175462652888,387.07400512695312,144566700
2022-12-01,388.10885139921169,389.27669190595753,384.29205133886904,386.78912353515625,76398200
2022-12-02,381.91849025775207,387.24492191924827,381.81406405658561,386.34295654296875,85342700
2022-12-05,383.53255480048449,384.46300263184048,378.04470325554814,379.39291381835938,77289800
2022-12-06,379.23152341918535,379.77269102578811,371.84476088830388,373.92404174804688,77972200
2022-12-07,373.07902147703123,375.64256274520602,372.15804854476937,373.28790283203125,65927900
2022-12-08,375.16784142056355,377.2756047091014,373.39233538526526,376.21221923828125,60737900
2022-12-09,374.97801635835879,377.52255054382277,373.27848263351439,373.40191650390625,81447700
2022-12-12,374.1898882628355,378.7852783203125,373.52528680664847,378.7852783203125,75405800
2022-12-13,389.48562607620295,389.74196862339903,378.89920332598314,381.65261840820312,123782500
2022-12-14,381.31087434833688,385.00427078001445,376.27877093187595,379.21258544921875,108111300
2022-12-15,374.37028116191146,375.27227545068706,368.28429708214924,369.93634033203125,117705900
2022-12-16,367.39063871161915,368.72597455876092,363.44185777020442,365.56884765625,119858000
2022-12-19,365.759638812042,366.09348006584634,360.80933393197438,362.46896362304688,79878100
2022-12-20,361.71543940631119,364.57688572327493,360.39916944320595,362.96493530273438,74427200
2022-12-21,365.54970980133112,369.51758489971746,365.01557556771496,368.39208984375,78167400
2022-12-22,365.35897373224327,368.37303385956648,357.46138346226741,363.1365966796875,100120900
2022-12-23,362.11598604348728,365.36849982820587,360.57080985837734,365.22543334960938,59857300
2022-12-27,365.11100414194533,365.45436371312377,362.11600982203248,363.78518676757812,51638200
2022-12-28,363.71843147410067,365.68331807374358,359.03522324607314,359.26412963867188,70911500
2022-12-29,362.09695312156191,366.59896307537002,361.57233717485457,365.73098754882812,66970900
2022-12-30,363.06030007091368,364.91067512789425,360.95234712409342,364.76760864257812,84022200
2023-01-03,366.61802772104494,368.5828851543406,360.38006673429567,363.23199462890625,74850700
2023-01-04,365.48302557821637,368.05833913682085,362.44989919720388,366.0362548828125,85934100
2023-01-05,364.09041452635574,364.20486771669999,361.26712910136496,361.85848999023438,76970500
2023-01-06,364.93930570815047,371.27265410068173,361.8871138136949,370.15667724609375,104189600
2023-01-09,372.3408629905399,375.51708414614757,369.76557922159179,369.94677734375,73978100
2023-01-10,369.36497606169462,372.607942270048,368.43022658589013,372.54116821289062,65358100
2023-01-11,374.11498982562864,377.32934276565129,373.30424098984014,377.25302124023438,68881100
2023-01-12,378.34994039060064,380.08586217191828,374.29622523133014,378.62652587890625,90157700
2023-01-13,375.44080476076761,380.66772351572655,375.17373761901848,380.09542846679688,63903900
2023-01-17,380.07633872093464,381.74551552886351,378.72190816063642,379.39910888671875,62677300
2023-01-18,380.5818900873673,381.64061120395053,373.20888660482075,373.4091796875,99632300
2023-01-19,371.37757612577451,373.01813989275053,369.37458693230462,370.69085693359375,86958900
2023-01-20,372.08335376826568,377.74901897003355,370.44279029051245,377.59640502929688,91806400
2023-01-23,378.39765342161922,384.05377185885095,377.44383800455603,382.1270751953125,84178800
2023-01-24,380.45793651724108,382.62308725301722,379.27521459561848,381.71697998046875,59524900
2023-01-25,377.66317340531896,382.19379600506591,375.38354090427953,381.85995483398438,84800300
2023-01-26,384.51158648648328,386.21892411230044,381.55475308151983,386.0567626953125,72287400
2023-01-27,385.01715091180836,389.3093204688235,384.80731034691763,386.94384765625,68346200
2023-01-30,384.19682153424986,386.41922765929314,381.79321726738084,382.08889770507812,74202000
2023-01-31,382.60396065592221,387.75455778693544,382.26057198951611,387.70687866210938,86811800
2023-02-01,386.49544706012489,394.56474456860633,383.7675495740134,391.8272705078125,101459200
2023-02-02,395.69985055371262,398.99052539084801,393.81131465425801,397.53118896484375,101654500
2023-02-03,392.58090757531625,397.71243948436745,392.10399983816484,393.30581665039062,94736800
2023-02-06,390.86402898560192,392.29475211513898,389.25207859767261,390.90216064453125,60295300
2023-02-07,389.98649761106446,397.25456629561944,388.74654923536696,396.01461791992188,90990700
2023-02-08,394.04973766843341,395.3850733282182,390.99751692481027,391.68426513671875,76227500
2023-02-09,395.27063179795709,395.42324575045114,387.06781377724502,388.2886962890625,78694900
2023-02-10,387.1155453391367,389.57640563275254,386.30482544964053,389.19488525390625,70769700
2023-02-13,389.84341318387385,393.89712844391272,389.38557133439986,393.76358032226562,64913500
2023-02-14,392.24703262517374,395.88106694128157,389.64313523333311,393.5823974609375,88389300
2023-02-15,391.39817989035606,394.9368270971994,390.55881762813021,394.86053466796875,61555700
2023-02-16,389.91016116796169,393.83987551169491,389.29018705010469,389.4237060546875,76431500
2023-02-17,387.30630701074978,388.6893510840452,385.38912860346915,388.45089721679688,89257800
2023-02-21,384.44485161266954,385.49405442565177,380.40068343332422,380.658203125,82655900
2023-02-22,381.06829584759197,382.60395368803114,378.68375748701857,380.13357543945312,83742300
2023-02-23,383.01406759244742,383.62452335324821,377.94931070384274,382.1556396484375,96242400
2023-02-24,377.15770959660568,378.90317902341906,375.45991929796907,378.0733642578125,108194400
2023-02-27,381.40214215946111,382.75657277402712,378.42624290281987,379.36099243164062,80444700
2023-02-28,378.88406431542779,380.83937404861848,377.85392748484423,377.9588623046875,96438600
2023-03-01,377.14813281579728,378.36901530523187,375.21188881048784,376.50906372070312,99706800
2023-03-02,374.54423904245056,380.27667913690243,374.21039781767058,379.43731689453125,85127800
2023-03-03,381.24957080469574,385.77067589568662,380.60098327540186,385.52267456054688,90120000
2023-03-06,386.34290347544555,388.63208364699216,385.35095644978605,385.78970336914062,72795900
2023-03-07,385.74199443113321,385.98044825489535,379.26558042747604,379.87600708007812,108310600
2023-03-08,379.99054222005736,381.24955646245974,378.27365698528479,380.49606323242188,74746600
2023-03-09,381.27818621550119,382.93784492488635,372.49355389739469,373.47598266601562,111945300
2023-03-10,372.93225269340479,375.00204480111273,366.57032063826443,368.08688354492188,189253000
2023-03-13,364.17628360687559,372.3600366700291,363.06985416464357,367.56231689453125,157790000
2023-03-14,372.46488869883621,375.2786555832206,369.17421414646356,373.63809204101562,149752400
2023-03-15,368.06785035886526,371.50156262132839,365.98851059869224,371.30126953125,172996900
2023-03-16,368.95487198316505,378.15918457119392,368.44935099649382,377.8157958984375,143254200
2023-03-17,376.49069392774788,377.62048452831601,372.01936339877824,373.39810180664062,140553400
2023-03-20,374.17363412671835,377.40028401988184,373.47471024400215,376.98855590820312,93055800
2023-03-21,380.33969578047333,382.41738752157192,378.7503158002034,381.93865966796875,91524200
2023-03-22,381.7663294027596,385.36634303756631,375.38967080712757,375.42794799804688,111746600
2023-03-23,378.28116967824513,382.30249531307578,373.74283900234173,376.44287109375,119351300
2023-03-24,375.16937028455698,378.99919239348782,372.83317646057128,378.91302490234375,107682400
2023-03-27,381.18220877571866,381.94819076711678,378.73112484169525,379.62155151367188,74010400
2023-03-28,378.93216025516062,379.62152939764496,376.94066563199681,378.7694091796875,62871700
2023-03-29,382.91521098295539,384.51417469094537,381.71839148330679,384.27481079101562,77497900
2023-03-30,386.89826434942341,387.14721217774354,384.66740545923392,386.52487182617188,69840000
2023-03-31,387.44403279107553,392.26961777173631,387.33869746852054,391.97280883789062,112062600
2023-04-03,391.45573749338371,393.86851514556844,391.06317718145999,393.46640014648438,67391100
2023-04-04,394.10789340859714,394.39514763763418,389.91423295001528,391.28341674804688,66601500
2023-04-05,390.55568949256184,391.31208754408539,388.61205593172843,390.25888061523438,65200200
2023-04-06,389.4642249836437,392.05895083799805,388.42060182943572,391.78128051757812,63743300
2023-04-10,389.31104357827485,392.26002346239954,388.69828713147245,392.18341064453125,63681000
2023-04-11,392.8058527081015,393.68669574154086,391.52286535471171,392.288818359375,59297900
2023-04-12,394.34727662483084,394.63453086792782,390.10575486341861,390.68978881835938,86420400
2023-04-13,391.77174847181323,396.2334959063615,390.6323737577498,395.87924194335938,85814800
2023-04-14,395.24728574948534,397.43028357986452,392.61428257068803,394.91217041015625,78161500
2023-04-17,394.82591993218949,396.34827067116134,393.6003780607341,396.32913208007812,66436400
2023-04-18,397.89938650253947,398.03344431214231,395.21852250274452,396.58767700195312,63560000
2023-04-19,394.68239361741161,397.42070292050892,394.62494861239765,396.52072143554688,55227300
2023-04-20,393.71533389215182,396.09941835538331,392.81532323392798,394.35684204101562,75840400
2023-04-21,394.65362410170871,395.12276799317908,392.71957431843055,394.6632080078125,73457400
2023-04-24,394.46216549708492,395.49623401848584,393.13131726469595,395.074951171875,64332100
2023-04-25,393.11207770668204,393.66741827551351,388.74608283790712,388.80352783203125,97766700
2023-04-26,389.4163487256269,390.48869433886614,386.60142688126058,387.15673828125,80447000
2023-04-27,389.68444975455179,395.1323747434497,389.43550193526829,394.86428833007812,92968400
2023-04-28,393.98339190747163,398.24408097637763,393.92594690953263,398.2344970703125,89433100
2023-05-01,397.79409105442238,399.85261481140054,397.60258824107359,397.8323974609375,62122300
2023-05-02,397.12387775512695,397.17176807016727,390.46957837969222,393.361083984375,103998500
2023-05-03,393.85897037110368,396.26219357490066,390.42170784769797,390.66107177734375,91531800
2023-05-04,389.61745158794378,389.94298302849234,386.56316548431346,387.89404296875,94901900
2023-05-05,391.51321479003821,396.11857438122439,391.25471226930256,395.074951171875,87891800
2023-05-08,395.40043160090397,395.65893408829481,393.78232933496844,395.18020629882812,50046800
2023-05-09,393.63876845358556,394.557917748492,393.21748560608069,393.447265625,49220100
2023-05-10,396.2717616781344,396.90368593350439,391.47489936918811,395.28558349609375,96142900
2023-05-11,394.42388691061444,394.88344694585095,392.52811410757641,394.59622192382812,70157100
2023-05-12,395.83126147169668,396.04190284823335,391.66632424698935,394.0791015625,70481500
2023-05-15,394.68238356588824,395.84089676313823,392.77705610324665,395.43878173828125,54289400
2023-05-16,394.33769327560117,395.25687179173696,392.78661970606231,392.79620361328125,57705500
2023-05-17,394.80682372550075,398.1674730228259,393.16958282581788,397.56430053710938,87287000
2023-05-18,397.24830507598523,401.81538678686417,397.02810899800141,401.39410400390625,97177200
2023-05-19,402.29419356642416,402.82078253891825,399.59416135067175,400.81011962890625,103793300
2023-05-22,400.82925736580069,402.50480479520542,399.59413136502695,400.97286987304688,60745400
2023-05-23,399.33562263531513,400.90586405626465,396.08027900023137,396.47283935546875,86383500
2023-05-24,394.87389632279877,395.2568727625146,392.44195064079742,393.6004638671875,89213700
2023-05-25,397.09520071698898,398.45480078060558,394.86434160678152,397.009033203125,90961600
2023-05-26,397.66001317016321,402.86857386270771,397.58342958022524,402.15048217773438,93830000
2023-05-30,404.07500974675969,404.6015986704079,400.92497245390967,402.3037109375,72216000
2023-05-31,400.48454437202378,401.38455501215435,398.51218808898716,400.07284545898438,110811800
2023-06-01,400.30264219302342,404.9271694953685,399.05796149532148,403.87396240234375,88865000
2023-06-02,406.43990546910896,410.4995078956091,405.91331657256387,409.71441650390625,91426200
2023-06-05,410.05914256559197,411.34212974902948,408.23039859852821,408.92935180664062,65460200
2023-06-06,408.51757661215947,410.34629101870956,407.86648462479559,409.8197021484375,64022200
2023-06-07,410.21231522732518,411.34210592083008,407.98142712281219,408.4027099609375,85373300
2023-06-08,408.4697322463781,411.32296065481773,407.70377939997076,410.87295532226562,61952800
2023-06-09,411.66761345714849,413.61124721238679,410.62399032938276,411.61016845703125,85742800
2023-06-12,412.58679062643665,415.42085109398829,411.86869890795646,415.34423828125,76104300
2023-06-13,416.79962394733377,418.72409004269502,416.13897717424237,418.08261108398438,95899700
2023-06-14,418.41766273627127,420.38043494240878,415.14315187157331,418.58041381835938,100612100
2023-06-15,417.76666162392758,425.01460878692592,417.67093942268917,423.76992797851562,110303100
2023-06-16,425.74761712421093,426.31461080665895,421.85552941937061,422.326416015625,114165800
2023-06-20,420.39480701035416,421.27892182844886,418.0691445357275,420.13531494140625,76160400
2023-06-21,419.15507151836675,419.9526987151209,417.39640282400495,417.98263549804688,76982300
2023-06-22,417.0312964707104,419.59718287065334,416.69493630245177,419.49148559570312,70637200
2023-06-23,416.05104712420859,418.09800801134094,415.60898967891455,416.32012939453125,92074500
2023-06-26,415.75306687518275,417.66547164687842,414.37882655509753,414.61907958984375,72823600
2023-06-27,415.49362973356301,419.77973592551575,415.04195282732422,419.16470336914062,72813700
2023-06-28,418.08834699053352,420.38518023196758,417.47331443133595,419.37612915039062,75636000
2023-06-29,418.96285194386297,421.19240718777689,418.55924326128763,421.02902221679688,67882300
2023-06-30,424.22926897634977,426.97775005705444,423.91211849610369,425.99752807617188,104964000
2023-07-03,425.65156440454632,426.76631282111919,425.3728626365197,426.48764038085938,32793400
2023-07-05,424.68086605187517,426.58368059216104,424.6712465458686,425.85330200195312,58418400
2023-07-06,422.28804318773945,422.94152452145863,420.02003888020397,422.5186767578125,80658300
2023-07-07,421.52880169929125,425.38247014989793,421.21165123791485,421.451904296875,86134200
2023-07-10,421.09636797756929,422.6916519353673,420.5293742326275,422.5186767578125,62443500
2023-07-11,423.27782759435644,425.69956773672544,422.30719590496079,425.20944213867188,64463800
2023-07-12,428.98618381122429,430.03368342818635,427.56387541679567,428.63058471679688,91924500
2023-07-13,430.43743080449741,432.82075201876091,430.00499283853031,432.03271484375,72425200
2023-07-14,432.91680674753712,433.76247288793445,431.00437243683245,431.76358032226562,69815800
2023-07-17,431.61943362301753,434.3102561737573,431.57136541418197,433.26275634765625,52680200
2023-07-18,432.9360400104872,437.12603955013026,432.50357274551828,436.482177734375,80668200
2023-07-19,437.27013362266524,438.6347544080096,436.40519925341147,437.45272827148438,65891700
2023-07-20,436.46291023576038,437.35664451536627,433.83933645316858,434.55047607421875,70591600
2023-07-21,436.26107656403212,436.46291023576038,434.54088589539646,434.55047607421875,71275600
2023-07-24,435.69410369104912,437.29900699604326,434.66581358122869,436.49176025390625,54023400
2023-07-25,436.22271303443887,438.93274541216482,436.17464482311811,437.68344116210938,55191200
2023-07-26,436.75118005096192,439.17292003925695,435.70368035781109,437.75064086914062,71052900
2023-07-27,441.12379698695344,441.5274350037331,433.94503488324995,434.848388671875,92194400
2023-07-28,438.10625197819007,439.93216931576706,434.8484065015939,439.105712890625,80011800
2023-07-31,439.5766136336967,440.29737281601842,438.26962173264826,439.94180297851562,62040400
2023-08-01,438.48102764934566,439.42283016702106,437.73143930352728,438.682861328125,55291500
2023-08-02,435.57873637444698,435.83819908467348,431.83079503236485,432.58038330078125,93933400
2023-08-03,430.57196116477093,433.21474500242101,429.92807001647094,431.34075927734375,64276100
2023-08-04,433.14739252633814,435.24239195100046,428.87087677605945,429.38983154296875,100128900
2023-08-07,431.21576252551705,433.29155233174345,430.52383259010821,433.13778686523438,58357500
2023-08-08,430.61032036745866,433.12819688898776,427.90987851511386,431.25421142578125,71361300
2023-08-09,431.5232733825344,431.68665834802528,427.61194699451505,428.37115478515625,78789600
2023-08-10,430.71610074530616,434.08926326921943,427.36217723697058,428.52499389648438,93005500
2023-08-11,426.66059197535282,429.28416586620887,426.06476909769503,428.27508544921875,68690900
2023-08-14,427.36216466864249,430.63919067382812,427.05463370611966,430.63919067382812,47867400
2023-08-15,428.87084631071758,429.22644541225998,425.05562721623937,425.62265014648438,75707500
2023-08-16,425.20948301015278,426.86242529636229,422.39372408289853,422.49945068359375,80107200
2023-08-17,423.96009239515706,424.21955509855684,418.76101352715807,419.27996826171875,95711300
2023-08-18,416.47386904252869,420.510132174717,416.12791871404937,419.48184204101562,98852000
2023-08-21,420.49090045719072,422.95108948384575,418.34786189824484,422.21112060546875,68719000
2023-08-22,423.97937078163511,423.97937078163511,420.51013069075191,421.0675048828125,64994200
2023-08-23,422.12460773274086,426.37229454971487,421.98046176867535,425.75723266601562,68441000
2023-08-24,427.35254280721006,427.861878130185,419.82780041318796,419.85665893554688,88517300
2023-08-25,421.57675354508712,424.09460039073576,418.04023628597395,422.81646728515625,102325100
2023-08-28,424.99802710166506,426.11280477603572,422.81653995971362,425.49777221679688,61595400
2023-08-29,425.3920253511655,431.92692561420495,425.20943069514846,431.64822387695312,83081900
2023-08-30,431.9845682431216,434.06035794548302,431.28301883623271,433.42608642578125,69053900
2023-08-31,434.0411436980902,435.17513102782067,432.60924493983327,432.79183959960938,66084600
2023-09-01,435.50193591407469,435.98244204092543,432.14798320577563,433.59912109375,58944100
2023-09-05,433.15705635053166,433.47417748467802,431.65787960630774,431.72512817382812,55166200
2023-09-06,430.91787558724553,431.0236021823755,426.50683299625553,428.8228759765625,70758500
2023-09-07,425.83416623260746,428.17903870127321,425.48821586564173,427.50634765625,70355400
2023-09-08,427.55429313534472,429.67812174261354,427.19872333772082,428.15011596679688,61659700
2023-09-11,430.76407819705793,431.27341346518068,429.0630972437641,430.96591186523438,60180100
2023-09-12,429.52439943621431,431.04278575467202,428.02522280308654,428.601806640625,67565400
2023-09-13,428.82289125078012,430.25479013135958,427.72732319853264,429.10159301757812,60199300
2023-09-14,431.56179840958094,433.49341317989621,430.26442594561126,432.80148315429688,83430800
2023-09-15,431.22279002690107,431.5506832250515,427.15301179034731,427.58697509765625,111848900
2023-09-18,427.2783378211123,429.13000279933118,426.80579021099891,427.83770751953125,55752200
2023-09-19,426.92150856778005,427.50980914474906,424.27905626888639,426.950439453125,66514600
2023-09-20,428.20416389242052,428.61884971067485,422.82278396874892,423.02532958984375,82562600
2023-09-21,420.18998725174481,420.45036521142913,415.87910888745859,416.03341674804688,104095800
2023-09-22,417.05563517245139,418.64689250417632,414.68318518428219,415.097900390625,100829700
2023-09-25,413.89246826227424,416.88209127104136,413.45847553843805,416.84353637695312,70874500
2023-09-26,413.81529649685979,414.51932063009883,409.89017285848507,410.71957397460938,96168400
2023-09-27,411.88647026496761,412.44583993852024,407.25735217202902,410.88348388671875,104705800
2023-09-28,410.3338331669803,414.93402078004129,409.7455325572833,413.26559448242188,92258300
2023-09-29,416.30345075110989,416.47703605865223,410.74848546003295,412.26260375976562,115111300
2023-10-02,411.43322351958312,413.34275029290137,409.35011142993142,412.09866333007812,83798600
2023-10-03,409.92875183498302,412.15651831824437,405.22246490596143,406.582275390625,103760600
2023-10-04,407.04517102917828,410.28554771633696,405.58891454888209,409.54296875,87453000
2023-10-05,409.25367196798504,410.22772753300984,406.17725626347442,409.38870239257812,70142700
2023-10-06,406.94873694713328,415.78266331617118,405.62751083875975,414.249267578125,113273300
2023-10-09,412.3590123769111,417.47036086082164,411.80932558041656,416.9013671875,80374400
2023-10-10,417.52823984465374,421.65587957944342,417.1328314591845,419.0712890625,78607300
2023-10-11,420.13214698196236,421.03865788358229,417.75969661413069,420.78793334960938,62451700
2023-10-12,421.39548619007036,421.7715876841516,415.8791053042313,418.22259521484375,81154200
2023-10-13,419.71741931130708,420.91329789893359,414.57716919527508,416.13949584960938,95143100
2023-10-16,418.37681845955592,421.57863967139082,418.13571799657814,420.51779174804688,75433200
2023-10-17,417.40281308218221,422.54309204899533,417.05564250096143,420.49853515625,75324700
2023-10-18,418.73371638589401,419.68846496991176,413.8152601862858,414.8953857421875,93559800
2023-10-19,415.60902401214975,417.41245091445234,410.57484475417021,411.24990844726562,121323000
2023-10-20,410.81599675592628,411.35605955061442,406.09040315558224,406.19650268554688,123919900
2023-10-23,404.67271456088417,409.34044620342149,402.92714927179549,405.49246215820312,92035100
2023-10-24,407.60446658533652,409.69723170651935,405.76245538194632,408.54959106445312,78564200
2023-10-25,406.87159648556411,406.90052736992106,402.17493376271233,402.68606567382812,94223200
2023-10-26,401.6252356371067,402.47388469805611,396.9478799231693,397.86404418945312,115156800
2023-10-27,399.4456683619361,399.84107671529267,394.64293578713176,396.06060791015625,107367700
2023-10-30,398.838041715386,401.84697089143458,397.54574671958102,400.7957763671875,86562700
2023-10-31,401.3648163745919,403.63116695562888,399.46494326170728,403.31292724609375,79665200
2023-11-01,404.27737373849845,408.42429101289605,403.74693492260894,407.61419677734375,98068100
2023-11-02,411.39455884918044,415.58008908923239,411.37528140598056,415.42578125,94938900
2023-11-03,417.72113093175125,420.75899159658866,417.59575395239466,419.2159423828125,100167800
2023-11-06,419.96818924465083,420.62397561787282,418.24190122197189,420.18035888671875,67831700
2023-11-07,420.18034103445427,422.01269908470709,419.04235365317487,421.37619018554688,64256100
2023-11-08,421.97412330805065,422.4949086781329,419.38953276666115,421.684814453125,61746000
2023-11-09,422.82275020857907,422.86133452826135,417.97180945877307,418.39614868164062,83174400
2023-11-10,420.46004434943569,425.23381715605558,418.38655625890618,424.92520141601562,89462200
2023-11-13,423.59429342140879,425.61951403994044,422.81313016998365,424.52011108398438,52236100
2023-11-14,430.43198231373924,434.03883700095616,430.21015922005199,432.75619506835938,97176900
2023-11-15,434.08695751300667,435.31176685348777,432.82359328411655,433.67227172851562,77327600
2023-11-16,433.22870327091186,434.52099852551896,432.16785509736394,434.2027587890625,66665800
2023-11-17,434.21232859781247,435.35034527714225,433.29616439549892,434.74276733398438,83133200
2023-11-20,434.49203384453688,438.92828895080976,434.482380406505,438.08926391601562,69936200
2023-11-21,437.04769831714827,437.96389200435118,435.87112668099957,437.13449096679688,49244600
2023-11-22,438.78364969881102,440.13380666531992,437.73245500948576,438.82220458984375,59394900
2023-11-24,438.87036949007017,439.28505523393574,438.54247638344094,439.0921630859375,29737400
2023-11-27,438.46535397413186,439.27544810494589,437.91563778247536,438.30142211914062,50506000
2023-11-28,437.91563451759527,440.02767719087626,437.35629432354119,438.73538208007812,62115000
2023-11-29,440.87640839051414,442.00477178256313,438.03143989127278,438.42681884765625,63146000
2023-11-30,439.26587325075519,440.50030674505979,437.20203865726847,440.15310668945312,79752700
2023-12-01,439.54551320664518,443.28739788218263,438.95724208115644,442.75698852539062,89183400
2023-12-04,439.38160552881834,442.77629034785133,438.16644945685704,440.43280029296875,72430900
2023-12-05,439.05362172404352,441.30066521826183,438.67749085322521,440.34591674804688,69793500
2023-12-06,442.47735015640478,442.50628104379138,438.13754046110813,438.571533203125,69124700
2023-12-07,440.64495096096812,442.56410165193751,440.04702638978461,441.91796875,66995400
2023-12-08,441.17532857795476,444.34821938358209,440.93422807910309,443.81781005859375,83194400
2023-12-11,443.32598493677364,445.7177126387657,443.11381530650647,445.54409790039062,65002200
2023-12-12,445.19696605648693,447.67548662790341,444.20363302627965,447.57904052734375,68327600
2023-12-13,447.95509399152206,454.00191361627338,447.59826994583597,453.75115966796875,93278000
2023-12-14,455.67997557223129,456.86620070705362,452.54566886194607,455.20742797851562,119026000
2023-12-15,454.61281921772417,455.78449808574442,452.61809873981491,454.4578857421875,141553700
2023-12-18,456.05560175631547,457.99222577906852,455.00014520997951,457.01422119140625,70375300
2023-12-19,457.55656664121381,459.87084700348993,457.479114666783,459.79336547851562,55761800
2023-12-20,458.94120585697419,460.81973374092291,452.99578478396711,453.42184448242188,102921000
2023-12-21,456.39454843299563,457.99228710614074,453.98346065798535,457.72116088867188,86667500
2023-12-22,458.84435899601766,460.31621230509251,456.75283085777289,458.64102172851562,67160400
2023-12-26,459.04771662868512,461.47815986449461,458.97023511368405,460.57763671875,55387000
2023-12-27,460.374329818143,461.55567182023452,459.84176995718065,461.41043090820312,68000300
2023-12-28,461.76866793794215,462.4174204811319,461.16831917837936,461.58468627929688,77158100
2023-12-29,461.39101424995863,461.91391104811089,458.3020963459827,460.2484130859375,122283100
2024-01-02,457.19826599724024,458.66042679258095,455.58117171261154,457.6727294921875,123623700
2024-01-03,455.52307514479628,456.25900183095081,453.33470979211512,453.93505859375,103585900
2024-01-04,453.46056814569334,456.03628201144517,452.25017795787062,452.472900390625,84232200
2024-01-05,452.67622417899463,455.53275675735284,451.64981569434963,453.09262084960938,86118900
2024-01-08,453.58641462800097,459.70615398593577,453.46052933115607,459.5609130859375,74879100
2024-01-09,456.91742225203353,459.88045489034096,456.4139106022468,458.86373901367188,65931400
2024-01-10,459.13485819373898,462.32061320272817,458.85403941712502,461.45880126953125,67310600
2024-01-11,462.45616016281753,462.9693643803347,457.2950698074294,461.25546264648438,77940700
2024-01-12,462.69822721543431,463.43415383086239,460.1709469448806,461.57498168945312,58026400
2024-01-16,460.1999916518418,461.50718927127753,458.06969333406619,459.88043212890625,85014900
2024-01-17,456.86908030543327,457.80834434408871,454.980859649715,457.32418823242188,68843900
2024-01-18,458.9895962811143,461.94293616195193,457.44998369449883,461.3909912109375,91856200
2024-01-19,462.51429138220698,467.42364106257526,461.43947908265147,467.142822265625,110834500
2024-01-22,468.67277612500732,469.84442555972379,467.48174153482228,468.13052368164062,75844900
2024-01-23,468.67274693324026,469.73786659816301,467.5882421140563,469.49578857421875,49945300
2024-01-24,472.35227064123961,473.28184187977877,469.51512359568068,470.00897216796875,81765000
2024-01-25,472.12961637267711,472.83649486731332,470.00903998985081,472.56536865234375,72525000
2024-01-26,472.13928542085506,473.62080172713178,471.12256955302303,471.96499633789062,76641600
2024-01-29,472.27489403038163,475.84796821636979,471.7326415921786,475.70269775390625,61322800
2024-01-30,475.01518776887411,476.0415962445669,474.57943549782658,475.33474731445312,58618400
2024-01-31,473.13665425188526,473.58206954437225,467.55916709172027,467.57855224609375,126011100
2024-02-01,469.27307948816582,473.72732088492609,468.46936392814189,473.69827270507812,91891600
2024-02-02,474.13404068119212,480.33123256171854,473.7951255169084,478.68511962890625,99228200
2024-02-05,478.05569069833388,478.71413582746641,474.69564656369516,476.94210815429688,75757100
2024-02-06,477.88139839933996,478.65606584442821,476.45797836644056,478.32684326171875,55918600
2024-02-07,480.56361115879434,482.73262076498764,479.6630584646698,482.31625366210938,70556500
2024-02-08,482.31629753326854,482.9069537723974,481.50291885696174,482.52932739257812,52343600
2024-02-09,483.03282219284461,485.75377692992862,482.693907035265,485.31805419921875,63979400
2024-02-12,485.28902318022654,487.54517753380475,484.3884704038274,485.10504150390625,56502300
2024-02-13,478.85939729900491,481.33827399206922,475.17013044133722,478.42364501953125,113099200
2024-02-14,481.04782879624833,483.25557944254518,478.73354844107462,482.77142333984375,68387800
2024-02-15,483.46857627386271,486.28636814510776,482.99408323126841,486.10238647460938,61683000
2024-02-16,485.80224672522439,486.9351554606331,482.94571389051669,483.681640625,75532900
2024-02-20,481.9483091532552,482.61644687955061,478.78193916164605,481.01873779296875,71736700
2024-02-21,479.72114951489499,481.60934020611319,477.92007380806905,481.45440673828125,59293400
2024-02-22,488.03902649490408,492.37704610626389,487.08037735176976,491.41842651367188,76402500
2024-02-23,493.13228030077431,493.9650440524054,491.03105964418,491.75729370117188,61321800
2024-02-26,492.19303641539864,492.62878868752523,489.83035248988597,489.95623779296875,50386700
2024-02-27,490.64370119577745,491.08911644069707,488.75548097950514,490.86639404296875,48854500
2024-02-28,489.3170987326298,490.79861493717618,488.95882801429093,490.2176513671875,56506600
2024-02-29,491.97034795945541,493.58741265832009,489.33653780001111,491.98001098632812,83924800
2024-03-01,492.85154310209248,497.02493667557957,492.44483898500675,496.598876953125,76844800
2024-03-04,495.80488009764395,497.90610083671146,495.77580236570509,496.0662841796875,49799300
2024-03-05,494.07155314999159,494.51699798940729,488.9104626936786,491.1085205078125,72855600
2024-03-06,494.37168368434072,495.84353684830921,492.30920393050241,493.5970458984375,68382400
2024-03-07,496.87967000980791,499.54252820351775,493.65517426694095,498.49673461914062,58652100
2024-03-08,499.12617653924883,501.79866829139542,494.93336859629261,495.50466918945312,86532500
2024-03-11,494.30394494541804,495.6595759026315,492.38667645201275,495.07858276367188,62557200
2024-03-12,497.17989237365043,500.98535208563948,494.67193786467755,500.40438842773438,73114400
2024-03-13,500.72388516007061,500.89817425614416,498.1869120376378,499.6199951171875,55104100
2024-03-14,500.58833573287461,500.74329878336124,495.60156330308416,498.63238525390625,110171800
2024-03-15,495.57748059836405,497.02476846543675,493.54742407862057,495.2083740234375,107646300
2024-03-18,499.25883960128044,500.69637526560086,497.74358168127196,498.15151977539062,88893300
2024-03-19,497.46196123413176,501.20152252357065,496.46147237398134,500.91986083984375,60755300
2024-03-20,500.97812620632192,505.68900816762243,500.30791251207177,505.55300903320312,69594600
2024-03-21,508.37950670617295,509.07882908652721,506.94191189426982,507.2236328125,60256100
2024-03-22,507.13620745255224,507.62186777478399,506.02888768953397,506.26205444335938,79070800
2024-03-25,504.8924510759777,506.00949351316319,504.70789778508725,504.86334228515625,48512100
2024-03-26,506.28142646248074,506.62142424941175,503.53263180008469,503.93084716796875,65463700
2024-03-27,506.74774224393133,508.20472328963132,504.5913794682458,508.16583251953125,82999800
2024-03-28,508.20481628948852,509.56462994349044,507.78715542745584,508.06881713867188,96294900
2024-04-01,508.80690155295423,509.34111604182038,506.02887949837907,507.18475341796875,62477500
2024-04-02,503.37725498814939,504.0960228561583,501.66772098601268,503.9600830078125,74230300
2024-04-03,502.87210705946654,506.00951312621123,502.82355288307792,504.51364135742188,59155800
2024-04-04,508.50584318362684,508.84578172232909,498.05442273282478,498.35552978515625,96858100
2024-04-05,499.70565297684419,505.5141316093866,499.26854681862443,503.561767578125,74546500
2024-04-08,504.26113435269997,505.26156378461178,503.03726085981771,503.84341430664062,48401800
2024-04-09,505.57245142203618,505.81528161003905,499.59880508327927,504.42630004882812,68049200
2024-04-10,498.75373724821731,501.35686962666665,497.40364652298035,499.37539672851562,82652800
2024-04-11,500.89072409171871,504.58173142997799,497.39399277857183,503.14419555664062,70099000
2024-04-12,499.61822644383983,501.02665332347112,494.47993161292834,496.19918823242188,92561100
2024-04-15,500.35642476022639,500.52153267549039,489.13765316276323,489.98272705078125,92101400
2024-04-16,490.45870767648228,491.97396569301293,487.80699132637494,489.08914184570312,73484000
2024-04-17,491.53681324608516,491.70195080263773,484.80556811647199,486.19454956054688,75910300
2024-04-18,487.58356199441425,489.6718955124249,484.26163225086344,485.194091796875,74548100
2024-04-19,485.11641894359934,486.10715539894034,479.69643276901041,480.95916748046875,102212600
2024-04-22,483.55255640344973,487.97208324010421,481.22139272247443,485.38836669921875,67961000
2024-04-23,487.38924842347393,491.57563782899098,485.20377707822178,491.14825439453125,64633600
2024-04-24,492.03220451123389,492.81897189579723,488.70058167118361,490.91519165039062,55928100
2024-04-25,484.86390275323907,489.80792199599807,483.22236825380861,489.05029296875,69122400
2024-04-26,491.82824557353393,495.25700648114878,491.1968930428971,493.6834716796875,64306100
2024-04-29,495.4609621651781,496.10203737113972,492.70241499072074,495.43182373046875,46415400
2024-04-30,493.97483404939919,494.94615471248864,487.58355712890625,487.58355712890625,77483600
2024-05-01,487.00079486473084,493.6154866987963,485.53409106930371,486.00033569335938,80242800
2024-05-02,489.69131460230034,491.38143274129641,485.22323354848663,490.54608154296875,62550200
2024-05-03,496.5003104757314,497.85043088339972,493.97487063617848,496.6265869140625,72756700
2024-05-06,499.01605624422001,501.79401947741314,498.57895003144245,501.75518798828125,47264700
2024-05-07,502.71668438775771,503.69772767350116,501.63853275647114,502.30874633789062,52561300
2024-05-08,500.4826581745873,502.89151427383246,500.36610444621761,502.3572998046875,42047200
2024-05-09,502.54192857115299,505.29078286161121,501.89116027589216,505.25189208984375,43643700
2024-05-10,506.84492375163103,507.65113664632963,504.6886199494412,505.90277099609375,52233200
2024-05-13,507.57334496613424,507.68017601529732,504.83421346531128,505.97064208984375,36716400
2024-05-14,506.16488914763869,508.80691214083919,505.63067464765601,508.29208374023438,57535900
2024-05-15,510.74957512770459,514.87768806105555,510.11819296519036,514.5863037109375,59504900
2024-05-16,514.68333965040836,516.27631958653569,513.38174402340144,513.5274658203125,50244800
2024-05-17,513.64396568259656,514.33362454578116,512.19670769514153,514.265625,59187600
2024-05-20,514.38227770466381,516.31519628995136,513.9937257353356,514.85821533203125,37764200
2024-05-21,514.10066723526063,516.27641619677445,513.89666853835138,516.1209716796875,33437000
2024-05-22,515.43125556233497,516.14030056795661,512.46868056058543,514.634765625,48390000
2024-05-23,517.67513028634733,517.78196134093366,509.67139747589715,510.87588500976562,57211200
2024-05-24,512.7116164560648,515.06225527482866,511.76946381778492,514.25604248046875,41291100
2024-05-28,515.0622463447778,515.29535382712663,511.99283973462298,514.61541748046875,36269600
2024-05-29,510.60375022461511,512.18700737277481,510.30264324283183,511.01168823242188,45190300
2024-05-30,509.4772347957549,510.13772586423306,506.37871889107731,507.62197875976562,46377600
2024-05-31,508.57386073354985,512.37169880434192,503.49381286592205,512.24542236328125,90785800
2024-06-03,513.84818927053357,514.12985098233582,507.61226655581441,512.66314697265625,46835700
2024-06-04,511.36150323340104,513.97435821711804,509.90452222280885,513.23614501953125,34632700
2024-06-05,515.54788354764412,519.35544391938254,513.56635146722397,519.33599853515625,47610400
2024-06-06,519.63712368022698,520.06450715514552,517.40309795053383,519.3262939453125,30808500
2024-06-07,518.35494849303416,521.49235448494687,517.2670741151577,518.6949462890625,43224500
2024-06-10,517.88875111557149,520.61815984479745,517.29625973131283,520.297607421875,35686100
2024-06-11,518.7531901267605,521.60887500803881,516.7911035808329,521.55059814453125,36383400
2024-06-12,526.09638197874597,528.51496079021808,524.80450897941296,525.8341064453125,63251300
2024-06-13,527.57294182101384,527.74777245932705,524.11504197669535,526.89300537109375,44760900
2024-06-14,525.36790703075701,527.24254873225527,524.36741832532437,527.21343994140625,40089900
2024-06-17,526.53355616368901,532.79858670825615,526.07700459405976,531.4095458984375,55839500
2024-06-18,531.46777051539277,532.8859199795279,531.05010975811547,532.7596435546875,41376400
2024-06-20,533.68252522330829,534.34301628098842,529.54468895530351,531.3125,70328200
2024-06-21,530.49292196207875,531.71098978484622,529.14817032766598,530.60009765625,64338600
2024-06-24,530.42477486075552,532.9778406049528,528.75843644219378,528.8753662109375,45528700
2024-06-25,530.09341947024916,531.27253066095898,528.58302710262865,530.9119873046875,37936200
2024-06-26,529.80107096361758,532.28591758134553,529.15795728264175,531.5745849609375,38550600
2024-06-27,531.43814334431056,532.98755186972153,530.69754855108124,532.41259765625,35041500
2024-06-28,533.18240298102376,536.22275519681511,529.07998833213719,530.3175048828125,76144500
2024-07-01,531.6915669508893,531.93518055451841,528.6610279959765,531.40899658203125,40297800
2024-07-02,529.81081846730433,534.98516845703125,529.76210764716177,534.98516845703125,40434800
2024-07-03,534.67336203520733,537.73316298191617,534.63440527238629,537.37261962890625,32789900
2024-07-05,537.67457384894976,540.87075246491713,537.04115487464696,540.47125244140625,41488400
2024-07-08,541.25091826246796,542.04022389485351,540.03285034360317,541.09503173828125,36110500
2024-07-09,542.05003919038586,542.94652062667456,541.32895241711151,541.62127685546875,27289700
2024-07-10,542.8392819787523,547.32174811650793,542.54695757428522,546.980712890625,38701200
2024-07-11,547.0975967198616,547.96487527694387,541.63092264938734,542.2642822265625,53054200
2024-07-12,543.38493356910442,549.27061588606796,542.9172145567801,545.68463134765625,53084400
2024-07-15,547.67246875133594,550.41068240519633,545.33375511078998,547.18524169921875,40584300
2024-07-16,548.49102147236715,550.72250014108806,547.74067271881336,550.43017578125,36475300
2024-07-17,544.52505619044609,546.19139447084808,542.39099887384907,542.71258544921875,57119000
2024-07-18,544.24246327621836,545.22667160402875,536.36885612970389,538.5418701171875,56270400
2024-07-19,538.30800819749572,539.92563558327527,533.91320994799128,534.96563720703125,65509100
2024-07-22,538.87326663575209,541.08529708806964,536.94386601537178,540.48114013671875,43346700
2024-07-23,540.37383604823685,542.51764728416515,539.1460736583557,539.63330078125,34439600
2024-07-24,534.83889862941112,535.14097704146707,526.48781929977986,527.40380859375,74515300
2024-07-25,527.52078164789896,533.4747422855404,523.7204457786454,524.6558837890625,61158300
2024-07-26,528.42712618913367,533.21167081231408,527.65726919861288,530.53192138671875,53763800
2024-07-29,532.07157197119932,533.07522900297556,528.85582510340214,530.84375,39515800
2024-07-30,532.30542071518312,533.35784802289606,524.7631538745112,528.15423583984375,46853600
2024-07-31,534.95598950048566,539.36054268444093,533.59178894441482,536.7392578125,65663400
2024-08-01,538.4542703754322,540.69550358121626,525.64992539386412,529.13848876953125,76428700
2024-08-02,522.06385288958904,523.27216661670661,515.09648136581848,519.28668212890625,82789100
2024-08-05,498.56981924674972,510.20480612929072,497.23479185731094,504.16317749023438,146267400
2024-08-06,505.95610652654409,516.2171383151375,504.64061708101707,508.81130981445312,84826300
2024-08-07,514.96985611478112,518.01020837113492,504.81605855307242,505.41046142578125,70698300
2024-08-08,510.52630556896884,517.71778277122439,508.50923758811223,517.09417724609375,63276600
2024-08-09,516.27563210076926,520.8555792219031,515.05756422153001,519.3743896484375,45619600
2024-08-12,520.56326727816884,522.04439741109297,517.38653665696881,519.64727783203125,42542100
2024-08-13,522.82398314908994,528.42709525643454,522.58036957920547,528.19317626953125,52333100
2024-08-14,528.98252539131829,531.03866929209778,526.32228402155567,529.85955810546875,42446900
2024-08-15,535.46271880623726,539.22409869868477,534.85856180697283,538.9415283203125,60846800
2024-08-16,537.33365368685054,540.84172537625454,537.17776714500076,540.14984130859375,44430700
2024-08-19,540.5589895349276,545.3143310546875,539.71121909163958,545.3143310546875,39121800
2024-08-20,544.86606753687056,546.51289744686051,543.09255382796107,544.42755126953125,33732300
2024-08-21,545.47032159084074,547.75051142592031,540.55903368272004,546.298583984375,41514600
2024-08-22,548.18899153171049,548.79314842078998,540.80261151480966,542.01092529296875,56121500
2024-08-23,545.23646205323098,548.7055171032431,543.05363438524705,547.77001953125,50639400
2024-08-26,548.79307097807066,549.50440346219523,544.76857065442732,546.464111328125,35788600
2024-08-27,545.19747190434714,547.70182679969162,544.05737693227934,547.214599609375,32693900
2024-08-28,546.8735372102509,547.30229949547731,540.86111115760252,544.037841796875,41066000
2024-08-29,545.9964997373786,549.2804060501943,542.94645294609711,544.0865478515625,38715200
2024-08-30,546.4447596496766,549.78713077872544,542.90748576443264,549.2803955078125,62700100
2024-09-03,546.15231000295194,546.4836505961764,535.47233017093993,537.9766845703125,60600100
2024-09-04,536.14464771987502,540.2665694537236,535.42356121547152,536.87548828125,47224900
2024-09-05,536.8170319414545,539.65266719520571,533.12381284803564,535.5697021484375,44264300
2024-09-06,535.89144191914954,537.50901001388854,525.65967097109854,526.55615234375,68493800
2024-09-09,530.73648767077611,533.71831505300452,528.81678202768876,532.45147705078125,40445800
2024-09-10,534.35168275542219,535.12153962639491,529.49891994513132,534.77069091796875,36394600
2024-09-11,534.68310773686198,541.17294746556684,526.16638632964214,540.2569580078125,75248600
2024-09-12,540.83188804387498,545.10975667521257,538.61985776085203,544.80767822265625,51819600
2024-09-13,545.4117823691347,548.64697745425894,545.15841476066646,547.65301513671875,39310500
2024-09-16,547.38997858890787,548.72497629407621,545.59701588642167,548.4619140625,36656100
2024-09-17,550.66408536592644,552.10631813227383,546.46418983227056,548.68597412109375,49321000
2024-09-18,549.33890577587874,554.16246687938906,546.50326968345007,547.0587158203125,59044900
2024-09-19,556.42318307715061,558.2454079377469,553.5680389935643,556.3939208984375,75315500
2024-09-20,555.03134243081468,556.46815521981,552.42152627621431,555.43206787109375,77503100
2024-09-23,556.49749404758586,557.46515319427203,555.28541446169038,556.82000732421875,44116900
2024-09-24,557.61169753994807,558.47185220505185,554.79665675567924,558.4132080078125,46805700
2024-09-25,558.25680267203654,558.98988491328305,556.07706424036155,557.18157958984375,38428600
2024-09-26,561.42390694450239,561.74647994906991,557.04497989895901,559.39080810546875,48336000
2024-09-27,560.4562630155458,561.26749805102588,557.55322521134667,558.57952880859375,42100900
2024-09-30,557.55312357863841,561.42382005920388,555.26593993979316,560.81781005859375,63557400
2024-10-01,560.46584636527882,561.11093250284227,553.23274422059478,555.79364013671875,72668800
2024-10-02,554.90435734764299,557.04496056108576,552.5193933091881,556.02838134765625,38097800
2024-10-03,554.56207347083864,556.94703689461915,552.73425974350062,555.01171875,40846500
2024-10-04,559.43956492746861,560.42679205764409,555.28543152594682,560.05535888671875,42939100
2024-10-07,558.413299806086,559.05844574016521,553.84865667179736,554.99224853515625,49964700
2024-10-08,557.55312013134699,560.83737454533752,556.683241044493,560.2410888671875,37398700
2024-10-09,560.23125691835719,564.67867071809508,559.63503094965813,564.12152099609375,37912200
2024-10-10,562.78253415269455,564.55170409604261,561.53137812329328,563.1343994140625,44138100
2024-10-11,563.05612772591167,567.23961314127462,562.91927136371271,566.50653076171875,42268000
2024-10-14,568.10953855982734,572.0682314590191,567.63060091146531,571.1396484375,36217200
2024-10-15,571.40352560058125,571.70653059514279,565.48994673054528,566.7020263671875,54203600
2024-10-16,566.7019840754366,569.68317357204182,565.90047358161246,569.16510009765625,30725400
2024-10-17,572.69374586146489,572.89903042009462,569.0283336899422,569.21405029296875,34393700
2024-10-18,570.89527488250087,572.18550710596185,569.43889401418221,571.403564453125,37416800
2024-10-21,570.68021884035363,571.65766209239393,567.50352827122276,570.4652099609375,36439000
2024-10-22,567.94341606934245,571.31560737733093,567.2885457643838,570.1622314453125,34183800
2024-10-23,568.14865097216364,568.58851234925862,561.46291315215615,564.952392578125,49314600
2024-10-24,566.89749276461498,566.97570492561772,563.56443767456335,566.1741943359375,34979900
2024-10-25,568.39301449812604,571.27648391911953,565.04039142379656,565.97869873046875,47268200
2024-10-28,569.43891928422636,569.56599168252149,567.42538852607674,567.7283935546875,30174700
2024-10-29,566.77042184318645,569.76139568149836,565.38246918838797,568.64715576171875,42899700
2024-10-30,568.17803741435773,570.16227609968018,566.22315066629267,566.92694091796875,41435800
2024-10-31,562.57718342762757,562.64561160791345,555.61779289312813,555.81329345703125,60182500
2024-11-01,558.43295350238805,562.56751986824077,557.74873121146732,558.15924072265625,45667500
2024-11-04,558.29600159528093,559.58623378239838,555.08023493406142,556.9569091796875,38217000
2024-11-05,557.86600553849803,563.73066561226722,557.65099663849537,563.69158935546875,39478300
2024-11-06,575.90954573207773,578.57794657906004,572.18548952408321,577.7080078125,68182000
2024-11-07,579.70202649809585,583.19150586146668,579.62381433818439,582.1749267578125,47233200
2024-11-08,582.72226206833454,586.11402079813445,582.72226206833454,584.69671630859375,46444900
2024-11-11,586.2801485471324,586.63201374819255,583.53353579847021,585.25384521484375,37586800
2024-11-12,585.17566987105795,585.77189588675753,580.9628921945897,583.43585205078125,43006100
2024-11-13,583.89529298463651,585.71332318480529,581.53968090700755,583.7193603515625,47388600
2024-11-14,583.84642320040791,584.32536085900824,579.2817798181851,579.9659423828125,38904100
2024-11-15,576.41783582642711,576.88704917943357,570.69003239067968,572.53741455078125,75988800
2024-11-18,572.99672187791361,576.1929802203847,572.13662675092758,574.88323974609375,37001700
2024-11-19,571.52086682688071,577.70803967393726,570.85621257281605,576.9847412109375,49412000
2024-11-20,577.06294839954751,577.46367388074805,571.44264973452744,577.18023681640625,50032600
2024-11-21,580.01475642034518,581.69592990767057,574.19895807357727,580.27862548828125,46750300
2024-11-22,580.26896460348428,582.70284853931219,579.77051863236284,582.0772705078125,38226400
2024-11-25,585.99673807096144,587.30647848704234,581.77417649175982,584.0516357421875,42441400
2024-11-26,585.2930125321725,587.76597261759355,584.57949804260306,587.101318359375,45621300
2024-11-27,586.91550264345176,587.29666011034635,583.80724075854368,585.322265625,34000200
2024-11-29,586.13360966796574,589.74037774908925,585.85995657257376,588.95843505859375,30177400
2024-12-02,589.3689531396692,590.68853737890822,588.88023149367041,590.01409912109375,31746000
2024-12-03,589.77948981041538,590.53208053611036,588.75318634199448,590.2877197265625,26906600
2024-12-04,591.96888544052865,594.19742474645454,591.30423127355459,593.95306396484375,42787600
2024-12-05,593.95309014217844,594.75460070019426,592.6237817496434,592.97564697265625,28762200
2024-12-06,593.73820424067799,595.33144170962123,593.32769472881557,594.099853515625,31241500
2024-12-09,593.98258047975389,594.14872915293665,590.45402413358966,591.04046630859375,34742700
2024-12-10,591.71479501368481,592.13508843763952,588.54788853856553,589.2027587890625,37234500
2024-12-11,592.1155929499696,594.70578173387185,591.84188020748297,593.7576904296875,28677700
2024-12-12,592.89748929973518,593.46436337906619,590.6982421875,590.6982421875,31543800
2024-12-13,592.7215967057723,593.43511117078174,589.21254927120776,590.58099365234375,35904700
2024-12-16,592.33062449310455,594.07050215817719,591.55846578308422,593.102783203125,43695200
2024-12-17,590.56139819755583,591.51927342470742,589.29073399332674,590.65911865234375,55773500
2024-12-18,590.35611659332744,592.73129637711941,572.67420276118798,573.055419921875,108248700
2024-12-19,578.02075493951008,579.6237759904493,572.63503374879201,572.87939453125,85919500
2024-12-20,570.56103496099604,584.27166262691003,569.71755911994785,579.76031494140625,125716700
2024-12-23,579.50528258415034,583.83028837195445,576.33747458591677,583.2320556640625,57635800
2024-12-24,584.57569050489781,589.75398930828862,583.99703171574095,589.7147216796875,33160100
2024-12-26,587.94945320179795,590.87201848478981,586.55682905570575,589.7540283203125,41219100
2024-12-27,586.02718286804338,586.26260907281676,579.37784416862007,583.54595947265625,64969300
2024-12-30,576.56311996859029,580.33891795855698,573.150128529516,576.88671875,56578800
2024-12-31,578.5441278348751,579.26010356742518,573.15991370634015,574.7879638671875,57052700
2025-01-02,578.03421398448518,579.74067975837102,569.31548359899455,573.375732421875,50204000
2025-01-03,576.21003811735727,581.18230131889914,575.13119599565425,580.54486083984375,37888500
2025-01-06,584.78166067016582,588.14556753673401,582.16306057078532,583.88916015625,47679400
2025-01-07,585.90943910027715,586.23309772157393,575.47448641716937,577.288818359375,60393100
2025-01-08,577.3575056942733,579.20128844835267,573.92494033326,578.13226318359375,47304700
2025-01-10,574.59176745976742,574.66042594243072,567.40297890227771,569.30560302734375,73105000
2025-01-13,564.6765795569504,570.54134292142749,564.26462865597125,570.18829345703125,47910100
2025-01-14,573.10113532650007,573.7288188278344,567.20692027696884,570.97296142578125,48420600
2025-01-15,578.95607910254796,582.49651056334585,577.847846118657,581.35888671875,56900200
2025-01-16,582.72206791121027,582.89859265540292,579.54450279736875,580.2408447265625,43319700
2025-01-17,585.4584175885924,587.81214097100906,584.1343920679883,586.06646728515625,58070600
2025-01-21,589.09682012439907,591.4407861448484,587.13535430494755,591.43096923828125,42532900
2025-01-22,594.24561501176868,596.10903131807561,593.69640702557001,594.755615234375,48196000
2025-01-23,594.12804576186386,598.001953125,593.85347164571647,598.001953125,41152100
2025-01-24,598.06073946135359,599.01208152038851,595.10872379512534,596.25616455078125,34604700
2025-01-27,583.34975958715643,588.13574113900881,583.18305174737463,587.8218994140625,70361100
2025-01-28,589.04779835360819,593.70627969776285,585.74273322027977,592.8726806640625,44433300
2025-01-29,592.08807841506416,592.49021245289123,587.67478006125168,590.21490478515625,37177400
2025-01-30,592.32348093057294,594.91257036832519,589.14585596113557,593.38262939453125,39281300
2025-01-31,595.79528760973767,598.20791229899692,589.46954789290726,590.2247314453125,66566900
2025-02-03,581.25097269057756,588.72415287766012,579.11298207219954,586.25274658203125,65857200
2025-02-04,586.3116394651887,590.69548734232978,585.77224827477789,590.185546875,33457800
2025-02-05,589.06744933793118,592.72556406092872,587.04714186941624,592.57843017578125,30653100
2025-02-06,594.31434185907369,594.76550055859968,591.01909356281442,594.63800048828125,35771500
2025-02-07,595.19702708060083,596.4131263461926,588.48878744695844,589.1949462890625,50788500
2025-02-10,592.39220168800011,593.83385051174275,591.12701776761207,593.19635009765625,26048700
2025-02-11,590.94062841179505,594.18685208940462,590.82294524625911,593.6474609375,30056700
2025-02-12,587.65516284509022,592.90205989135575,586.9784547529548,591.7349853515625,45076100
2025-02-13,592.83345166774484,598.18827527947383,591.57814458208838,597.9822998046875,40921300
2025-02-14,598.18824718568226,599.21800479287026,597.33501432322453,597.952880859375,26910400
2025-02-18,599.11020227238896,599.70843505859375,596.65836968053929,599.70843505859375,26749000
2025-02-19,598.32560141619592,601.41487443010863,597.81560110465068,601.12066650390625,31011100
2025-02-20,599.75749710231958,599.89481410222436,595.32462420434797,598.619873046875,36554000
2025-02-21,598.40398229034281,598.54129926767939,587.91994480315145,588.38092041015625,76519800
2025-02-24,590.42087538654903,591.41142525303621,584.99739338853101,585.70355224609375,50737200
2025-02-25,585.64467671685861,586.37040948729509,578.20088764826596,582.79071044921875,58266500
2025-02-26,584.448255315712,588.02795498996409,580.45666450974966,583.08502197265625,43321600
2025-02-27,585.35040724068529,586.49790783194487,573.38551375172631,573.77777099609375,74196700
2025-02-28,574.27789952390845,583.26138568940667,571.21801795772615,582.7318115234375,88744100
2025-03-03,584.69332981935929,585.83101349804429,568.72702942478304,572.5224609375,74249200
2025-03-04,568.54066900593466,574.11122447925334,561.2243803057662,565.74554443359375,109648200
2025-03-05,565.57896791724033,573.61117431658897,562.03853582948193,571.82623291015625,71230500
2025-03-06,564.39218775434824,568.99182775628617,559.13547342618779,561.67559814453125,80094900
2025-03-07,559.9004310284239,566.26537790914313,554.73194954148846,564.82366943359375,81158800
2025-03-10,556.65412087273558,558.56650182371595,544.88532802152884,549.7791748046875,99326600
2025-03-11,548.62203678420269,553.15301822950994,541.38422281641317,545.20904541015625,88102100
2025-03-12,551.33857934236107,552.26047063214571,543.02198378119465,548.1021728515625,69588200
2025-03-13,547.72956588936654,548.33761556318098,539.08931051750233,540.7957763671875,74079400
2025-03-14,545.3953858640715,552.96667535660049,540.86440442874323,551.96630859375,62660300
2025-03-17,551.94667612441481,558.7333912461695,551.51515123146623,556.22271728515625,49008700
2025-03-18,553.91795483144415,554.13374720591469,548.2885573100283,550.2108154296875,66041400
2025-03-19,551.98586382151348,559.9494094443329,550.80897247851192,556.2030029296875,66556000
2025-03-20,552.47636949843036,559.57686725027247,551.76039366290695,554.5947265625,62958200
2025-03-21,550.15438577549776,555.67283428720043,548.92478173781387,554.77764892578125,83763000
2025-03-24,561.4863200959835,565.76537774646579,560.89613423210835,564.71282958984375,58766800
2025-03-25,565.91295059626373,567.00482457288444,564.32923500430832,566.07037353515625,38355700
2025-03-26,565.80472385857342,566.92613707962403,557.9352585138073,559.31243896484375,51848300
2025-03-27,557.92543170691135,561.58476444139728,555.72199093912786,557.82708740234375,42164200
2025-03-28,556.30239226769618,557.03030823380209,546.01304431954918,546.5933837890625,71662700
2025-03-31,540.85850402753067,551.56098112377231,537.94678039248242,550.26251220703125,95328200
2025-04-01,548.35418754195359,553.75459846429817,544.6456828297712,551.81671142578125,54609600
2025-04-02,545.99332712496789,558.16148303720979,545.75725277234085,555.308837890625,76014500
2025-04-03,536.21555973896534,539.02887941269,527.94281005859375,527.94281005859375,125986000
2025-04-04,515.12534879325528,517.28946377498187,496.81901941003048,497.03543090820312,217965100
2025-04-07,481.20796639726615,514.63350088893742,473.93853345122682,496.15011596679688,256611400
2025-04-08,513.34488181895199,516.41396848906595,481.1784603514281,488.3790283203125,165816600
2025-04-09,485.38858710284131,539.668212890625,485.00493628771113,539.668212890625,241867300
2025-04-10,523.48662907004382,524.79494443041131,501.00949379758208,516.0205078125,162331200
2025-04-11,514.47619337040908,527.67720595869037,511.58416217346848,525.22784423828125,97866300
2025-04-14,535.17285438819135,535.39914235995047,525.14911977712609,530.32330322265625,68034000
2025-04-15,530.86421426931486,534.36612352235954,528.05089515845418,528.83782958984375,56892900
2025-04-16,523.00467783303623,529.1133721339063,511.80051174858437,517.0828857421875,83484800
2025-04-17,519.0305887702018,522.50295904985308,515.36140981454639,517.82061767578125,79868100
2025-04-21,512.65629951530434,513.18752685746665,500.16354114488826,505.4951171875,69368100
2025-04-22,511.65299944009411,520.66351122961271,510.71848838241135,518.64697265625,75948100
2025-04-23,531.61191734182569,536.53033345997733,525.16880423489886,526.68365478515625,90590700
2025-04-24,527.96242258631332,538.49769135827387,526.7131857388315,537.769775390625,64150400
2025-04-25,537.73038749764839,542.05855708887952,534.81866392448273,541.6552734375,61119600
2025-04-28,542.39310480505765,544.51783414188617,536.12704750003502,541.86187744140625,47613800
2025-04-29,539.95344847955596,546.38677419371277,539.5993369831574,545.27520751953125,47775100
2025-04-30,538.63545564208744,547.43943292107326,532.68418386330779,545.49169921875,93101500
2025-05-01,551.22662733846528,554.8662676970938,548.75757255368376,549.35760498046875,63186100
2025-05-02,555.51542328261951,559.10589116549477,553.20379165781662,557.5123291015625,60717300
2025-05-05,553.39064304435101,557.40408715190244,552.53484349748965,554.3153076171875,38659200
2025-05-06,548.8263293740373,554.15787520398101,547.87218554311801,549.68212890625,48264700
2025-05-07,551.01015227817084,554.62025270492484,546.9671688153295,551.99383544921875,55588000
2025-05-08,556.01708262684224,561.00436365793121,552.53486571131464,555.84002685546875,65130800
2025-05-09,557.23681121204675,558.24018723691074,553.57753871543298,555.13177490234375,37603400
2025-05-12,571.98219942557284,573.48726342974476,567.62449037471936,573.4774169921875,78993600
2025-05-13,573.89056238516298,579.46808909590004,573.3299158219985,577.2646484375,67947200
2025-05-14,578.21876183471147,579.36965425315987,575.98578198041912,578.00238037109375,66283500
2025-05-15,576.00555070793428,581.32725057374364,575.55303480725399,580.82562255859375,71268100
2025-05-16,581.60276088034846,584.79973165897195,579.66493356569151,584.504638671875,76052100
2025-05-19,578.50405937339679,585.82266470034529,578.50405937339679,585.1439208984375,68168500
2025-05-20,583.41270911351569,584.35700658241672,579.97960423246116,583.17657470703125,60614500
2025-05-21,578.83857876588729,582.91104186361861,572.32660040076678,573.349609375,95197700
2025-05-22,573.15283008631627,577.04823719414048,571.92322607946926,573.57586669921875,70860400
2025-05-23,566.58183336588854,572.31672326367618,566.20802894474059,569.6607666015625,76029000
2025-05-27,576.50720615112516,581.66169638697772,568.99185227721887,581.50433349609375,72588500
2025-05-28,581.90759894049086,583.09787716024812,577.41215976246701,578.14007568359375,68445500
2025-05-29,583.38313715259437,583.52086720552154,576.50720141526142,580.4222412109375,69973300
2025-05-30,579.32049440321111,581.48460928158534,573.72333503196876,579.77301025390625,90601200
2025-06-02,578.16963564432194,583.11753082068844,575.51367904972994,583.03887939453125,61630500
2025-06-03,582.67489672640193,587.33754519701176,582.19284155552214,586.36370849609375,63606200
2025-06-04,587.21964358392518,588.19348050965471,585.77359781597238,586.2064208984375,57314200
2025-06-05,587.87857673791848,589.22621787549485,581.40592467881197,583.373291015625,92278700
2025-06-06,588.89180487167118,591.02644081349547,587.12118697887865,589.364013671875,66588700
2025-06-09,589.93446731592508,591.43953144972647,588.72455617724756,589.8951416015625,53016400
2025-06-10,590.42630545782799,593.62327587933885,589.31479867046653,593.23968505859375,66247000
2025-06-11,594.3315698285918,595.18736943078954,589.49186517491103,591.5477294921875,73658200
2025-06-12,590.21971639086246,593.898681640625,589.73772127001428,593.898681640625,64129000
2025-06-13,588.7343136581344,592.02962790601816,585.76357159303063,587.2587890625,89506000
2025-06-16,590.60336409752335,594.58726869082443,590.42624830293005,592.84613037109375,79984100
2025-06-17,590.41647599910573,591.93132641268608,587.0227571759267,587.78021240234375,82209400
2025-06-18,588.6753335186196,591.40994139403256,586.73744653605854,587.691650390625,76605000
2025-06-20,590.35640088400851,591.42193615733083,584.91039861674301,586.3114013671875,94051400
2025-06-23,587.06125597694972,592.48750803916812,583.95352956227657,592.102783203125,87426000
2025-06-24,596.22669928858511,599.699459496435,595.31899199422355,598.64385986328125,67735300
2025-06-25,599.75869453600069,600.44932049378292,597.42047795733777,598.97930908203125,62114800
2025-06-26,600.82420073775518,604.09969094121413,600.21251897496938,603.66558837890625,78548400
2025-06-27,604.66198517702321,608.12492972728535,602.63948537508873,606.66473388671875,86258400
2025-06-30,609.10176066603685,610.91705499344289,606.79311045644295,609.5654296875,92502500
2025-07-01,608.0954226976304,610.53233461544403,607.26671969501228,609.3681640625,70030100
2025-07-02,608.96357460303159,612.16999617125873,608.34201729708127,612.13055419921875,66510400
2025-07-03,614.10369308757822,617.88235417414796,614.0839419945853,616.9549560546875,51065800
2025-07-07,615.00147907831081,615.66253854169975,609.58510299770319,612.357421875,74814500
2025-07-08,613.01844025746129,613.76825923132458,611.2130216520668,612.02203369140625,59024600
2025-07-09,614.41939671682621,616.3432013077288,612.58429139230657,615.69207763671875,66113300
2025-07-10,615.83025486441431,618.46443657522752,614.65620889765864,617.42852783203125,57529000
2025-07-11,614.38985148640802,616.48142020790692,613.19611456192501,615.258056640625,63670200
2025-07-14,614.80416824469103,616.77735071705786,613.46241861550163,616.43206787109375,51898500
2025-07-15,619.10577849453409,619.44118580791883,613.71896843466754,613.79791259765625,74317300
2025-07-16,615.37643104421375,616.35314676989526,609.76272429164567,615.8499755859375,88987500
2025-07-17,616.02756718833359,619.97393197437862,615.81048581239224,619.61871337890625,68885700
2025-07-18,620.86188614042601,621.02958979886932,618.0600006009754,619.16497802734375,65621600
2025-07-21,620.3389892578125,623.07180602766084,619.91476225334861,620.3389892578125,63375000
2025-07-22,620.66450663091348,621.28606391106075,617.79355270283952,620.427734375,60046300
2025-07-23,623.08174903560075,625.70611572265625,621.28614556991977,625.70611572265625,70511000
2025-07-24,626.09078720794957,627.62005182872974,625.488980993582,625.9132080078125,71307100
2025-07-25,626.57419233606527,629.03079463503866,626.32754455156203,628.55718994140625,56865400
2025-07-28,628.93221273015922,629.48470145833994,627.01822316882692,628.39947509765625,54917100
2025-07-29,629.79047648497055,630.10619289901672,625.83429630446051,626.741943359375,60556300
2025-07-30,627.39308242085826,629.12949263223902,623.07180798650165,625.95269775390625,80418900
2025-07-31,630.88566250128656,631.27038732411563,622.31218212878127,623.6046142578125,103385200
2025-08-01,617.90208867860269,617.9415908673775,610.98607437194278,613.38348388671875,140103600
2025-08-04,617.28047469005605,622.75604358890746,617.19171520696545,622.70672607421875,73218000
2025-08-05,623.31840703766443,624.12741901453558,618.63209902962456,619.54962158203125,68051400
2025-08-06,620.61514014231511,624.94628966800838,619.70749316068429,624.295166015625,64357500
2025-08-07,627.70876703254316,628.43883487606956,620.67436705357045,623.77227783203125,74205800
2025-08-08,625.55800972728571,629.0998986072367,625.2422933193634,628.63616943359375,64051600
2025-08-11,628.91245541080002,630.38246668137197,626.14995184498139,627.39306640625,58742300
2025-08-12,629.73124049868454,634.23009371289118,628.25135378063305,634.072265625,64730800
2025-08-13,636.26254976473729,637.52541549502223,634.0624705008762,636.24285888671875,60092800
2025-08-14,634.17093125491851,636.96300119172952,633.7270133914775,636.302001953125,59327500
2025-08-15,637.32811269952504,637.42680796088564,633.90466974719232,634.81231689453125,68592500
2025-08-18,634.24003074606514,635.36475921284091,633.56915592818586,634.67413330078125,43804900
2025-08-19,634.49651037009335,635.47322599669576,629.91871287529887,631.23089599609375,69750700
2025-08-20,630.82651331260172,631.08297647340919,624.46298726314012,629.55377197265625,88890300
2025-08-21,627.74826764864372,629.41554894202864,625.31135611072114,627.02801513671875,54805800
2025-08-22,629.20841400292454,637.8312114652382,628.70524285572003,636.65716552734375,84083200
2025-08-25,635.40418003221282,636.63741904242613,633.73683848173437,633.855224609375,51274300
2025-08-26,633.58894460071133,636.85455939348128,632.96738726466788,636.50921630859375,51581600
2025-08-27,635.92709719233721,638.6895405097797,635.77908442559556,637.95947265625,48341100
2025-08-28,638.56128399614181,640.77123866795273,636.68679683050686,640.21875,61519500
2025-08-29,638.78822984774524,639.15332402229546,634.51633294341673,636.40069580078125,74522200
2025-09-02,628.95187658290831,631.90177457330003,626.40645448051896,631.68475341796875,81983500
2025-09-03,634.05261644595532,635.57200559275418,631.87228820295866,635.1082763671875,70820900
2025-09-04,635.77914655748077,640.44576433825534,634.8813749728572,640.4161376953125,65219200
2025-09-05,642.7444163544111,643.46466887852569,634.70373419635644,638.561279296875,85178900
2025-09-08,639.92279904639804,641.12647166019917,638.55142278411847,640.1300048828125,63133100
2025-09-09,640.26805350266454,642.13272529747121,638.54151892600964,641.60986328125,66133900
2025-09-10,644.85578889186797,645.77331155807258,641.90589059351316,643.4647216796875,78034500
2025-09-11,645.40825984630146,649.50263764046804,644.82620472734379,648.81201171875,69934400
2025-09-12,648.7823644090812,650.27212679106742,648.09179872611367,648.59490966796875,72780100
2025-09-15,650.79510465459953,652.17629635530841,650.49913930564435,652.04803466796875,63772400
2025-09-16,652.60052888515315,652.90643000119564,650.37088309308569,651.1502685546875,61169000
2025-09-17,651.16013520036324,652.84716778892243,645.52667718503369,650.34124755859375,101952200
2025-09-18,653.01484889418339,655.97462242653239,651.4165760040546,653.3798828125,90459200
2025-09-19,655.26059441201141,657.45687011290511,653.32149286184097,656.615966796875,97945600
2025-09-22,655.13198394770097,660.16762173782047,655.10227517017813,659.72247314453125,69452200
2025-09-23,659.60371075046532,660.21714871082565,654.9143129749383,656.1312255859375,81708900
2025-09-24,657.41733822885521,657.51624672177331,652.62897157445263,654.043701171875,68082200
2025-09-25,650.91755575189507,652.37183689235542,647.42520381535337,651.0263671875,89622100
2025-09-26,652.47076160414292,655.30022104051113,650.85815449953634,654.756103515625,69179200
2025-09-29,657.2689261670223,658.17915000544633,654.79560996549333,656.59619140625,73499000
2025-09-30,655.8542079251938,659.53453389644653,654.54828970208462,659.06951904296875,86288000
2025-10-01,656.09169529279177,662.22553220425254,655.98288386039349,661.31536865234375,72545400
2025-10-02,663.2938778298502,663.41259216373169,659.66306695398271,662.07696533203125,56896000
2025-10-03,662.83890407320007,665.50019498232575,661.02841952873257,662.0672607421875,70494400
2025-10-06,664.45143124628896,665.33194628646629,662.31451266469298,664.4415283203125,54623300
2025-10-07,665.36162917018078,665.8068381763353,660.54361389809685,661.9781494140625,72020100
2025-10-08,663.09607784891034,666.02450598828364,662.27491995734306,665.925537109375,60702200
2025-10-09,666.34109721585446,666.74669450635861,662.06719954954622,663.996337890625,66501900
2025-10-10,664.95600205569076,666.75658346885882,645.87191627523066,646.04998779296875,159422600
2025-10-13,653.59850746606242,658.03067039597238,652.72789540715996,655.96295166015625,79560500
2025-10-14,650.15563178340176,658.7232324647772,646.19832607138915,655.16162109375,88779600
2025-10-15,659.70272543157,663.07630233746204,651.8969246006144,658.0703125,81702600
2025-10-16,659.70271470542593,661.57255631292435,650.0963324960569,653.58868408203125,110563300
2025-10-17,652.46076337718,658.65395632703337,651.11529395995137,657.298583984375,96500900
2025-10-20,660.19738742761103,665.03520865273219,660.14793317783722,664.1348876953125,60493400
2025-10-21,664.27336208762779,665.80680602705115,662.82892371491891,664.12493896484375,56249000
2025-10-22,664.8274246920023,664.8274246920023,656.22027184916067,660.6722412109375,80564000
2025-10-23,660.98874223684425,665.52977693151388,660.67215054629798,664.58990478515625,65604500
2025-10-24,669.23981611927354,671.22831163282274,668.43846408136653,670.0213623046875,74356500
2025-10-27,675.44280641865601,678.22281123945356,674.83933179542248,677.926025390625,63339800
2025-10-28,679.71672060933486,681.5568533012904,677.52044488997399,679.72662353515625,61738100
2025-10-29,681.36898355138601,682.33856467544297,675.58144712388662,680.05322265625,85657100
2025-10-30,676.60041864691095,678.61862297219056,672.5738525390625,672.5738525390625,76335800
2025-10-31,677.72820294025666,677.76781464577152,671.99012132446046,674.780029296875,87164100
2025-11-03,678.35147395216347,678.48009122588826,672.68265251681862,676.04638671875,57315000
2025-11-04,668.89348505126156,672.70242807658803,667.37984699714116,668.03277587890625,78427000
2025-11-05,667.77555433047485,673.5927987432043,666.97420231360377,670.34783935546875,74402400
2025-11-06,669.24968133124958,670.15000227842097,661.58240080891369,663.15545654296875,85035300
2025-11-07,660.78095228332211,663.91716036702792,654.15251388052366,663.80828857421875,100592400
2025-11-10,670.01138210479292,674.89865679485104,667.82500946956281,674.16656494140625,75842900
2025-11-11,672.69252736144324,676.27388425636082,671.48551770080405,675.7099609375,58953400
2025-11-12,677.48086127368242,677.64909025223221,673.68188138980486,676.0859375,62312500
2025-11-13,673.23672889006275,673.59287196211892,663.3632690735044,664.86700439453125,103457800
2025-11-14,658.27804147213692,668.44828603022484,656.19057714413066,664.75811767578125,96846700
2025-11-17,662.55195610707688,666.51916495550972,655.10229872429363,658.56494140625,90456100
2025-11-18,655.03300526162434,658.02079040351759,648.85961799875884,653.03460693359375,114467500
2025-11-19,653.72726504579248,660.21724517919608,651.71890304729038,655.5574951171875,94703000
2025-11-20,665.72766499136776,668.34940435584735,644.93206313332485,645.56524658203125,165293500
2025-11-21,648.0583498819193,657.45695218496064,643.90316626067658,651.99591064453125,123956200
2025-11-24,655.61677488736257,662.90810629701866,654.52853990049039,661.59228515625,80437900
2025-11-25,661.49337479368148,668.99248648346179,657.38764571319325,667.815185546875,81077100
2025-11-26,670.39736868178761,674.42393506906512,669.49704768791639,672.42547607421875,71879600
2025-11-28,673.59286107207549,676.37286626524508,673.23671800577711,676.09588623046875,49212000
2025-12-01,671.56471685003737,675.70009436044893,671.49545674922058,673.0091552734375,61201200
2025-12-02,674.64146768874127,676.52121207440541,672.07914602920789,674.25567626953125,62953800
2025-12-03,673.30594390795829,677.59958710663909,672.43533175654238,676.59051513671875,57238500
2025-12-04,677.98546566053142,678.05472576436262,674.06777120842014,677.085205078125,61970300
2025-12-05,678.15359363022833,681.04247042966074,677.27313895415864,678.37127685546875,79241000
2025-12-08,679.2617413091358,679.31119555980649,674.29530271430224,676.33331298828125,55231500
2025-12-09,675.85844456404982,678.07452633458308,675.30442412141656,675.74957275390625,58310100
2025-12-10,675.2747265375898,681.61628314472898,674.03806835194871,680.23126220703125,85671300
2025-12-11,677.82713275356093,681.89324993683226,674.88880182221214,681.8140869140625,86173700
2025-12-12,680.82477135583167,681.52721487879251,671.92083323825977,674.48321533203125,113160300
2025-12-15,678.42070751987183,678.44051337157691,671.99998854576495,673.46417236328125,90811000
2025-12-16,671.98022752494273,673.81051780263942,667.77558984830478,671.62408447265625,122030600
2025-12-17,672.63319787354374,673.17731536314579,664.03594831000305,664.23382568359375,110625200
2025-12-18,670.3676386439364,673.47413846835002,667.69650529571175,669.24969482421875,108650100
2025-12-19,671.34636915481951,675.81149358953428,671.22724345273775,675.31536865234375,103599500
2025-12-22,678.63934406311603,680.0483218496023,675.3153313921905,679.5224609375,69556700
2025-12-23,678.6195066727895,682.86636513952328,678.56990629225993,682.62823486328125,64840000
2025-12-24,682.61832002903111,685.47600454083727,682.46945832153267,685.02947998046875,39445600
2025-12-26,685.28742033076901,686.29947395032116,683.92804294195514,684.9599609375,41613300
2025-12-29,682.21144793418773,683.85861661897331,680.75286970768661,682.51904296875,62559500
2025-12-30,682.1221392108215,683.22352195728433,681.25888672714837,681.685546875,47160700
2025-12-31,681.81458554390827,682.03285144399524,676.42667605411032,676.635009765625,74144800
2026-01-02,680.39565852520093,681.54664169046725,674.55129244182683,677.87530517578125,89377200
2026-01-05,681.21922806300017,684.08684482372564,681.06049472551626,682.39007568359375,71927200
2026-01-06,682.59849069917141,686.9544824498945,682.44968954615968,686.44842529296875,69273800
2026-01-07,686.82541426727732,688.58171585141486,683.97766209178383,684.23565673828125,75588300
2026-01-08,683.48154391652042,685.2675815209567,682.16183466833377,684.16619873046875,64019200
2026-01-09,685.27751504556284,689.92123705100187,683.83874065841655,688.69085693359375,80125500
2026-01-12,685.32713982002485,690.69524558537341,685.27753943845232,689.77239990234375,63976000
2026-01-13,690.09989031206521,690.69527660405265,685.99196108965577,688.39324951171875,78309700
2026-01-14,685.64457585799414,686.35896660672688,680.72299530562339,685.009521484375,94676700
2026-01-15,689.18702025938069,690.0602050162862,685.89274332416949,686.87506103515625,77862000
2026-01-16,688.28399919699484,688.86945325148599,684.75159217968826,686.29949951171875,79289200
2026-01-20,676.20834460563037,679.4629532027941,671.32649227200977,672.32867431640625,111623300
2026-01-21,674.38263707354247,683.40215432596301,672.87439791652719,680.08807373046875,127844500
2026-01-22,684.50351128393856,685.77362011812818,681.59622659076308,683.6402587890625,77112200
2026-01-23,682.81678043153363,685.60500017709444,681.83440217629914,683.88836669921875,63059600
2026-01-26,685.13857612316804,688.7503800429489,684.57298645203832,687.3612060546875,60473800
2026-01-27,688.80000860630184,691.13183214185938,688.19475071953036,690.099853515625,55506100
2026-01-28,691.6477064811113,692.43162257777283,688.56182415808212,690.03033447265625,61172200
2026-01-29,690.99289528814245,691.65768573766695,679.52248931661359,688.66107177734375,97486200
2026-01-30,686.42851898923493,688.82980729064491,681.79472903196427,686.60711669921875,101835100
2026-02-02,684.23567371267609,691.52868594066877,684.07687982068126,690.02044677734375,79286500
2026-02-03,690.81425656725366,691.55844391887706,678.72866124434563,684.18603515625,107904600
2026-02-04,684.99968109966824,686.09119230600618,676.47628853696563,680.8719482421875,105204600
2026-02-05,675.66256264563481,678.39124952056306,670.5524520913757,672.3682861328125,113610800
2026-02-06,676.17865648386078,686.94454395785306,675.57333800168453,685.26763916015625,89127600
2026-02-09,684.07691720880769,690.47694125209125,683.00533090883846,688.57183837890625,73885200
2026-02-10,689.56406556042839,691.14170895333211,686.29952469858256,686.7559814453125,65185700
2026-02-11,690.99288857832482,691.73707596690383,683.83874534708673,686.59722900390625,76353900
2026-02-12,688.85950230834601,689.96088506877845,675.09700221062133,675.99005126953125,118829000
2026-02-13,676.40683705736467,680.96129074774694,672.26917192990152,676.46636962890625,96267500
2026-02-17,674.86884190190074,679.63162917101693,670.54264699857754,677.55780029296875,81354700
2026-02-18,678.71882521846032,683.80907226972874,677.53804536410485,680.97119140625,73570300
2026-02-19,678.54017700954432,680.86200778802652,676.26788604995716,679.1751708984375,58649400
2026-02-20,677.03191024649425,684.71191422910954,676.4464562003476,684.0867919921875,100034000
2026-02-23,682.49922091904921,684.65238610345818,675.09701534808789,677.10137939453125,90558100
2026-02-24,676.6151751251432,683.01513800160274,674.72987624607708,682.02288818359375,73798700
2026-02-25,684.8310015582731,688.3038760705598,684.75160461202574,687.77801513671875,56369500
2026-02-26,687.90702038012478,687.92682419532059,679.04617572784798,683.95782470703125,71671000
2026-02-27,677.79597369900898,681.53671443479107,676.35719931042001,680.6734619140625,83308900
2026-03-02,673.44001393535257,683.2831159083878,672.76529127612503,681.06048583984375,87477200
2026-03-03,669.82813627398991,677.31961002527919,664.46996321946585,675.05731201171875,105003100
2026-03-04,676.34725499708338,681.76496085946644,674.35282315318068,679.82012939453125,79182200
2026-03-05,676.79377586427108,680.21704986419968,670.37388802061912,676.02972412109375,106606500
2026-03-06,668.19093114474674,670.87001779725642,664.56925560375782,667.1689453125,100687000
2026-03-09,661.22537294220581,674.65048153191196,657.25637365705859,673.0133056640625,102667700
2026-03-10,672.46749474131116,678.0637980596332,669.53047413956074,671.93170166015625,81505300
2026-03-11,672.32869125737454,674.80931595962375,668.1215614523004,671.08837890625,68441700
2026-03-12,665.95839935562412,666.44465266648558,660.70941932004382,660.89794921875,108882200
2026-03-13,664.08311102274865,667.12932548811148,656.23438038631241,657.15716552734375,97200200
2026-03-16,663.19998405198294,666.86138855602928,661.9497395049242,663.844970703125,82023100
2026-03-17,667.17888363792974,669.21298369502142,664.50972914910369,665.59124755859375,87128000
2026-03-18,663.18011743125066,664.52956273755456,656.0657027257738,656.3038330078125,82062600
2026-03-19,651.87837826871782,657.84180977107667,650.09234058707443,654.68646240234375,111272500
2026-03-20,653.20094612237608,653.38003156565412,641.47033340377618,645.30096435546875,163617500
2026-03-23,654.75310404336244,659.28015830453307,650.6439158314106,652.07666015625,134802700
2026-03-24,648.03714591788071,653.71838755129886,646.60440154990499,649.88775634765625,96457500
2026-03-25,655.35011166801371,657.5589538580906,650.94244732913694,653.50946044921875,90653800
2026-03-26,648.77346347616765,651.54937936519525,641.56996447687959,641.838623046875,96494400
2026-03-27,639.26162759190527,639.42079442886097,629.91894113700721,630.89404296875,103649400
2026-03-30,636.88365470111626,637.14235394590037,626.10828460815696,628.78466796875,99275900
2026-03-31,635.71956864159995,648.25603687614512,634.76438544441169,647.0621337890625,152534100
2026-04-01,650.60416595174115,655.20087486395175,649.70867793922423,651.9373779296875,97841500
2026-04-02,643.16186976739368,654.88252486593171,641.85847491350501,652.52447509765625,68358700
2026-04-06,652.554231190157,656.39476092173368,652.21597891153067,655.6087646484375,39105800
2026-04-07,653.34028494637471,656.28532667398599,647.77843372757866,655.89727783203125,69980400
2026-04-08,672.98081171534898,673.66733634322145,668.07566764041394,672.60272216796875,93606100
2026-04-09,671.43863991828584,677.72673186869645,670.37402573731663,676.4830322265625,57134400
2026-04-10,677.88594982212896,678.59239307075586,675.03042034246448,676.03533935546875,42253500
2026-04-13,673.99558296783835,682.84078874145905,673.16981019050513,682.64178466796875,54185800
2026-04-14,684.22382037373143,691.07910709950659,684.19394243431395,690.959716796875,63480500
2026-04-15,691.75570516916491,696.75042240016671,690.70105029426452,696.412109375,58240400
2026-04-16,697.52646154266256,699.23782384592118,695.00924501974373,698.1234130859375,49972400
2026-04-17,702.58089098868766,708.79938941334569,702.20280142626655,706.56072998046875,70661900
2026-04-20,705.20752199003005,706.33177051264147,702.58081396879959,705.14776611328125,43546800
2026-04-21,706.70001235084612,707.6949720613851,699.09850558772303,700.53125,58941400
2026-04-22,705.57569063714175,707.86408578571672,704.65032468236154,707.62530517578125,42518500
2026-04-23,705.92390696500331,708.76947713165259,698.74032708209586,704.87921142578125,56174000
2026-04-24,707.16756800114354,710.86878873299645,705.43634793446938,710.34149169921875,45182000
2026-04-27,709.57544909292142,712.02307201292012,708.7098389427747,711.56536865234375,33135900
2026-04-28,708.23225489884112,709.28690980230772,705.67520105993583,708.1029052734375,43117400
2026-04-29,707.41631459960593,708.61027833093158,704.7995658491443,707.993408203125,41859200
2026-04-30,711.02806366651885,716.16202905904242,706.86913935870393,715.0377197265625,67240900
2026-05-01,717.61465169774533,721.21640079329904,716.83855401706467,717.0177001953125,43049800
2026-05-04,716.44060567001213,718.48026081613921,711.3861936216806,714.3909912109375,51950600
2026-05-05,718.13208985585754,721.38556681527291,717.85347198763918,720.12200927734375,36933200
2026-05-06,724.48982145262505,730.88746570221258,724.1515691652952,730.13128662109375,53288900
2026-05-07,731.34512019285773,732.41969367969466,726.07184589336725,727.89263916015625,51724600
2026-05-08,731.22571665310522,734.35986396319299,730.86754573981523,733.90216064453125,47227100
2026-05-11,732.73805867455337,737.05614962054915,732.73805867455337,735.57366943359375,44024000
2026-05-12,733.17587442343859,735.11605800118537,728.14138072579715,734.4593505859375,54185300
2026-05-13,734.74787046061556,740.16045373102008,731.76299132019085,738.56854248046875,44200200
2026-05-14,739.90181023648393,745.75217817054045,739.81223714276462,744.39898681640625,45307600
2026-05-15,738.05118671463833,739.71281325613097,734.24053451528653,735.44439697265625,60410800
2026-05-18,736.10104710424571,737.68299900962495,729.6935042484962,734.927001953125,47843900
2026-05-19,731.07649451539839,733.93202390636122,727.84287559212862,730.03173828125,54255900
2026-05-20,732.00180027361762,738.13072511732673,730.19096638791473,737.51385498046875,45768000
2026-05-21,734.9170485709385,741.11562807915482,733.3151780259534,738.9764404296875,43332200
2026-05-22,742.4787264390759,745.16512980941377,740.72758762796616,741.88177490234375,41762000
2026-05-26,746.22973010401824,748.3390397979183,744.59798163061771,746.80682373046875,41123600
2026-05-27,747.09529524202117,747.5927750592914,744.4486686067338,746.67742919921875,42106300
2026-05-28,746.46851939431383,751.34384624451206,745.45364106143086,750.79656982421875,41562600
2026-05-29,752.09008134042119,754.25908625627733,750.88615820978748,752.6671142578125,55075700
2026-06-01,751.55271038924525,756.44795561541753,750.88610442413301,754.7166748046875,43634900
2026-06-02,753.21440127024641,756.56741073650721,752.9357833937803,755.7415771484375,31581900
2026-06-03,754.32874207122086,754.97542945790485,749.77180951329262,750.43841552734375,51402500
2026-06-04,748.30914805701775,754.4878695071194,747.68231860291235,753.2740478515625,49923000
2026-06-05,748.51813451854878,749.0255736853693,731.82274221842999,733.83251953125,93989400
2026-06-08,739.61322731855671,741.58328881740931,734.46930267812286,735.49407958984375,49319100
2026-06-09,739.88193526843395,743.13547313438937,718.9480036644643,733.3350830078125,87683500
2026-06-10,729.69352181897,734.65836109307554,721.6741489247238,721.77362060546875,60341300
2026-06-11,725.08686629007593,736.27020399653861,720.75875500574466,734.04150390625,86330500
2026-06-12,736.97661631989047,740.68779654326283,731.32525254899008,738.0113525390625,57079500
2026-06-15,748.06043044244439,752.86610282469996,747.97091807634285,751.02545166015625,60176400
2026-06-16,750.74685768073641,751.63238642159388,746.10041271096395,746.54815673828125,67093100
2026-06-17,747.50323150391876,748.35894297634331,735.49406095326208,737.225341796875,85945200
2026-06-18,745.907751654771,746.37655820491193,742.01738789621174,744.8902587890625,80875700
2026-06-22,745.84794119270953,748.32177868985696,741.28925388716436,742.546142578125,46628100
2026-06-23,731.99228920598341,737.79787988834573,730.48601986004837,731.76287841796875,66846800
2026-06-24,733.34891801036258,738.11710685703576,729.02968754454855,731.4237060546875,57439500
2026-06-25,737.07964522043721,737.53852768883337,727.7927091295785,732.4810791015625,53934400
2026-06-26,727.14438613587504,734.70562734774637,714.8050317832251,727.18426513671875,71034000
2026-06-29,734.70559148164648,739.72310015048913,730.27658724538003,739.16448974609375,58035200
2026-06-30,739.45375992627089,746.1671307285668,739.05478727976072,744.92022705078125,55626000
2026-07-01,743.15459254843381,747.58359685079256,740.54108730844405,743.9127197265625,47100900
2026-07-02,745.54868595308619,749.44897394451687,738.1969465958291,742.9351806640625,57447800
2026-07-06,746.88532013664098,750.54621229746976,745.55859757221083,749.4190673828125,50673300
2026-07-07,748.36164162927184,749.09985975806569,743.36410277023799,745.85791015625,43721500
2026-07-08,741.31914729585719,744.30179213357735,737.67822496756912,743.55364990234375,43767400
2026-07-09,745.49877598908733,750.10732729363315,743.74318668390356,749.8480224609375,41441700
2026-07-10,750.18711517385202,753.54876261238485,746.24688738235841,753.0799560546875,42191300
2026-07-13,750.60608365973621,752.04251917887655,746.14718518647055,747.31427001953125,44013600
2026-07-14,749.04994743248187,751.47398183012535,746.8055207475287,749.96771240234375,35143100
2026-07-15,752.37171222042616,753.70841978396584,748.34174135555463,752.9403076171875,43844800
2026-07-16,750.8953984161742,752.70091255117154,746.02748146626448,748.86041259765625,46409800
2026-07-17,740.24182773283906,745.438883195828,738.96496916711976,741.44879150390625,62651000
2026-07-20,745.20949088049861,746.87533715566212,739.67325069750461,740.2518310546875,50422300
2026-07-21,744.44139182846527,747.18457998294059,742.3366329839115,746.426513671875,34324300
2026-07-22,744.77057254567774,748.16217489505391,744.52119181069327,745.55859375,32836200
2026-07-23,737.53855623897823,740.72065696063476,733.38888745707936,736.35150146484375,55437300
2026-07-24,736.68066679303854,741.87772227861171,735.46365716205071,737.099609375,44782000
2026-07-27,743.06480744068472,743.68332769421113,734.04722172653442,737.25927734375,41461200
2026-07-28,737.35899502242864,740.95005330431138,734.15692442090506,739.02484130859375,47322200
2026-07-29,738.13705261740483,740.8403618199718,727.29398266127907,727.65313720703125,70697200
2026-07-30,734.2267392747757,740.61091037014671,732.77039476504558,739.852783203125,66811300
2026-07-31,742.83541091418704,747.04498958047179,735.85275000273259,745.17962646484375,62445900
2026-08-03,747.58361831672823,756.70099288985966,746.94518900271248,755.793212890625,59927500
2026-08-04,758.74586511522364,771.49417640012598,758.63615220594363,769.41937255859375,69154800
2026-08-05,773.92816542302501,774.9256883846499,767.60390394134686,767.8831787109375,44689100
2026-08-06,768.30218725110853,769.90818461774847,765.55899908857441,766.65625,38416900
2026-08-07,769.11016283015965,772.00294284890424,767.70362137849304,771.3446044921875,43586300
2026-08-10,770.68618490564711,773.13012824045916,769.70863192530931,771.11517333984375,39249500
2026-08-11,772.61150404837338,772.6912620504304,767.29468950972193,768.65130615234375,36740600
2026-08-12,772.79100961101108,772.98054140272461,769.36951327341899,770.57647705078125,33179100
2026-08-13,772.95063210270814,777.43948554442147,772.19250489111664,775.95318603515625,35634500
2026-08-14,776.6114939657781,776.8708596736758,773.50921220985799,774.4169921875,31367900
2026-08-17,774.25735778436024,774.85590808610186,770.59646559705254,770.75604248046875,34356600
2026-08-18,766.79591493600924,767.59392113076126,765.02029483501394,765.54901123046875,43920900
2026-08-19,768.4517358705159,770.55649460266841,766.19732434797777,767.15496826171875,40306000
2026-08-20,764.06272201246338,766.24729976925721,760.15238810293351,760.71099853515625,45520300
2026-08-21,764.15244180770878,765.94797093653744,762.27709379556325,763.8232421875,39188700
2026-08-24,762.88560986375091,763.32446150102487,760.19228579631374,761.57879638671875,32430900
2026-08-25,764.26213707879197,764.88065730525864,761.15985539561598,764.01275634765625,27422300
2026-08-26,762.83568057899583,765.44918574994301,762.03767442245658,764.182373046875,28751600
2026-08-27,766.59640602572392,770.44683009575613,765.25969845073325,769.18994140625,34557100
2026-08-28,769.84833936222947,773.37954876832066,766.40687292868233,767.44427490234375,36744300
2026-08-31,765.42929902802791,766.09762235418498,762.82571786774224,765.14996337890625,38810800
2026-09-01,760.12247720318737,762.77586147636373,757.59871490099829,759.89306640625,41126300
2026-09-02,760.5614001563074,764.53152209144264,759.84315195871216,763.2646484375,29566200
2026-09-03,765.99791709853002,772.11273780793294,765.54901958284381,771.25482177734375,43531600
2026-09-04,770.09772569255676,770.95558084338347,767.09517178069245,768.2822265625,34054200
2026-09-08,767.16496479637715,767.79340911112286,763.2447069992287,764.06268310546875,44746100
2026-09-09,762.18736692576965,762.57635461172174,759.05513019208797,760.51153564453125,32812400
2026-09-10,756.15233658720626,758.22714044716611,754.7657651010062,755.95281982421875,42740400
2026-09-11,762.82571711096216,764.48163929432621,761.70849628352141,762.39678955078125,45512700
2026-09-14,757.11989130980601,761.62871436147691,756.05253448633675,758.9952392578125,43992400
2026-09-15,758.23713416572025,758.46654495962014,754.27699730838719,755.513916015625,46195000
2026-09-16,757.61870235232846,759.78331016868037,747.74320050922324,752.18218994140625,59217700
2026-09-17,761.25968488013621,761.67862748331049,758.07758414551813,760.71099853515625,49652800
2026-09-18,761.30999755859375,762,757.969970703125,761.69000244140625,65395100
2026-09-21,766.25,774.8900146484375,766.030029296875,773.5,50484700
2026-09-22,774.030029296875,775.1400146484375,772.57000732421875,773.3800048828125,34802300
2026-09-23,772.78997802734375,773.04998779296875,766.5,767.80999755859375,54931700
2026-09-24,764.07000732421875,768.95001220703125,763.25,767.17999267578125,43886300
